SKU,Item_Name,Status,Creation_Month,RSP,TGM_Pct,Category,Sub_Category,Manufacturer_Code,Manufacturer_Name,Supplier_Code,Supplier_Name,Regulatory_Code,Scientific_Name,Legal_Status,Purchase_Qty,Sales_Qty,SOH,Sales_Value,Profit_Value,Inventory_Value,Zero_Sales_Flag,Inventory_Risk_Value,Price_Range,Is_Active
SKU00001,Sample Product 00001,Active,2026-01,8.26,0.3,Medical Devices,Home Diagnostics,MFG003,Manufacturer 003,SUP003,Supplier 003,REG-197107,Generic Ingredient 037,General Sale,8,0,5,0.0,0.0,41.3,Active Zero Sales,41.3,Low < 25,1
SKU00002,Sample Product 00002,Blocked,2026-03,487.6,0.408,Personal Care,Hair Care,MFG004,Manufacturer 004,SUP027,Supplier 027,REG-906217,Generic Ingredient 139,General Sale,29,0,0,0.0,0.0,0.0,Not Zero Sales,0.0,Premium 300+,0
SKU00003,Sample Product 00003,Active,2026-03,156.93,0.142,Nutrition,Healthy Snacks,MFG004,Manufacturer 004,SUP021,Supplier 021,REG-965054,Generic Ingredient 045,Pharmacy Only,34,15,0,2353.95,334.26,0.0,Not Zero Sales,0.0,High 100-299,1
SKU00004,Sample Product 00004,Active,2026-04,61.12,0.242,General Merchandise,Accessories,MFG008,Manufacturer 008,SUP006,Supplier 006,REG-343710,Generic Ingredient 124,General Sale,96,33,16,2016.96,488.1,977.92,Not Zero Sales,0.0,Medium 25-99,1
SKU00005,Sample Product 00005,Active,2026-01,134.22,0.287,Personal Care,Hygiene,MFG020,Manufacturer 020,SUP010,Supplier 010,REG-828020,Generic Ingredient 106,General Sale,17,8,0,1073.76,308.17,0.0,Not Zero Sales,0.0,High 100-299,1
SKU00006,Sample Product 00006,Blocked,2026-05,7.59,0.22,Nutrition,Adult Nutrition,MFG009,Manufacturer 009,SUP028,Supplier 028,REG-572383,Generic Ingredient 144,General Sale,4,0,0,0.0,0.0,0.0,Not Zero Sales,0.0,Low < 25,0
SKU00007,Sample Product 00007,Active,2026-01,173.49,0.25,General Merchandise,Travel Health,MFG015,Manufacturer 015,SUP019,Supplier 019,REG-844216,Generic Ingredient 048,Pharmacy Only,68,17,5,2949.33,737.33,867.45,Not Zero Sales,0.0,High 100-299,1
SKU00008,Sample Product 00008,Active,2026-02,45.69,0.332,OTC & Wellness,Pain Relief,MFG018,Manufacturer 018,SUP022,Supplier 022,REG-335489,Generic Ingredient 062,General Sale,49,9,18,411.21,136.52,822.42,Not Zero Sales,0.0,Medium 25-99,1
SKU00009,Sample Product 00009,Active,2026-02,49.31,0.34,OTC & Wellness,Digestive Care,MFG016,Manufacturer 016,SUP005,Supplier 005,REG-372198,Generic Ingredient 030,Restricted Sale,19,6,21,295.86,100.59,1035.51,Not Zero Sales,0.0,Medium 25-99,1
SKU00010,Sample Product 00010,Active,2026-03,48.65,0.403,General Merchandise,Travel Health,MFG004,Manufacturer 004,SUP019,Supplier 019,REG-355816,Generic Ingredient 038,Pharmacy Only,51,24,20,1167.6,470.54,973.0,Not Zero Sales,0.0,Medium 25-99,1
SKU00011,Sample Product 00011,Active,2026-03,75.25,0.327,OTC & Wellness,Vitamins,MFG004,Manufacturer 004,SUP006,Supplier 006,REG-549116,Generic Ingredient 059,General Sale,65,7,10,526.75,172.25,752.5,Not Zero Sales,0.0,Medium 25-99,1
SKU00012,Sample Product 00012,Active,2026-01,184.69,0.291,Medical Devices,Mobility Aids,MFG013,Manufacturer 013,SUP011,Supplier 011,REG-911609,Generic Ingredient 022,General Sale,73,6,19,1108.14,322.47,3509.11,Not Zero Sales,0.0,High 100-299,1
SKU00013,Sample Product 00013,Active,2026-02,131.11,0.206,Medical Devices,First Aid,MFG006,Manufacturer 006,SUP026,Supplier 026,REG-995467,Generic Ingredient 020,General Sale,59,27,2,3539.97,729.23,262.22,Not Zero Sales,0.0,High 100-299,1
SKU00014,Sample Product 00014,Blocked,2026-01,86.84,0.286,Medical Devices,Home Diagnostics,MFG004,Manufacturer 004,SUP003,Supplier 003,REG-217474,Generic Ingredient 126,Pharmacy Only,41,1,0,86.84,24.84,0.0,Not Zero Sales,0.0,Medium 25-99,0
SKU00015,Sample Product 00015,Active,2026-04,280.71,0.356,Personal Care,Oral Care,MFG015,Manufacturer 015,SUP029,Supplier 029,REG-176583,Generic Ingredient 085,General Sale,266,160,70,44913.6,15989.24,19649.7,Not Zero Sales,0.0,High 100-299,1
SKU00016,Sample Product 00016,Active,2026-05,13.7,0.274,OTC & Wellness,Vitamins,MFG015,Manufacturer 015,SUP019,Supplier 019,REG-157799,Generic Ingredient 096,General Sale,192,114,32,1561.8,427.93,438.4,Not Zero Sales,0.0,Low < 25,1
SKU00017,Sample Product 00017,Active,2026-04,183.96,0.327,General Merchandise,Travel Health,MFG019,Manufacturer 019,SUP019,Supplier 019,REG-573897,Generic Ingredient 127,General Sale,64,0,35,0.0,0.0,6438.6,Active Zero Sales,6438.6,High 100-299,1
SKU00018,Sample Product 00018,Blocked,2026-05,33.97,0.351,Personal Care,Skin Care,MFG016,Manufacturer 016,SUP020,Supplier 020,REG-356813,Generic Ingredient 086,General Sale,39,1,0,33.97,11.92,0.0,Not Zero Sales,0.0,Medium 25-99,0
SKU00019,Sample Product 00019,Active,2026-03,21.21,0.405,OTC & Wellness,Cold & Allergy,MFG019,Manufacturer 019,SUP011,Supplier 011,REG-556654,Generic Ingredient 114,General Sale,72,41,16,869.61,352.19,339.36,Not Zero Sales,0.0,Low < 25,1
SKU00020,Sample Product 00020,Active,2026-04,59.29,0.203,Medical Devices,Home Diagnostics,MFG016,Manufacturer 016,SUP003,Supplier 003,REG-798175,Generic Ingredient 107,General Sale,140,103,21,6106.87,1239.69,1245.09,Not Zero Sales,0.0,Medium 25-99,1
SKU00021,Sample Product 00021,Active,2026-01,75.67,0.437,General Merchandise,Travel Health,MFG012,Manufacturer 012,SUP019,Supplier 019,REG-213047,Generic Ingredient 088,General Sale,111,85,35,6431.95,2810.76,2648.45,Not Zero Sales,0.0,Medium 25-99,1
SKU00022,Sample Product 00022,Active,2026-02,436.94,0.476,OTC & Wellness,Digestive Care,MFG019,Manufacturer 019,SUP016,Supplier 016,REG-545730,Generic Ingredient 032,Pharmacy Only,28,5,0,2184.7,1039.92,0.0,Not Zero Sales,0.0,Premium 300+,1
SKU00023,Sample Product 00023,Blocked,2026-06,66.53,0.427,Medical Devices,Home Diagnostics,MFG009,Manufacturer 009,SUP003,Supplier 003,REG-667100,Generic Ingredient 161,General Sale,37,0,0,0.0,0.0,0.0,Not Zero Sales,0.0,Medium 25-99,0
SKU00024,Sample Product 00024,Active,2026-02,18.43,0.284,OTC & Wellness,Cold & Allergy,MFG009,Manufacturer 009,SUP027,Supplier 027,REG-182554,Generic Ingredient 140,Pharmacy Only,65,20,11,368.6,104.68,202.73,Not Zero Sales,0.0,Low < 25,1
SKU00025,Sample Product 00025,Active,2026-04,299.29,0.287,Medical Devices,Mobility Aids,MFG016,Manufacturer 016,SUP011,Supplier 011,REG-442970,Generic Ingredient 053,General Sale,46,0,50,0.0,0.0,14964.5,Active Zero Sales,14964.5,High 100-299,1
SKU00026,Sample Product 00026,Active,2026-04,16.91,0.299,OTC & Wellness,Cold & Allergy,MFG010,Manufacturer 010,SUP018,Supplier 018,REG-108841,Generic Ingredient 030,Restricted Sale,5,12,3,202.92,60.67,50.73,Not Zero Sales,0.0,Low < 25,1
SKU00027,Sample Product 00027,Active,2026-02,132.07,0.397,Personal Care,Hair Care,MFG002,Manufacturer 002,SUP001,Supplier 001,REG-267663,Generic Ingredient 023,General Sale,33,34,4,4490.38,1782.68,528.28,Not Zero Sales,0.0,High 100-299,1
SKU00028,Sample Product 00028,Active,2026-04,236.76,0.31,Personal Care,Skin Care,MFG002,Manufacturer 002,SUP017,Supplier 017,REG-177915,Generic Ingredient 115,General Sale,13,11,0,2604.36,807.35,0.0,Not Zero Sales,0.0,High 100-299,1
SKU00029,Sample Product 00029,Blocked,2026-01,70.7,0.364,OTC & Wellness,Vitamins,MFG013,Manufacturer 013,SUP001,Supplier 001,REG-584485,Generic Ingredient 025,Pharmacy Only,12,0,0,0.0,0.0,0.0,Not Zero Sales,0.0,Medium 25-99,0
SKU00030,Sample Product 00030,Active,2026-06,41.07,0.366,Personal Care,Hygiene,MFG002,Manufacturer 002,SUP002,Supplier 002,REG-564364,Generic Ingredient 014,General Sale,56,9,9,369.63,135.28,369.63,Not Zero Sales,0.0,Medium 25-99,1
SKU00031,Sample Product 00031,Active,2026-02,32.32,0.459,General Merchandise,Baby Essentials,MFG005,Manufacturer 005,SUP016,Supplier 016,REG-864188,Generic Ingredient 069,General Sale,55,28,16,904.96,415.38,517.12,Not Zero Sales,0.0,Medium 25-99,1
SKU00032,Sample Product 00032,Active,2026-02,88.09,0.365,Nutrition,Adult Nutrition,MFG002,Manufacturer 002,SUP027,Supplier 027,REG-750684,Generic Ingredient 171,General Sale,229,135,45,11892.15,4340.63,3964.05,Not Zero Sales,0.0,Medium 25-99,1
SKU00033,Sample Product 00033,Active,2026-05,177.72,0.172,Medical Devices,Home Diagnostics,MFG016,Manufacturer 016,SUP003,Supplier 003,REG-852681,Generic Ingredient 018,Pharmacy Only,88,66,26,11729.52,2017.48,4620.72,Not Zero Sales,0.0,High 100-299,1
SKU00034,Sample Product 00034,Active,2026-03,25.88,0.281,Nutrition,Adult Nutrition,MFG019,Manufacturer 019,SUP028,Supplier 028,REG-686919,Generic Ingredient 062,General Sale,11,8,6,207.04,58.18,155.28,Not Zero Sales,0.0,Medium 25-99,1
SKU00035,Sample Product 00035,Active,2026-05,13.77,0.434,OTC & Wellness,Vitamins,MFG006,Manufacturer 006,SUP024,Supplier 024,REG-395268,Generic Ingredient 056,General Sale,66,0,62,0.0,0.0,853.74,Active Zero Sales,853.74,Low < 25,1
SKU00036,Sample Product 00036,Active,2026-02,69.47,0.464,General Merchandise,Travel Health,MFG003,Manufacturer 003,SUP019,Supplier 019,REG-178884,Generic Ingredient 005,General Sale,252,189,46,13129.83,6092.24,3195.62,Not Zero Sales,0.0,Medium 25-99,1
SKU00037,Sample Product 00037,Blocked,2026-03,6.02,0.351,OTC & Wellness,Vitamins,MFG004,Manufacturer 004,SUP019,Supplier 019,REG-403425,Generic Ingredient 034,General Sale,32,14,12,84.28,29.58,72.24,Not Zero Sales,0.0,Low < 25,0
SKU00038,Sample Product 00038,Active,2026-04,85.44,0.313,OTC & Wellness,Pain Relief,MFG003,Manufacturer 003,SUP018,Supplier 018,REG-229115,Generic Ingredient 004,General Sale,84,27,22,2306.88,722.05,1879.68,Not Zero Sales,0.0,Medium 25-99,1
SKU00039,Sample Product 00039,Active,2026-04,88.4,0.394,Nutrition,Adult Nutrition,MFG013,Manufacturer 013,SUP017,Supplier 017,REG-279511,Generic Ingredient 036,General Sale,248,155,70,13702.0,5398.59,6188.0,Not Zero Sales,0.0,Medium 25-99,1
SKU00040,Sample Product 00040,Active,2026-03,40.49,0.18,General Merchandise,Seasonal Care,MFG003,Manufacturer 003,SUP027,Supplier 027,REG-439471,Generic Ingredient 158,General Sale,33,6,7,242.94,43.73,283.43,Not Zero Sales,0.0,Medium 25-99,1
SKU00041,Sample Product 00041,Active,2026-01,67.09,0.291,Nutrition,Hydration,MFG019,Manufacturer 019,SUP003,Supplier 003,REG-851171,Generic Ingredient 061,General Sale,104,88,21,5903.92,1718.04,1408.89,Not Zero Sales,0.0,Medium 25-99,1
SKU00042,Sample Product 00042,Active,2026-04,23.05,0.343,Nutrition,Healthy Snacks,MFG014,Manufacturer 014,SUP029,Supplier 029,REG-713899,Generic Ingredient 089,General Sale,99,48,31,1106.4,379.5,714.55,Not Zero Sales,0.0,Low < 25,1
SKU00043,Sample Product 00043,Blocked,2026-02,63.96,0.427,OTC & Wellness,Cold & Allergy,MFG019,Manufacturer 019,SUP021,Supplier 021,REG-253904,Generic Ingredient 154,General Sale,58,9,0,575.64,245.8,0.0,Not Zero Sales,0.0,Medium 25-99,0
SKU00044,Sample Product 00044,Active,2026-04,152.75,0.157,Nutrition,Hydration,MFG006,Manufacturer 006,SUP003,Supplier 003,REG-591561,Generic Ingredient 078,General Sale,40,13,0,1985.75,311.76,0.0,Not Zero Sales,0.0,High 100-299,1
SKU00045,Sample Product 00045,Active,2026-04,15.72,0.263,General Merchandise,Accessories,MFG019,Manufacturer 019,SUP007,Supplier 007,REG-102420,Generic Ingredient 151,Pharmacy Only,246,179,67,2813.88,740.05,1053.24,Not Zero Sales,0.0,Low < 25,1
SKU00046,Sample Product 00046,Active,2026-04,70.1,0.438,Personal Care,Hair Care,MFG014,Manufacturer 014,SUP003,Supplier 003,REG-149879,Generic Ingredient 148,General Sale,36,10,1,701.0,307.04,70.1,Not Zero Sales,0.0,Medium 25-99,1
SKU00047,Sample Product 00047,Active,2026-04,45.33,0.475,OTC & Wellness,Digestive Care,MFG020,Manufacturer 020,SUP003,Supplier 003,REG-223610,Generic Ingredient 138,General Sale,76,23,30,1042.59,495.23,1359.9,Not Zero Sales,0.0,Medium 25-99,1
SKU00048,Sample Product 00048,Active,2026-03,286.57,0.349,Personal Care,Hygiene,MFG001,Manufacturer 001,SUP017,Supplier 017,REG-463694,Generic Ingredient 070,Pharmacy Only,72,41,26,11749.37,4100.53,7450.82,Not Zero Sales,0.0,High 100-299,1
SKU00049,Sample Product 00049,Active,2026-05,64.58,0.226,Nutrition,Sports Nutrition,MFG012,Manufacturer 012,SUP023,Supplier 023,REG-174091,Generic Ingredient 008,Pharmacy Only,61,21,8,1356.18,306.5,516.64,Not Zero Sales,0.0,Medium 25-99,1
SKU00050,Sample Product 00050,Active,2026-03,69.73,0.35,Personal Care,Hygiene,MFG014,Manufacturer 014,SUP024,Supplier 024,REG-217094,Generic Ingredient 085,Pharmacy Only,80,30,0,2091.9,732.17,0.0,Not Zero Sales,0.0,Medium 25-99,1
SKU00051,Sample Product 00051,Active,2026-01,24.28,0.259,Personal Care,Hygiene,MFG020,Manufacturer 020,SUP006,Supplier 006,REG-238019,Generic Ingredient 095,General Sale,82,21,15,509.88,132.06,364.2,Not Zero Sales,0.0,Low < 25,1
SKU00052,Sample Product 00052,Active,2026-02,290.1,0.257,OTC & Wellness,Pain Relief,MFG006,Manufacturer 006,SUP016,Supplier 016,REG-643123,Generic Ingredient 160,General Sale,73,37,12,10733.7,2758.56,3481.2,Not Zero Sales,0.0,High 100-299,1
SKU00053,Sample Product 00053,Blocked,2026-03,19.57,0.409,OTC & Wellness,Pain Relief,MFG017,Manufacturer 017,SUP030,Supplier 030,REG-965950,Generic Ingredient 049,General Sale,0,0,0,0.0,0.0,0.0,Not Zero Sales,0.0,Low < 25,0
SKU00054,Sample Product 00054,Active,2026-01,249.54,0.332,General Merchandise,Seasonal Care,MFG015,Manufacturer 015,SUP024,Supplier 024,REG-201982,Generic Ingredient 080,General Sale,33,20,14,4990.8,1656.95,3493.56,Not Zero Sales,0.0,High 100-299,1
SKU00055,Sample Product 00055,Active,2026-06,109.55,0.354,Medical Devices,First Aid,MFG015,Manufacturer 015,SUP013,Supplier 013,REG-837056,Generic Ingredient 018,Pharmacy Only,62,48,0,5258.4,1861.47,0.0,Not Zero Sales,0.0,High 100-299,1
SKU00056,Sample Product 00056,Active,2026-02,169.21,0.448,General Merchandise,Travel Health,MFG004,Manufacturer 004,SUP019,Supplier 019,REG-995294,Generic Ingredient 116,General Sale,92,65,32,10998.65,4927.4,5414.72,Not Zero Sales,0.0,High 100-299,1
SKU00057,Sample Product 00057,Blocked,2026-03,255.82,0.343,Nutrition,Healthy Snacks,MFG020,Manufacturer 020,SUP009,Supplier 009,REG-348865,Generic Ingredient 039,General Sale,13,0,0,0.0,0.0,0.0,Not Zero Sales,0.0,High 100-299,0
SKU00058,Sample Product 00058,Active,2026-01,277.68,0.403,Personal Care,Oral Care,MFG020,Manufacturer 020,SUP012,Supplier 012,REG-725486,Generic Ingredient 116,Pharmacy Only,13,15,0,4165.2,1678.58,0.0,Not Zero Sales,0.0,High 100-299,1
SKU00059,Sample Product 00059,Blocked,2026-02,299.26,0.288,OTC & Wellness,Digestive Care,MFG005,Manufacturer 005,SUP021,Supplier 021,REG-235171,Generic Ingredient 089,General Sale,43,0,0,0.0,0.0,0.0,Not Zero Sales,0.0,High 100-299,0
SKU00060,Sample Product 00060,Active,2026-04,50.96,0.249,Medical Devices,Home Diagnostics,MFG019,Manufacturer 019,SUP003,Supplier 003,REG-959450,Generic Ingredient 173,Pharmacy Only,82,37,20,1885.52,469.49,1019.2,Not Zero Sales,0.0,Medium 25-99,1
SKU00061,Sample Product 00061,Blocked,2026-05,11.71,0.255,General Merchandise,Baby Essentials,MFG013,Manufacturer 013,SUP011,Supplier 011,REG-853364,Generic Ingredient 152,General Sale,11,0,0,0.0,0.0,0.0,Not Zero Sales,0.0,Low < 25,0
SKU00062,Sample Product 00062,Active,2026-06,17.79,0.385,Personal Care,Oral Care,MFG019,Manufacturer 019,SUP004,Supplier 004,REG-300029,Generic Ingredient 030,General Sale,75,28,17,498.12,191.78,302.43,Not Zero Sales,0.0,Low < 25,1
SKU00063,Sample Product 00063,Active,2026-04,89.96,0.263,OTC & Wellness,Digestive Care,MFG015,Manufacturer 015,SUP012,Supplier 012,REG-502237,Generic Ingredient 025,General Sale,44,11,0,989.56,260.25,0.0,Not Zero Sales,0.0,Medium 25-99,1
SKU00064,Sample Product 00064,Active,2026-01,41.99,0.311,Nutrition,Hydration,MFG006,Manufacturer 006,SUP008,Supplier 008,REG-720418,Generic Ingredient 063,General Sale,83,40,23,1679.6,522.36,965.77,Not Zero Sales,0.0,Medium 25-99,1
SKU00065,Sample Product 00065,Active,2026-01,15.0,0.293,General Merchandise,Accessories,MFG006,Manufacturer 006,SUP019,Supplier 019,REG-983832,Generic Ingredient 047,Pharmacy Only,84,35,0,525.0,153.83,0.0,Not Zero Sales,0.0,Low < 25,1
SKU00066,Sample Product 00066,Active,2026-03,111.25,0.383,General Merchandise,Travel Health,MFG009,Manufacturer 009,SUP019,Supplier 019,REG-861785,Generic Ingredient 051,General Sale,23,17,3,1891.25,724.35,333.75,Not Zero Sales,0.0,High 100-299,1
SKU00067,Sample Product 00067,Active,2026-06,76.63,0.295,OTC & Wellness,Pain Relief,MFG018,Manufacturer 018,SUP002,Supplier 002,REG-534525,Generic Ingredient 001,General Sale,54,16,0,1226.08,361.69,0.0,Not Zero Sales,0.0,Medium 25-99,1
SKU00068,Sample Product 00068,Active,2026-03,185.31,0.248,OTC & Wellness,Digestive Care,MFG014,Manufacturer 014,SUP006,Supplier 006,REG-452661,Generic Ingredient 024,General Sale,93,51,18,9450.81,2343.8,3335.58,Not Zero Sales,0.0,High 100-299,1
SKU00069,Sample Product 00069,Active,2026-05,32.64,0.299,General Merchandise,Baby Essentials,MFG009,Manufacturer 009,SUP013,Supplier 013,REG-246889,Generic Ingredient 054,General Sale,57,15,12,489.6,146.39,391.68,Not Zero Sales,0.0,Medium 25-99,1
SKU00070,Sample Product 00070,Active,2026-05,89.79,0.302,Medical Devices,Mobility Aids,MFG011,Manufacturer 011,SUP011,Supplier 011,REG-414765,Generic Ingredient 071,General Sale,178,118,42,10595.22,3199.76,3771.18,Not Zero Sales,0.0,Medium 25-99,1
SKU00071,Sample Product 00071,Active,2026-01,77.91,0.362,Personal Care,Hair Care,MFG007,Manufacturer 007,SUP010,Supplier 010,REG-418170,Generic Ingredient 008,General Sale,61,11,27,857.01,310.24,2103.57,Not Zero Sales,0.0,Medium 25-99,1
SKU00072,Sample Product 00072,Active,2026-05,52.31,0.484,Nutrition,Sports Nutrition,MFG003,Manufacturer 003,SUP027,Supplier 027,REG-685177,Generic Ingredient 164,General Sale,65,31,8,1621.61,784.86,418.48,Not Zero Sales,0.0,Medium 25-99,1
SKU00073,Sample Product 00073,Active,2026-06,9.63,0.473,Personal Care,Hair Care,MFG017,Manufacturer 017,SUP021,Supplier 021,REG-167839,Generic Ingredient 090,Pharmacy Only,82,19,14,182.97,86.54,134.82,Not Zero Sales,0.0,Low < 25,1
SKU00074,Sample Product 00074,Active,2026-02,295.2,0.357,Medical Devices,Monitoring Supplies,MFG012,Manufacturer 012,SUP002,Supplier 002,REG-624770,Generic Ingredient 021,Pharmacy Only,29,17,4,5018.4,1791.57,1180.8,Not Zero Sales,0.0,High 100-299,1
SKU00075,Sample Product 00075,Blocked,2026-03,4.29,0.341,Nutrition,Hydration,MFG018,Manufacturer 018,SUP025,Supplier 025,REG-990217,Generic Ingredient 164,General Sale,4,0,0,0.0,0.0,0.0,Not Zero Sales,0.0,Low < 25,0
SKU00076,Sample Product 00076,Active,2026-03,127.22,0.29,Nutrition,Healthy Snacks,MFG013,Manufacturer 013,SUP007,Supplier 007,REG-765961,Generic Ingredient 126,General Sale,28,14,0,1781.08,516.51,0.0,Not Zero Sales,0.0,High 100-299,1
SKU00077,Sample Product 00077,Active,2026-01,60.48,0.43,Personal Care,Oral Care,MFG003,Manufacturer 003,SUP012,Supplier 012,REG-433926,Generic Ingredient 037,General Sale,65,37,0,2237.76,962.24,0.0,Not Zero Sales,0.0,Medium 25-99,1
SKU00078,Sample Product 00078,Blocked,2026-04,10.68,0.414,Personal Care,Hair Care,MFG004,Manufacturer 004,SUP017,Supplier 017,REG-195967,Generic Ingredient 033,Pharmacy Only,41,0,0,0.0,0.0,0.0,Not Zero Sales,0.0,Low < 25,0
SKU00079,Sample Product 00079,Blocked,2026-01,70.07,0.265,Nutrition,Hydration,MFG017,Manufacturer 017,SUP008,Supplier 008,REG-985779,Generic Ingredient 159,General Sale,16,0,3,0.0,0.0,210.21,Not Zero Sales,0.0,Medium 25-99,0
SKU00080,Sample Product 00080,Active,2026-01,22.07,0.481,General Merchandise,Accessories,MFG006,Manufacturer 006,SUP013,Supplier 013,REG-327151,Generic Ingredient 058,General Sale,54,0,61,0.0,0.0,1346.27,Active Zero Sales,1346.27,Low < 25,1
SKU00081,Sample Product 00081,Active,2026-01,44.88,0.386,Nutrition,Adult Nutrition,MFG001,Manufacturer 001,SUP021,Supplier 021,REG-852761,Generic Ingredient 020,General Sale,158,110,47,4936.8,1905.6,2109.36,Not Zero Sales,0.0,Medium 25-99,1
SKU00082,Sample Product 00082,Active,2026-04,16.02,0.403,Medical Devices,Home Diagnostics,MFG003,Manufacturer 003,SUP003,Supplier 003,REG-846906,Generic Ingredient 130,Pharmacy Only,108,49,19,784.98,316.35,304.38,Not Zero Sales,0.0,Low < 25,1
SKU00083,Sample Product 00083,Active,2026-01,38.72,0.348,Medical Devices,First Aid,MFG013,Manufacturer 013,SUP023,Supplier 023,REG-283991,Generic Ingredient 051,General Sale,69,20,15,774.4,269.49,580.8,Not Zero Sales,0.0,Medium 25-99,1
SKU00084,Sample Product 00084,Active,2026-01,62.11,0.366,Personal Care,Skin Care,MFG006,Manufacturer 006,SUP005,Supplier 005,REG-264915,Generic Ingredient 011,General Sale,64,50,12,3105.5,1136.61,745.32,Not Zero Sales,0.0,Medium 25-99,1
SKU00085,Sample Product 00085,Blocked,2026-06,15.74,0.087,Medical Devices,Home Diagnostics,MFG019,Manufacturer 019,SUP003,Supplier 003,REG-539589,Generic Ingredient 156,General Sale,33,0,0,0.0,0.0,0.0,Not Zero Sales,0.0,Low < 25,0
SKU00086,Sample Product 00086,Active,2026-06,24.16,0.318,General Merchandise,Travel Health,MFG020,Manufacturer 020,SUP019,Supplier 019,REG-505616,Generic Ingredient 012,General Sale,49,16,10,386.56,122.93,241.6,Not Zero Sales,0.0,Low < 25,1
SKU00087,Sample Product 00087,Active,2026-05,292.86,0.311,Medical Devices,First Aid,MFG018,Manufacturer 018,SUP004,Supplier 004,REG-657113,Generic Ingredient 155,General Sale,91,34,14,9957.24,3096.7,4100.04,Not Zero Sales,0.0,High 100-299,1
SKU00088,Sample Product 00088,Active,2026-02,58.86,0.404,Personal Care,Hygiene,MFG001,Manufacturer 001,SUP029,Supplier 029,REG-153780,Generic Ingredient 167,General Sale,91,61,26,3590.46,1450.55,1530.36,Not Zero Sales,0.0,Medium 25-99,1
SKU00089,Sample Product 00089,Blocked,2026-06,16.13,0.387,General Merchandise,Accessories,MFG005,Manufacturer 005,SUP016,Supplier 016,REG-739218,Generic Ingredient 167,Pharmacy Only,10,0,0,0.0,0.0,0.0,Not Zero Sales,0.0,Low < 25,0
SKU00090,Sample Product 00090,Active,2026-06,46.06,0.312,General Merchandise,Baby Essentials,MFG017,Manufacturer 017,SUP013,Supplier 013,REG-186386,Generic Ingredient 065,Pharmacy Only,33,26,0,1197.56,373.64,0.0,Not Zero Sales,0.0,Medium 25-99,1
SKU00091,Sample Product 00091,Blocked,2026-03,74.5,0.225,OTC & Wellness,Cold & Allergy,MFG019,Manufacturer 019,SUP011,Supplier 011,REG-278007,Generic Ingredient 170,General Sale,23,0,0,0.0,0.0,0.0,Not Zero Sales,0.0,Medium 25-99,0
SKU00092,Sample Product 00092,Active,2026-02,22.65,0.196,OTC & Wellness,Vitamins,MFG007,Manufacturer 007,SUP009,Supplier 009,REG-320202,Generic Ingredient 173,General Sale,122,67,25,1517.55,297.44,566.25,Not Zero Sales,0.0,Low < 25,1
SKU00093,Sample Product 00093,Active,2026-02,9.03,0.393,OTC & Wellness,Digestive Care,MFG017,Manufacturer 017,SUP019,Supplier 019,REG-302616,Generic Ingredient 108,General Sale,35,27,2,243.81,95.82,18.06,Not Zero Sales,0.0,Low < 25,1
SKU00094,Sample Product 00094,Active,2026-05,39.18,0.274,Medical Devices,First Aid,MFG008,Manufacturer 008,SUP012,Supplier 012,REG-942776,Generic Ingredient 015,Pharmacy Only,75,23,23,901.14,246.91,901.14,Not Zero Sales,0.0,Medium 25-99,1
SKU00095,Sample Product 00095,Active,2026-01,17.47,0.279,General Merchandise,Travel Health,MFG005,Manufacturer 005,SUP019,Supplier 019,REG-290635,Generic Ingredient 117,General Sale,24,5,0,87.35,24.37,0.0,Not Zero Sales,0.0,Low < 25,1
SKU00096,Sample Product 00096,Active,2026-03,72.54,0.277,OTC & Wellness,Vitamins,MFG004,Manufacturer 004,SUP003,Supplier 003,REG-869446,Generic Ingredient 170,Pharmacy Only,47,0,15,0.0,0.0,1088.1,Active Zero Sales,1088.1,Medium 25-99,1
SKU00097,Sample Product 00097,Active,2026-01,10.62,0.453,Personal Care,Skin Care,MFG020,Manufacturer 020,SUP016,Supplier 016,REG-423821,Generic Ingredient 112,General Sale,75,18,14,191.16,86.6,148.68,Not Zero Sales,0.0,Low < 25,1
SKU00098,Sample Product 00098,Active,2026-01,14.14,0.351,Personal Care,Skin Care,MFG010,Manufacturer 010,SUP001,Supplier 001,REG-917837,Generic Ingredient 006,General Sale,67,22,6,311.08,109.19,84.84,Not Zero Sales,0.0,Low < 25,1
SKU00099,Sample Product 00099,Active,2026-01,18.79,0.364,Medical Devices,Monitoring Supplies,MFG003,Manufacturer 003,SUP012,Supplier 012,REG-819580,Generic Ingredient 048,General Sale,110,49,14,920.71,335.14,263.06,Not Zero Sales,0.0,Low < 25,1
SKU00100,Sample Product 00100,Active,2026-02,29.89,0.342,OTC & Wellness,Digestive Care,MFG004,Manufacturer 004,SUP026,Supplier 026,REG-223038,Generic Ingredient 173,General Sale,13,12,2,358.68,122.67,59.78,Not Zero Sales,0.0,Medium 25-99,1
SKU00101,Sample Product 00101,Blocked,2026-03,218.46,0.246,Medical Devices,Monitoring Supplies,MFG013,Manufacturer 013,SUP010,Supplier 010,REG-410168,Generic Ingredient 026,General Sale,27,0,0,0.0,0.0,0.0,Not Zero Sales,0.0,High 100-299,0
SKU00102,Sample Product 00102,Blocked,2026-05,33.11,0.264,Nutrition,Healthy Snacks,MFG009,Manufacturer 009,SUP006,Supplier 006,REG-298431,Generic Ingredient 074,General Sale,22,0,0,0.0,0.0,0.0,Not Zero Sales,0.0,Medium 25-99,0
SKU00103,Sample Product 00103,Blocked,2026-02,131.21,0.396,OTC & Wellness,Vitamins,MFG017,Manufacturer 017,SUP019,Supplier 019,REG-363475,Generic Ingredient 170,Pharmacy Only,31,0,0,0.0,0.0,0.0,Not Zero Sales,0.0,High 100-299,0
SKU00104,Sample Product 00104,Active,2026-05,239.92,0.351,Nutrition,Adult Nutrition,MFG010,Manufacturer 010,SUP001,Supplier 001,REG-930571,Generic Ingredient 054,General Sale,42,9,23,2159.28,757.91,5518.16,Not Zero Sales,0.0,High 100-299,1
SKU00105,Sample Product 00105,Active,2026-03,34.77,0.32,Nutrition,Hydration,MFG007,Manufacturer 007,SUP018,Supplier 018,REG-393849,Generic Ingredient 119,General Sale,136,95,41,3303.15,1057.01,1425.57,Not Zero Sales,0.0,Medium 25-99,1
SKU00106,Sample Product 00106,Active,2026-03,36.38,0.376,Personal Care,Skin Care,MFG009,Manufacturer 009,SUP011,Supplier 011,REG-110413,Generic Ingredient 111,General Sale,59,28,5,1018.64,383.01,181.9,Not Zero Sales,0.0,Medium 25-99,1
SKU00107,Sample Product 00107,Active,2026-01,48.14,0.514,Personal Care,Hygiene,MFG006,Manufacturer 006,SUP016,Supplier 016,REG-315942,Generic Ingredient 179,General Sale,164,111,31,5343.54,2746.58,1492.34,Not Zero Sales,0.0,Medium 25-99,1
SKU00108,Sample Product 00108,Active,2026-01,171.57,0.311,Nutrition,Healthy Snacks,MFG020,Manufacturer 020,SUP002,Supplier 002,REG-477618,Generic Ingredient 131,General Sale,48,0,7,0.0,0.0,1200.99,Active Zero Sales,1200.99,High 100-299,1
SKU00109,Sample Product 00109,Active,2026-06,13.16,0.457,OTC & Wellness,Vitamins,MFG004,Manufacturer 004,SUP028,Supplier 028,REG-212392,Generic Ingredient 128,General Sale,58,46,4,605.36,276.65,52.64,Not Zero Sales,0.0,Low < 25,1
SKU00110,Sample Product 00110,Blocked,2026-04,76.84,0.234,Medical Devices,Home Diagnostics,MFG019,Manufacturer 019,SUP003,Supplier 003,REG-150866,Generic Ingredient 042,General Sale,24,17,0,1306.28,305.67,0.0,Not Zero Sales,0.0,Medium 25-99,0
SKU00111,Sample Product 00111,Active,2026-01,85.31,0.183,General Merchandise,Accessories,MFG010,Manufacturer 010,SUP018,Supplier 018,REG-237803,Generic Ingredient 068,Pharmacy Only,59,26,0,2218.06,405.9,0.0,Not Zero Sales,0.0,Medium 25-99,1
SKU00112,Sample Product 00112,Active,2026-05,15.11,0.299,Personal Care,Hygiene,MFG017,Manufacturer 017,SUP009,Supplier 009,REG-454567,Generic Ingredient 087,General Sale,55,8,23,120.88,36.14,347.53,Not Zero Sales,0.0,Low < 25,1
SKU00113,Sample Product 00113,Active,2026-01,17.27,0.406,OTC & Wellness,Vitamins,MFG012,Manufacturer 012,SUP017,Supplier 017,REG-622602,Generic Ingredient 038,General Sale,25,35,0,604.45,245.41,0.0,Not Zero Sales,0.0,Low < 25,1
SKU00114,Sample Product 00114,Active,2026-02,24.54,0.347,Personal Care,Oral Care,MFG020,Manufacturer 020,SUP010,Supplier 010,REG-304033,Generic Ingredient 125,General Sale,121,79,7,1938.66,672.72,171.78,Not Zero Sales,0.0,Low < 25,1
SKU00115,Sample Product 00115,Active,2026-03,13.28,0.235,General Merchandise,Accessories,MFG013,Manufacturer 013,SUP011,Supplier 011,REG-481984,Generic Ingredient 084,General Sale,96,21,50,278.88,65.54,664.0,Not Zero Sales,0.0,Low < 25,1
SKU00116,Sample Product 00116,Blocked,2026-03,219.45,0.282,Medical Devices,First Aid,MFG002,Manufacturer 002,SUP020,Supplier 020,REG-344851,Generic Ingredient 165,General Sale,49,25,0,5486.25,1547.12,0.0,Not Zero Sales,0.0,High 100-299,0
SKU00117,Sample Product 00117,Active,2026-05,88.88,0.389,Nutrition,Healthy Snacks,MFG012,Manufacturer 012,SUP013,Supplier 013,REG-266031,Generic Ingredient 135,Restricted Sale,63,25,11,2222.0,864.36,977.68,Not Zero Sales,0.0,Medium 25-99,1
SKU00118,Sample Product 00118,Active,2026-02,16.49,0.33,Nutrition,Healthy Snacks,MFG015,Manufacturer 015,SUP025,Supplier 025,REG-848021,Generic Ingredient 145,General Sale,137,92,34,1517.08,500.64,560.66,Not Zero Sales,0.0,Low < 25,1
SKU00119,Sample Product 00119,Active,2026-01,17.48,0.228,OTC & Wellness,Digestive Care,MFG016,Manufacturer 016,SUP027,Supplier 027,REG-203929,Generic Ingredient 053,General Sale,108,54,20,943.92,215.21,349.6,Not Zero Sales,0.0,Low < 25,1
SKU00120,Sample Product 00120,Blocked,2026-06,27.39,0.401,Personal Care,Skin Care,MFG016,Manufacturer 016,SUP027,Supplier 027,REG-824814,Generic Ingredient 165,General Sale,60,12,0,328.68,131.8,0.0,Not Zero Sales,0.0,Medium 25-99,0
SKU00121,Sample Product 00121,Active,2026-02,42.18,0.393,General Merchandise,Travel Health,MFG013,Manufacturer 013,SUP019,Supplier 019,REG-878749,Generic Ingredient 019,Pharmacy Only,111,62,23,2615.16,1027.76,970.14,Not Zero Sales,0.0,Medium 25-99,1
SKU00122,Sample Product 00122,Active,2026-06,86.03,0.309,OTC & Wellness,Cold & Allergy,MFG020,Manufacturer 020,SUP016,Supplier 016,REG-390069,Generic Ingredient 164,General Sale,66,20,4,1720.6,531.67,344.12,Not Zero Sales,0.0,Medium 25-99,1
SKU00123,Sample Product 00123,Active,2026-02,81.12,0.232,Medical Devices,Monitoring Supplies,MFG001,Manufacturer 001,SUP002,Supplier 002,REG-356526,Generic Ingredient 004,General Sale,48,34,13,2758.08,639.87,1054.56,Not Zero Sales,0.0,Medium 25-99,1
SKU00124,Sample Product 00124,Active,2026-02,116.49,0.283,OTC & Wellness,Cold & Allergy,MFG020,Manufacturer 020,SUP015,Supplier 015,REG-430493,Generic Ingredient 083,Pharmacy Only,64,40,22,4659.6,1318.67,2562.78,Not Zero Sales,0.0,High 100-299,1
SKU00125,Sample Product 00125,Active,2026-05,203.4,0.159,Medical Devices,First Aid,MFG004,Manufacturer 004,SUP009,Supplier 009,REG-423159,Generic Ingredient 014,General Sale,45,11,23,2237.4,355.75,4678.2,Not Zero Sales,0.0,High 100-299,1
SKU00126,Sample Product 00126,Active,2026-05,37.79,0.303,Nutrition,Sports Nutrition,MFG005,Manufacturer 005,SUP012,Supplier 012,REG-958964,Generic Ingredient 148,General Sale,55,13,0,491.27,148.85,0.0,Not Zero Sales,0.0,Medium 25-99,1
SKU00127,Sample Product 00127,Active,2026-02,17.94,0.36,General Merchandise,Travel Health,MFG007,Manufacturer 007,SUP019,Supplier 019,REG-990241,Generic Ingredient 102,Pharmacy Only,71,0,39,0.0,0.0,699.66,Active Zero Sales,699.66,Low < 25,1
SKU00128,Sample Product 00128,Active,2026-03,69.42,0.369,OTC & Wellness,Digestive Care,MFG001,Manufacturer 001,SUP020,Supplier 020,REG-489499,Generic Ingredient 163,General Sale,50,17,5,1180.14,435.47,347.1,Not Zero Sales,0.0,Medium 25-99,1
SKU00129,Sample Product 00129,Blocked,2026-01,41.62,0.349,OTC & Wellness,Cold & Allergy,MFG016,Manufacturer 016,SUP013,Supplier 013,REG-437854,Generic Ingredient 057,Pharmacy Only,58,8,0,332.96,116.2,0.0,Not Zero Sales,0.0,Medium 25-99,0
SKU00130,Sample Product 00130,Active,2026-03,41.56,0.311,Nutrition,Healthy Snacks,MFG016,Manufacturer 016,SUP010,Supplier 010,REG-743846,Generic Ingredient 176,General Sale,21,9,16,374.04,116.33,664.96,Not Zero Sales,0.0,Medium 25-99,1
SKU00131,Sample Product 00131,Active,2026-04,53.62,0.358,Personal Care,Hair Care,MFG005,Manufacturer 005,SUP021,Supplier 021,REG-975129,Generic Ingredient 047,Pharmacy Only,29,11,11,589.82,211.16,589.82,Not Zero Sales,0.0,Medium 25-99,1
SKU00132,Sample Product 00132,Active,2026-03,34.17,0.231,Nutrition,Hydration,MFG018,Manufacturer 018,SUP026,Supplier 026,REG-945715,Generic Ingredient 060,General Sale,121,81,10,2767.77,639.35,341.7,Not Zero Sales,0.0,Medium 25-99,1
SKU00133,Sample Product 00133,Blocked,2026-06,84.73,0.46,Personal Care,Hair Care,MFG006,Manufacturer 006,SUP017,Supplier 017,REG-642409,Generic Ingredient 070,General Sale,22,20,0,1694.6,779.52,0.0,Not Zero Sales,0.0,Medium 25-99,0
SKU00134,Sample Product 00134,Active,2026-03,66.55,0.295,Medical Devices,Monitoring Supplies,MFG007,Manufacturer 007,SUP028,Supplier 028,REG-131019,Generic Ingredient 037,General Sale,57,44,11,2928.2,863.82,732.05,Not Zero Sales,0.0,Medium 25-99,1
SKU00135,Sample Product 00135,Active,2026-06,17.72,0.272,OTC & Wellness,Vitamins,MFG009,Manufacturer 009,SUP026,Supplier 026,REG-389268,Generic Ingredient 111,General Sale,66,0,25,0.0,0.0,443.0,Active Zero Sales,443.0,Low < 25,1
SKU00136,Sample Product 00136,Active,2026-06,65.46,0.304,General Merchandise,Seasonal Care,MFG011,Manufacturer 011,SUP023,Supplier 023,REG-283641,Generic Ingredient 114,General Sale,92,64,31,4189.44,1273.59,2029.26,Not Zero Sales,0.0,Medium 25-99,1
SKU00137,Sample Product 00137,Active,2026-06,13.49,0.33,OTC & Wellness,Pain Relief,MFG011,Manufacturer 011,SUP027,Supplier 027,REG-119045,Generic Ingredient 077,General Sale,101,47,8,634.03,209.23,107.92,Not Zero Sales,0.0,Low < 25,1
SKU00138,Sample Product 00138,Active,2026-06,81.23,0.283,OTC & Wellness,Digestive Care,MFG001,Manufacturer 001,SUP009,Supplier 009,REG-827062,Generic Ingredient 046,General Sale,17,19,8,1543.37,436.77,649.84,Not Zero Sales,0.0,Medium 25-99,1
SKU00139,Sample Product 00139,Active,2026-01,283.14,0.495,Personal Care,Hygiene,MFG004,Manufacturer 004,SUP023,Supplier 023,REG-534797,Generic Ingredient 058,Pharmacy Only,37,9,8,2548.26,1261.39,2265.12,Not Zero Sales,0.0,High 100-299,1
SKU00140,Sample Product 00140,Active,2026-01,29.71,0.202,Medical Devices,Mobility Aids,MFG003,Manufacturer 003,SUP011,Supplier 011,REG-459185,Generic Ingredient 171,General Sale,67,32,27,950.72,192.05,802.17,Not Zero Sales,0.0,Medium 25-99,1
SKU00141,Sample Product 00141,Active,2026-03,5.22,0.263,Medical Devices,Home Diagnostics,MFG018,Manufacturer 018,SUP003,Supplier 003,REG-489314,Generic Ingredient 178,General Sale,60,12,11,62.64,16.47,57.42,Not Zero Sales,0.0,Low < 25,1
SKU00142,Sample Product 00142,Active,2026-06,33.82,0.352,General Merchandise,Baby Essentials,MFG010,Manufacturer 010,SUP001,Supplier 001,REG-526155,Generic Ingredient 169,General Sale,26,11,0,372.02,130.95,0.0,Not Zero Sales,0.0,Medium 25-99,1
SKU00143,Sample Product 00143,Active,2026-03,113.12,0.465,Personal Care,Skin Care,MFG007,Manufacturer 007,SUP011,Supplier 011,REG-570847,Generic Ingredient 118,General Sale,53,41,18,4637.92,2156.63,2036.16,Not Zero Sales,0.0,High 100-299,1
SKU00144,Sample Product 00144,Active,2026-06,8.3,0.306,Nutrition,Sports Nutrition,MFG016,Manufacturer 016,SUP018,Supplier 018,REG-108116,Generic Ingredient 076,General Sale,55,19,19,157.7,48.26,157.7,Not Zero Sales,0.0,Low < 25,1
SKU00145,Sample Product 00145,Active,2026-06,529.48,0.373,Medical Devices,Home Diagnostics,MFG002,Manufacturer 002,SUP003,Supplier 003,REG-369958,Generic Ingredient 053,Pharmacy Only,30,0,38,0.0,0.0,20120.24,Active Zero Sales,20120.24,Premium 300+,1
SKU00146,Sample Product 00146,Active,2026-04,18.16,0.37,Personal Care,Skin Care,MFG018,Manufacturer 018,SUP010,Supplier 010,REG-557820,Generic Ingredient 017,Pharmacy Only,303,184,79,3341.44,1236.33,1434.64,Not Zero Sales,0.0,Low < 25,1
SKU00147,Sample Product 00147,Active,2026-06,160.8,0.446,OTC & Wellness,Digestive Care,MFG009,Manufacturer 009,SUP009,Supplier 009,REG-319818,Generic Ingredient 020,General Sale,72,17,20,2733.6,1219.19,3216.0,Not Zero Sales,0.0,High 100-299,1
SKU00148,Sample Product 00148,Active,2026-04,323.43,0.256,Medical Devices,Monitoring Supplies,MFG003,Manufacturer 003,SUP003,Supplier 003,REG-415425,Generic Ingredient 018,Pharmacy Only,97,68,6,21993.24,5630.27,1940.58,Not Zero Sales,0.0,Premium 300+,1
SKU00149,Sample Product 00149,Active,2026-02,56.86,0.37,Nutrition,Healthy Snacks,MFG016,Manufacturer 016,SUP006,Supplier 006,REG-143336,Generic Ingredient 021,General Sale,88,19,19,1080.34,399.73,1080.34,Not Zero Sales,0.0,Medium 25-99,1
SKU00150,Sample Product 00150,Active,2026-01,90.71,0.275,Nutrition,Hydration,MFG004,Manufacturer 004,SUP014,Supplier 014,REG-816981,Generic Ingredient 180,General Sale,11,4,16,362.84,99.78,1451.36,Not Zero Sales,0.0,Medium 25-99,1
SKU00151,Sample Product 00151,Active,2026-05,52.65,0.398,Personal Care,Skin Care,MFG011,Manufacturer 011,SUP026,Supplier 026,REG-132161,Generic Ingredient 074,General Sale,90,0,58,0.0,0.0,3053.7,Active Zero Sales,3053.7,Medium 25-99,1
SKU00152,Sample Product 00152,Active,2026-06,42.52,0.463,Personal Care,Hair Care,MFG010,Manufacturer 010,SUP018,Supplier 018,REG-446507,Generic Ingredient 100,General Sale,29,10,14,425.2,196.87,595.28,Not Zero Sales,0.0,Medium 25-99,1
SKU00153,Sample Product 00153,Active,2026-01,61.03,0.171,OTC & Wellness,Cold & Allergy,MFG004,Manufacturer 004,SUP016,Supplier 016,REG-510400,Generic Ingredient 173,General Sale,51,20,1,1220.6,208.72,61.03,Not Zero Sales,0.0,Medium 25-99,1
SKU00154,Sample Product 00154,Active,2026-06,29.68,0.281,OTC & Wellness,Vitamins,MFG014,Manufacturer 014,SUP018,Supplier 018,REG-732022,Generic Ingredient 010,General Sale,71,0,50,0.0,0.0,1484.0,Active Zero Sales,1484.0,Medium 25-99,1
SKU00155,Sample Product 00155,Active,2026-04,298.44,0.371,OTC & Wellness,Digestive Care,MFG006,Manufacturer 006,SUP012,Supplier 012,REG-695578,Generic Ingredient 100,Pharmacy Only,90,45,13,13429.8,4982.46,3879.72,Not Zero Sales,0.0,High 100-299,1
SKU00156,Sample Product 00156,Active,2026-03,4.5,0.368,Personal Care,Oral Care,MFG004,Manufacturer 004,SUP012,Supplier 012,REG-214376,Generic Ingredient 127,Pharmacy Only,103,57,12,256.5,94.39,54.0,Not Zero Sales,0.0,Low < 25,1
SKU00157,Sample Product 00157,Blocked,2026-03,248.47,0.218,Nutrition,Healthy Snacks,MFG016,Manufacturer 016,SUP008,Supplier 008,REG-884528,Generic Ingredient 101,General Sale,0,0,0,0.0,0.0,0.0,Not Zero Sales,0.0,High 100-299,0
SKU00158,Sample Product 00158,Active,2026-06,49.4,0.188,OTC & Wellness,Pain Relief,MFG013,Manufacturer 013,SUP028,Supplier 028,REG-404498,Generic Ingredient 144,General Sale,64,21,0,1037.4,195.03,0.0,Not Zero Sales,0.0,Medium 25-99,1
SKU00159,Sample Product 00159,Active,2026-03,262.97,0.327,Medical Devices,Monitoring Supplies,MFG018,Manufacturer 018,SUP008,Supplier 008,REG-167080,Generic Ingredient 167,General Sale,38,24,0,6311.28,2063.79,0.0,Not Zero Sales,0.0,High 100-299,1
SKU00160,Sample Product 00160,Active,2026-02,9.49,0.365,Medical Devices,Mobility Aids,MFG020,Manufacturer 020,SUP011,Supplier 011,REG-753729,Generic Ingredient 153,Pharmacy Only,38,0,43,0.0,0.0,408.07,Active Zero Sales,408.07,Low < 25,1
SKU00161,Sample Product 00161,Active,2026-03,140.57,0.245,Medical Devices,Mobility Aids,MFG014,Manufacturer 014,SUP011,Supplier 011,REG-348412,Generic Ingredient 049,General Sale,87,0,64,0.0,0.0,8996.48,Active Zero Sales,8996.48,High 100-299,1
SKU00162,Sample Product 00162,Active,2026-04,500.42,0.155,Nutrition,Sports Nutrition,MFG006,Manufacturer 006,SUP016,Supplier 016,REG-314430,Generic Ingredient 136,General Sale,55,30,0,15012.6,2326.95,0.0,Not Zero Sales,0.0,Premium 300+,1
SKU00163,Sample Product 00163,Blocked,2026-06,38.44,0.431,Nutrition,Adult Nutrition,MFG020,Manufacturer 020,SUP015,Supplier 015,REG-812731,Generic Ingredient 005,Pharmacy Only,0,0,0,0.0,0.0,0.0,Not Zero Sales,0.0,Medium 25-99,0
SKU00164,Sample Product 00164,Blocked,2026-05,25.2,0.329,General Merchandise,Seasonal Care,MFG014,Manufacturer 014,SUP016,Supplier 016,REG-380733,Generic Ingredient 031,Pharmacy Only,46,0,0,0.0,0.0,0.0,Not Zero Sales,0.0,Medium 25-99,0
SKU00165,Sample Product 00165,Active,2026-06,12.45,0.32,Medical Devices,Monitoring Supplies,MFG016,Manufacturer 016,SUP005,Supplier 005,REG-464976,Generic Ingredient 001,General Sale,69,26,2,323.7,103.58,24.9,Not Zero Sales,0.0,Low < 25,1
SKU00166,Sample Product 00166,Active,2026-06,43.2,0.354,OTC & Wellness,Vitamins,MFG016,Manufacturer 016,SUP003,Supplier 003,REG-827261,Generic Ingredient 097,General Sale,42,14,11,604.8,214.1,475.2,Not Zero Sales,0.0,Medium 25-99,1
SKU00167,Sample Product 00167,Blocked,2026-03,34.69,0.266,OTC & Wellness,Pain Relief,MFG006,Manufacturer 006,SUP011,Supplier 011,REG-872400,Generic Ingredient 119,General Sale,56,29,14,1006.01,267.6,485.66,Not Zero Sales,0.0,Medium 25-99,0
SKU00168,Sample Product 00168,Active,2026-06,43.5,0.254,OTC & Wellness,Vitamins,MFG006,Manufacturer 006,SUP005,Supplier 005,REG-829018,Generic Ingredient 175,General Sale,11,4,0,174.0,44.2,0.0,Not Zero Sales,0.0,Medium 25-99,1
SKU00169,Sample Product 00169,Active,2026-02,11.45,0.344,General Merchandise,Baby Essentials,MFG003,Manufacturer 003,SUP007,Supplier 007,REG-512642,Generic Ingredient 117,General Sale,203,118,56,1351.1,464.78,641.2,Not Zero Sales,0.0,Low < 25,1
SKU00170,Sample Product 00170,Active,2026-02,10.64,0.344,Personal Care,Hair Care,MFG015,Manufacturer 015,SUP014,Supplier 014,REG-424204,Generic Ingredient 068,General Sale,94,35,29,372.4,128.11,308.56,Not Zero Sales,0.0,Low < 25,1
SKU00171,Sample Product 00171,Active,2026-02,204.41,0.39,General Merchandise,Travel Health,MFG013,Manufacturer 013,SUP019,Supplier 019,REG-133876,Generic Ingredient 008,General Sale,107,37,27,7563.17,2949.64,5519.07,Not Zero Sales,0.0,High 100-299,1
SKU00172,Sample Product 00172,Active,2026-05,265.47,0.384,General Merchandise,Seasonal Care,MFG017,Manufacturer 017,SUP020,Supplier 020,REG-628346,Generic Ingredient 102,General Sale,19,15,0,3982.05,1529.11,0.0,Not Zero Sales,0.0,High 100-299,1
SKU00173,Sample Product 00173,Active,2026-03,110.58,0.351,OTC & Wellness,Cold & Allergy,MFG004,Manufacturer 004,SUP029,Supplier 029,REG-195213,Generic Ingredient 093,Pharmacy Only,203,127,55,14043.66,4929.32,6081.9,Not Zero Sales,0.0,High 100-299,1
SKU00174,Sample Product 00174,Active,2026-05,7.05,0.274,Medical Devices,Home Diagnostics,MFG004,Manufacturer 004,SUP003,Supplier 003,REG-824908,Generic Ingredient 113,General Sale,82,31,13,218.55,59.88,91.65,Not Zero Sales,0.0,Low < 25,1
SKU00175,Sample Product 00175,Active,2026-01,144.9,0.366,Personal Care,Oral Care,MFG001,Manufacturer 001,SUP022,Supplier 022,REG-180911,Generic Ingredient 085,General Sale,32,9,0,1304.1,477.3,0.0,Not Zero Sales,0.0,High 100-299,1
SKU00176,Sample Product 00176,Active,2026-05,456.75,0.439,Personal Care,Hygiene,MFG006,Manufacturer 006,SUP024,Supplier 024,REG-736388,Generic Ingredient 045,Pharmacy Only,198,136,37,62118.0,27269.8,16899.75,Not Zero Sales,0.0,Premium 300+,1
SKU00177,Sample Product 00177,Active,2026-04,117.51,0.31,Medical Devices,Mobility Aids,MFG002,Manufacturer 002,SUP011,Supplier 011,REG-570559,Generic Ingredient 164,General Sale,118,44,28,5170.44,1602.84,3290.28,Not Zero Sales,0.0,High 100-299,1
SKU00178,Sample Product 00178,Active,2026-03,295.99,0.268,OTC & Wellness,Pain Relief,MFG017,Manufacturer 017,SUP002,Supplier 002,REG-394841,Generic Ingredient 161,General Sale,67,18,2,5327.82,1427.86,591.98,Not Zero Sales,0.0,High 100-299,1
SKU00179,Sample Product 00179,Active,2026-06,30.25,0.415,Personal Care,Hygiene,MFG019,Manufacturer 019,SUP024,Supplier 024,REG-458258,Generic Ingredient 127,General Sale,75,0,40,0.0,0.0,1210.0,Active Zero Sales,1210.0,Medium 25-99,1
SKU00180,Sample Product 00180,Active,2026-06,25.49,0.285,Medical Devices,Monitoring Supplies,MFG004,Manufacturer 004,SUP027,Supplier 027,REG-207520,Generic Ingredient 051,General Sale,98,24,29,611.76,174.35,739.21,Not Zero Sales,0.0,Medium 25-99,1
SKU00181,Sample Product 00181,Active,2026-02,14.3,0.388,OTC & Wellness,Vitamins,MFG015,Manufacturer 015,SUP022,Supplier 022,REG-798106,Generic Ingredient 168,General Sale,41,30,19,429.0,166.45,271.7,Not Zero Sales,0.0,Low < 25,1
SKU00182,Sample Product 00182,Active,2026-01,220.87,0.404,Nutrition,Sports Nutrition,MFG020,Manufacturer 020,SUP008,Supplier 008,REG-332670,Generic Ingredient 032,General Sale,25,13,1,2871.31,1160.01,220.87,Not Zero Sales,0.0,High 100-299,1
SKU00183,Sample Product 00183,Active,2026-02,50.28,0.271,Medical Devices,Home Diagnostics,MFG003,Manufacturer 003,SUP003,Supplier 003,REG-873781,Generic Ingredient 022,General Sale,79,24,8,1206.72,327.02,402.24,Not Zero Sales,0.0,Medium 25-99,1
SKU00184,Sample Product 00184,Active,2026-03,261.19,0.344,OTC & Wellness,Cold & Allergy,MFG003,Manufacturer 003,SUP005,Supplier 005,REG-900837,Generic Ingredient 167,General Sale,34,30,13,7835.7,2695.48,3395.47,Not Zero Sales,0.0,High 100-299,1
SKU00185,Sample Product 00185,Active,2026-01,6.12,0.421,Personal Care,Oral Care,MFG014,Manufacturer 014,SUP028,Supplier 028,REG-625485,Generic Ingredient 050,General Sale,93,60,7,367.2,154.59,42.84,Not Zero Sales,0.0,Low < 25,1
SKU00186,Sample Product 00186,Active,2026-05,190.69,0.49,Personal Care,Oral Care,MFG001,Manufacturer 001,SUP005,Supplier 005,REG-876563,Generic Ingredient 168,General Sale,32,24,1,4576.56,2242.51,190.69,Not Zero Sales,0.0,High 100-299,1
SKU00187,Sample Product 00187,Blocked,2026-01,15.7,0.352,OTC & Wellness,Cold & Allergy,MFG014,Manufacturer 014,SUP015,Supplier 015,REG-267472,Generic Ingredient 004,General Sale,20,1,0,15.7,5.53,0.0,Not Zero Sales,0.0,Low < 25,0
SKU00188,Sample Product 00188,Active,2026-06,234.89,0.396,Personal Care,Oral Care,MFG017,Manufacturer 017,SUP025,Supplier 025,REG-992052,Generic Ingredient 055,General Sale,117,75,41,17616.75,6976.23,9630.49,Not Zero Sales,0.0,High 100-299,1
SKU00189,Sample Product 00189,Blocked,2026-01,98.53,0.319,Personal Care,Hygiene,MFG006,Manufacturer 006,SUP016,Supplier 016,REG-897049,Generic Ingredient 050,Restricted Sale,1,0,0,0.0,0.0,0.0,Not Zero Sales,0.0,Medium 25-99,0
SKU00190,Sample Product 00190,Blocked,2026-01,573.63,0.374,Medical Devices,First Aid,MFG011,Manufacturer 011,SUP012,Supplier 012,REG-980452,Generic Ingredient 011,General Sale,1,0,0,0.0,0.0,0.0,Not Zero Sales,0.0,Premium 300+,0
SKU00191,Sample Product 00191,Active,2026-01,12.86,0.478,General Merchandise,Travel Health,MFG012,Manufacturer 012,SUP019,Supplier 019,REG-665012,Generic Ingredient 094,General Sale,36,0,28,0.0,0.0,360.08,Active Zero Sales,360.08,Low < 25,1
SKU00192,Sample Product 00192,Active,2026-06,172.23,0.375,OTC & Wellness,Digestive Care,MFG016,Manufacturer 016,SUP002,Supplier 002,REG-662260,Generic Ingredient 032,Restricted Sale,36,23,0,3961.29,1485.48,0.0,Not Zero Sales,0.0,High 100-299,1
SKU00193,Sample Product 00193,Active,2026-05,106.78,0.393,Medical Devices,Mobility Aids,MFG019,Manufacturer 019,SUP011,Supplier 011,REG-594595,Generic Ingredient 165,General Sale,32,26,0,2776.28,1091.08,0.0,Not Zero Sales,0.0,High 100-299,1
SKU00194,Sample Product 00194,Blocked,2026-05,68.51,0.443,Personal Care,Oral Care,MFG018,Manufacturer 018,SUP013,Supplier 013,REG-541799,Generic Ingredient 130,General Sale,26,0,16,0.0,0.0,1096.16,Not Zero Sales,0.0,Medium 25-99,0
SKU00195,Sample Product 00195,Active,2026-02,200.41,0.383,Personal Care,Oral Care,MFG020,Manufacturer 020,SUP011,Supplier 011,REG-894287,Generic Ingredient 122,General Sale,25,0,16,0.0,0.0,3206.56,Active Zero Sales,3206.56,High 100-299,1
SKU00196,Sample Product 00196,Active,2026-01,28.56,0.373,General Merchandise,Accessories,MFG004,Manufacturer 004,SUP030,Supplier 030,REG-709508,Generic Ingredient 149,Pharmacy Only,64,49,21,1399.44,521.99,599.76,Not Zero Sales,0.0,Medium 25-99,1
SKU00197,Sample Product 00197,Blocked,2026-05,6.64,0.34,OTC & Wellness,Vitamins,MFG019,Manufacturer 019,SUP005,Supplier 005,REG-908110,Generic Ingredient 076,Pharmacy Only,4,0,0,0.0,0.0,0.0,Not Zero Sales,0.0,Low < 25,0
SKU00198,Sample Product 00198,Active,2026-04,12.68,0.411,Nutrition,Hydration,MFG013,Manufacturer 013,SUP029,Supplier 029,REG-702369,Generic Ingredient 120,General Sale,54,16,0,202.88,83.38,0.0,Not Zero Sales,0.0,Low < 25,1
SKU00199,Sample Product 00199,Active,2026-02,231.76,0.34,OTC & Wellness,Cold & Allergy,MFG004,Manufacturer 004,SUP003,Supplier 003,REG-141628,Generic Ingredient 030,General Sale,96,30,20,6952.8,2363.95,4635.2,Not Zero Sales,0.0,High 100-299,1
SKU00200,Sample Product 00200,Active,2026-03,20.03,0.236,Medical Devices,Mobility Aids,MFG013,Manufacturer 013,SUP011,Supplier 011,REG-943329,Generic Ingredient 003,Pharmacy Only,52,5,12,100.15,23.64,240.36,Not Zero Sales,0.0,Low < 25,1
SKU00201,Sample Product 00201,Active,2026-05,133.31,0.264,Personal Care,Hair Care,MFG004,Manufacturer 004,SUP029,Supplier 029,REG-674446,Generic Ingredient 036,General Sale,44,1,8,133.31,35.19,1066.48,Not Zero Sales,0.0,High 100-299,1
SKU00202,Sample Product 00202,Blocked,2026-06,149.25,0.447,OTC & Wellness,Pain Relief,MFG013,Manufacturer 013,SUP010,Supplier 010,REG-381783,Generic Ingredient 056,General Sale,21,0,8,0.0,0.0,1194.0,Not Zero Sales,0.0,High 100-299,0
SKU00203,Sample Product 00203,Active,2026-06,9.75,0.334,Personal Care,Oral Care,MFG017,Manufacturer 017,SUP018,Supplier 018,REG-703022,Generic Ingredient 085,Pharmacy Only,39,18,18,175.5,58.62,175.5,Not Zero Sales,0.0,Low < 25,1
SKU00204,Sample Product 00204,Blocked,2026-06,75.35,0.303,General Merchandise,Seasonal Care,MFG007,Manufacturer 007,SUP006,Supplier 006,REG-575427,Generic Ingredient 074,General Sale,28,0,0,0.0,0.0,0.0,Not Zero Sales,0.0,Medium 25-99,0
SKU00205,Sample Product 00205,Active,2026-02,61.19,0.432,Nutrition,Adult Nutrition,MFG020,Manufacturer 020,SUP017,Supplier 017,REG-326455,Generic Ingredient 135,Pharmacy Only,38,7,0,428.33,185.04,0.0,Not Zero Sales,0.0,Medium 25-99,1
SKU00206,Sample Product 00206,Active,2026-02,45.53,0.25,Medical Devices,Mobility Aids,MFG017,Manufacturer 017,SUP011,Supplier 011,REG-327172,Generic Ingredient 008,General Sale,120,89,40,4052.17,1013.04,1821.2,Not Zero Sales,0.0,Medium 25-99,1
SKU00207,Sample Product 00207,Active,2026-01,46.96,0.363,Personal Care,Oral Care,MFG007,Manufacturer 007,SUP016,Supplier 016,REG-622896,Generic Ingredient 176,General Sale,60,13,0,610.48,221.6,0.0,Not Zero Sales,0.0,Medium 25-99,1
SKU00208,Sample Product 00208,Active,2026-01,21.33,0.437,Personal Care,Oral Care,MFG001,Manufacturer 001,SUP014,Supplier 014,REG-464888,Generic Ingredient 116,General Sale,87,32,16,682.56,298.28,341.28,Not Zero Sales,0.0,Low < 25,1
SKU00209,Sample Product 00209,Active,2026-03,13.87,0.376,OTC & Wellness,Cold & Allergy,MFG006,Manufacturer 006,SUP001,Supplier 001,REG-907753,Generic Ingredient 179,General Sale,51,0,5,0.0,0.0,69.35,Active Zero Sales,69.35,Low < 25,1
SKU00210,Sample Product 00210,Active,2026-01,55.12,0.531,OTC & Wellness,Pain Relief,MFG012,Manufacturer 012,SUP017,Supplier 017,REG-451274,Generic Ingredient 124,Pharmacy Only,68,16,10,881.92,468.3,551.2,Not Zero Sales,0.0,Medium 25-99,1
SKU00211,Sample Product 00211,Active,2026-03,90.01,0.384,OTC & Wellness,Cold & Allergy,MFG005,Manufacturer 005,SUP022,Supplier 022,REG-898011,Generic Ingredient 053,Pharmacy Only,51,15,0,1350.15,518.46,0.0,Not Zero Sales,0.0,Medium 25-99,1
SKU00212,Sample Product 00212,Active,2026-03,84.73,0.244,Medical Devices,Home Diagnostics,MFG018,Manufacturer 018,SUP003,Supplier 003,REG-690377,Generic Ingredient 148,Pharmacy Only,81,42,0,3558.66,868.31,0.0,Not Zero Sales,0.0,Medium 25-99,1
SKU00213,Sample Product 00213,Active,2026-03,32.71,0.372,OTC & Wellness,Pain Relief,MFG017,Manufacturer 017,SUP030,Supplier 030,REG-881319,Generic Ingredient 073,General Sale,83,54,21,1766.34,657.08,686.91,Not Zero Sales,0.0,Medium 25-99,1
SKU00214,Sample Product 00214,Active,2026-06,60.08,0.232,Medical Devices,Home Diagnostics,MFG001,Manufacturer 001,SUP003,Supplier 003,REG-817652,Generic Ingredient 141,General Sale,111,57,14,3424.56,794.5,841.12,Not Zero Sales,0.0,Medium 25-99,1
SKU00215,Sample Product 00215,Blocked,2026-02,25.35,0.263,OTC & Wellness,Digestive Care,MFG003,Manufacturer 003,SUP010,Supplier 010,REG-378570,Generic Ingredient 110,General Sale,28,0,0,0.0,0.0,0.0,Not Zero Sales,0.0,Medium 25-99,0
SKU00216,Sample Product 00216,Active,2026-05,336.36,0.363,Medical Devices,Monitoring Supplies,MFG012,Manufacturer 012,SUP006,Supplier 006,REG-472314,Generic Ingredient 166,General Sale,58,16,11,5381.76,1953.58,3699.96,Not Zero Sales,0.0,Premium 300+,1
SKU00217,Sample Product 00217,Active,2026-04,16.59,0.326,Personal Care,Hair Care,MFG003,Manufacturer 003,SUP007,Supplier 007,REG-785867,Generic Ingredient 073,General Sale,24,33,0,547.47,178.48,0.0,Not Zero Sales,0.0,Low < 25,1
SKU00218,Sample Product 00218,Active,2026-01,89.23,0.36,Nutrition,Sports Nutrition,MFG017,Manufacturer 017,SUP025,Supplier 025,REG-969863,Generic Ingredient 060,General Sale,40,8,0,713.84,256.98,0.0,Not Zero Sales,0.0,Medium 25-99,1
SKU00219,Sample Product 00219,Active,2026-06,65.53,0.338,Nutrition,Hydration,MFG009,Manufacturer 009,SUP028,Supplier 028,REG-298607,Generic Ingredient 053,General Sale,76,24,12,1572.72,531.58,786.36,Not Zero Sales,0.0,Medium 25-99,1
SKU00220,Sample Product 00220,Active,2026-04,96.18,0.293,OTC & Wellness,Cold & Allergy,MFG015,Manufacturer 015,SUP029,Supplier 029,REG-824253,Generic Ingredient 107,General Sale,81,37,11,3558.66,1042.69,1057.98,Not Zero Sales,0.0,Medium 25-99,1
SKU00221,Sample Product 00221,Active,2026-04,542.88,0.269,Nutrition,Healthy Snacks,MFG011,Manufacturer 011,SUP020,Supplier 020,REG-890420,Generic Ingredient 064,General Sale,41,20,2,10857.6,2920.69,1085.76,Not Zero Sales,0.0,Premium 300+,1
SKU00222,Sample Product 00222,Active,2026-01,57.16,0.264,OTC & Wellness,Cold & Allergy,MFG018,Manufacturer 018,SUP010,Supplier 010,REG-918602,Generic Ingredient 169,Pharmacy Only,46,32,7,1829.12,482.89,400.12,Not Zero Sales,0.0,Medium 25-99,1
SKU00223,Sample Product 00223,Active,2026-04,71.59,0.39,OTC & Wellness,Digestive Care,MFG004,Manufacturer 004,SUP015,Supplier 015,REG-592359,Generic Ingredient 161,Pharmacy Only,60,36,1,2577.24,1005.12,71.59,Not Zero Sales,0.0,Medium 25-99,1
SKU00224,Sample Product 00224,Blocked,2026-03,6.45,0.27,OTC & Wellness,Pain Relief,MFG011,Manufacturer 011,SUP030,Supplier 030,REG-924424,Generic Ingredient 022,General Sale,31,0,0,0.0,0.0,0.0,Not Zero Sales,0.0,Low < 25,0
SKU00225,Sample Product 00225,Active,2026-06,210.68,0.229,Medical Devices,Monitoring Supplies,MFG016,Manufacturer 016,SUP019,Supplier 019,REG-535464,Generic Ingredient 078,General Sale,109,43,17,9059.24,2074.57,3581.56,Not Zero Sales,0.0,High 100-299,1
SKU00226,Sample Product 00226,Active,2026-06,43.03,0.192,Nutrition,Hydration,MFG016,Manufacturer 016,SUP006,Supplier 006,REG-861676,Generic Ingredient 136,General Sale,72,45,33,1936.35,371.78,1419.99,Not Zero Sales,0.0,Medium 25-99,1
SKU00227,Sample Product 00227,Active,2026-05,10.76,0.265,OTC & Wellness,Cold & Allergy,MFG001,Manufacturer 001,SUP024,Supplier 024,REG-959897,Generic Ingredient 103,General Sale,40,28,0,301.28,79.84,0.0,Not Zero Sales,0.0,Low < 25,1
SKU00228,Sample Product 00228,Active,2026-01,61.52,0.321,General Merchandise,Accessories,MFG020,Manufacturer 020,SUP018,Supplier 018,REG-210392,Generic Ingredient 037,General Sale,17,4,4,246.08,78.99,246.08,Not Zero Sales,0.0,Medium 25-99,1
SKU00229,Sample Product 00229,Active,2026-05,12.53,0.21,Nutrition,Healthy Snacks,MFG010,Manufacturer 010,SUP004,Supplier 004,REG-860509,Generic Ingredient 034,General Sale,43,21,0,263.13,55.26,0.0,Not Zero Sales,0.0,Low < 25,1
SKU00230,Sample Product 00230,Blocked,2026-02,15.37,0.532,Personal Care,Oral Care,MFG001,Manufacturer 001,SUP009,Supplier 009,REG-704461,Generic Ingredient 127,General Sale,46,18,0,276.66,147.18,0.0,Not Zero Sales,0.0,Low < 25,0
SKU00231,Sample Product 00231,Active,2026-01,13.16,0.356,General Merchandise,Seasonal Care,MFG015,Manufacturer 015,SUP015,Supplier 015,REG-518374,Generic Ingredient 003,General Sale,63,27,7,355.32,126.49,92.12,Not Zero Sales,0.0,Low < 25,1
SKU00232,Sample Product 00232,Active,2026-06,41.47,0.33,Personal Care,Hygiene,MFG003,Manufacturer 003,SUP011,Supplier 011,REG-491531,Generic Ingredient 104,General Sale,51,51,0,2114.97,697.94,0.0,Not Zero Sales,0.0,Medium 25-99,1
SKU00233,Sample Product 00233,Active,2026-01,239.76,0.347,Medical Devices,First Aid,MFG006,Manufacturer 006,SUP007,Supplier 007,REG-494367,Generic Ingredient 037,General Sale,46,5,0,1198.8,415.98,0.0,Not Zero Sales,0.0,High 100-299,1
SKU00234,Sample Product 00234,Active,2026-02,35.61,0.296,Medical Devices,First Aid,MFG020,Manufacturer 020,SUP001,Supplier 001,REG-930478,Generic Ingredient 070,General Sale,0,0,0,0.0,0.0,0.0,Active Zero Sales,0.0,Medium 25-99,1
SKU00235,Sample Product 00235,Active,2026-05,52.15,0.355,Personal Care,Hygiene,MFG007,Manufacturer 007,SUP009,Supplier 009,REG-234655,Generic Ingredient 108,General Sale,267,178,59,9282.7,3295.36,3076.85,Not Zero Sales,0.0,Medium 25-99,1
SKU00236,Sample Product 00236,Blocked,2026-03,60.78,0.351,OTC & Wellness,Vitamins,MFG020,Manufacturer 020,SUP006,Supplier 006,REG-801563,Generic Ingredient 168,General Sale,50,0,0,0.0,0.0,0.0,Not Zero Sales,0.0,Medium 25-99,0
SKU00237,Sample Product 00237,Blocked,2026-06,24.64,0.389,Personal Care,Skin Care,MFG001,Manufacturer 001,SUP004,Supplier 004,REG-311555,Generic Ingredient 035,Restricted Sale,48,0,0,0.0,0.0,0.0,Not Zero Sales,0.0,Low < 25,0
SKU00238,Sample Product 00238,Active,2026-02,234.43,0.397,Personal Care,Oral Care,MFG008,Manufacturer 008,SUP016,Supplier 016,REG-285350,Generic Ingredient 153,General Sale,58,8,7,1875.44,744.55,1641.01,Not Zero Sales,0.0,High 100-299,1
SKU00239,Sample Product 00239,Active,2026-06,68.94,0.311,Nutrition,Hydration,MFG002,Manufacturer 002,SUP026,Supplier 026,REG-146700,Generic Ingredient 083,Restricted Sale,91,39,17,2688.66,836.17,1171.98,Not Zero Sales,0.0,Medium 25-99,1
SKU00240,Sample Product 00240,Blocked,2026-01,10.43,0.286,OTC & Wellness,Cold & Allergy,MFG010,Manufacturer 010,SUP023,Supplier 023,REG-105058,Generic Ingredient 082,General Sale,51,13,0,135.59,38.78,0.0,Not Zero Sales,0.0,Low < 25,0
SKU00241,Sample Product 00241,Active,2026-03,20.0,0.417,Personal Care,Hygiene,MFG014,Manufacturer 014,SUP021,Supplier 021,REG-106967,Generic Ingredient 145,General Sale,59,8,8,160.0,66.72,160.0,Not Zero Sales,0.0,Low < 25,1
SKU00242,Sample Product 00242,Active,2026-05,83.04,0.32,OTC & Wellness,Digestive Care,MFG005,Manufacturer 005,SUP009,Supplier 009,REG-488584,Generic Ingredient 091,Pharmacy Only,53,8,17,664.32,212.58,1411.68,Not Zero Sales,0.0,Medium 25-99,1
SKU00243,Sample Product 00243,Active,2026-04,155.5,0.377,General Merchandise,Travel Health,MFG016,Manufacturer 016,SUP019,Supplier 019,REG-108924,Generic Ingredient 043,Pharmacy Only,79,49,22,7619.5,2872.55,3421.0,Not Zero Sales,0.0,High 100-299,1
SKU00244,Sample Product 00244,Active,2026-01,50.13,0.428,OTC & Wellness,Cold & Allergy,MFG003,Manufacturer 003,SUP027,Supplier 027,REG-747888,Generic Ingredient 129,General Sale,44,3,11,150.39,64.37,551.43,Not Zero Sales,0.0,Medium 25-99,1
SKU00245,Sample Product 00245,Active,2026-04,35.68,0.406,Personal Care,Hair Care,MFG011,Manufacturer 011,SUP008,Supplier 008,REG-933466,Generic Ingredient 063,General Sale,99,70,8,2497.6,1014.03,285.44,Not Zero Sales,0.0,Medium 25-99,1
SKU00246,Sample Product 00246,Active,2026-02,22.34,0.42,Personal Care,Hair Care,MFG018,Manufacturer 018,SUP015,Supplier 015,REG-964960,Generic Ingredient 044,General Sale,139,53,47,1184.02,497.29,1049.98,Not Zero Sales,0.0,Low < 25,1
SKU00247,Sample Product 00247,Active,2026-03,70.79,0.417,Personal Care,Oral Care,MFG008,Manufacturer 008,SUP029,Supplier 029,REG-573612,Generic Ingredient 135,General Sale,18,15,12,1061.85,442.79,849.48,Not Zero Sales,0.0,Medium 25-99,1
SKU00248,Sample Product 00248,Active,2026-01,74.54,0.352,Personal Care,Skin Care,MFG015,Manufacturer 015,SUP008,Supplier 008,REG-498858,Generic Ingredient 160,General Sale,77,34,9,2534.36,892.09,670.86,Not Zero Sales,0.0,Medium 25-99,1
SKU00249,Sample Product 00249,Active,2026-05,135.85,0.416,Personal Care,Hair Care,MFG005,Manufacturer 005,SUP005,Supplier 005,REG-634042,Generic Ingredient 099,General Sale,95,32,31,4347.2,1808.44,4211.35,Not Zero Sales,0.0,High 100-299,1
SKU00250,Sample Product 00250,Blocked,2026-01,15.26,0.241,General Merchandise,Travel Health,MFG001,Manufacturer 001,SUP019,Supplier 019,REG-386715,Generic Ingredient 093,General Sale,13,0,16,0.0,0.0,244.16,Not Zero Sales,0.0,Low < 25,0
SKU00251,Sample Product 00251,Active,2026-01,98.81,0.414,OTC & Wellness,Vitamins,MFG013,Manufacturer 013,SUP026,Supplier 026,REG-238386,Generic Ingredient 081,General Sale,101,60,27,5928.6,2454.44,2667.87,Not Zero Sales,0.0,Medium 25-99,1
SKU00252,Sample Product 00252,Active,2026-03,97.66,0.359,General Merchandise,Accessories,MFG007,Manufacturer 007,SUP006,Supplier 006,REG-329073,Generic Ingredient 171,Restricted Sale,72,28,40,2734.48,981.68,3906.4,Not Zero Sales,0.0,Medium 25-99,1
SKU00253,Sample Product 00253,Blocked,2026-03,43.79,0.36,General Merchandise,Baby Essentials,MFG010,Manufacturer 010,SUP021,Supplier 021,REG-827189,Generic Ingredient 132,General Sale,12,6,4,262.74,94.59,175.16,Not Zero Sales,0.0,Medium 25-99,0
SKU00254,Sample Product 00254,Active,2026-01,245.23,0.36,Personal Care,Skin Care,MFG009,Manufacturer 009,SUP010,Supplier 010,REG-698163,Generic Ingredient 083,Pharmacy Only,77,22,9,5395.06,1942.22,2207.07,Not Zero Sales,0.0,High 100-299,1
SKU00255,Sample Product 00255,Active,2026-04,14.72,0.419,Personal Care,Oral Care,MFG018,Manufacturer 018,SUP001,Supplier 001,REG-193259,Generic Ingredient 038,General Sale,49,0,36,0.0,0.0,529.92,Active Zero Sales,529.92,Low < 25,1
SKU00256,Sample Product 00256,Active,2026-05,170.94,0.414,Personal Care,Skin Care,MFG005,Manufacturer 005,SUP016,Supplier 016,REG-647483,Generic Ingredient 077,General Sale,101,26,25,4444.44,1840.0,4273.5,Not Zero Sales,0.0,High 100-299,1
SKU00257,Sample Product 00257,Active,2026-04,88.64,0.338,Nutrition,Sports Nutrition,MFG017,Manufacturer 017,SUP029,Supplier 029,REG-692832,Generic Ingredient 124,General Sale,53,0,48,0.0,0.0,4254.72,Active Zero Sales,4254.72,Medium 25-99,1
SKU00258,Sample Product 00258,Active,2026-06,69.29,0.396,Personal Care,Oral Care,MFG004,Manufacturer 004,SUP003,Supplier 003,REG-693919,Generic Ingredient 111,General Sale,42,0,28,0.0,0.0,1940.12,Active Zero Sales,1940.12,Medium 25-99,1
SKU00259,Sample Product 00259,Active,2026-05,12.2,0.223,OTC & Wellness,Digestive Care,MFG016,Manufacturer 016,SUP008,Supplier 008,REG-921235,Generic Ingredient 128,Pharmacy Only,90,27,20,329.4,73.46,244.0,Not Zero Sales,0.0,Low < 25,1
SKU00260,Sample Product 00260,Active,2026-05,80.57,0.375,OTC & Wellness,Cold & Allergy,MFG012,Manufacturer 012,SUP009,Supplier 009,REG-566907,Generic Ingredient 103,General Sale,47,0,57,0.0,0.0,4592.49,Active Zero Sales,4592.49,Medium 25-99,1
SKU00261,Sample Product 00261,Active,2026-04,191.98,0.178,Nutrition,Adult Nutrition,MFG003,Manufacturer 003,SUP018,Supplier 018,REG-378999,Generic Ingredient 088,General Sale,169,118,43,22653.64,4032.35,8255.14,Not Zero Sales,0.0,High 100-299,1
SKU00262,Sample Product 00262,Active,2026-06,24.12,0.547,General Merchandise,Accessories,MFG008,Manufacturer 008,SUP015,Supplier 015,REG-618582,Generic Ingredient 167,Pharmacy Only,65,40,29,964.8,527.75,699.48,Not Zero Sales,0.0,Low < 25,1
SKU00263,Sample Product 00263,Active,2026-01,23.92,0.369,Personal Care,Hair Care,MFG016,Manufacturer 016,SUP026,Supplier 026,REG-646344,Generic Ingredient 146,General Sale,14,16,0,382.72,141.22,0.0,Not Zero Sales,0.0,Low < 25,1
SKU00264,Sample Product 00264,Active,2026-05,530.71,0.427,Personal Care,Hygiene,MFG004,Manufacturer 004,SUP010,Supplier 010,REG-522300,Generic Ingredient 180,Pharmacy Only,68,34,15,18044.14,7704.85,7960.65,Not Zero Sales,0.0,Premium 300+,1
SKU00265,Sample Product 00265,Active,2026-05,32.43,0.412,Nutrition,Sports Nutrition,MFG019,Manufacturer 019,SUP030,Supplier 030,REG-236927,Generic Ingredient 092,General Sale,150,70,45,2270.1,935.28,1459.35,Not Zero Sales,0.0,Medium 25-99,1
SKU00266,Sample Product 00266,Active,2026-05,13.21,0.284,Medical Devices,First Aid,MFG004,Manufacturer 004,SUP014,Supplier 014,REG-763516,Generic Ingredient 084,General Sale,55,18,19,237.78,67.53,250.99,Not Zero Sales,0.0,Low < 25,1
SKU00267,Sample Product 00267,Active,2026-02,35.26,0.226,General Merchandise,Accessories,MFG013,Manufacturer 013,SUP023,Supplier 023,REG-341083,Generic Ingredient 033,General Sale,68,22,10,775.72,175.31,352.6,Not Zero Sales,0.0,Medium 25-99,1
SKU00268,Sample Product 00268,Blocked,2026-02,23.21,0.384,OTC & Wellness,Vitamins,MFG015,Manufacturer 015,SUP018,Supplier 018,REG-253458,Generic Ingredient 027,General Sale,17,0,8,0.0,0.0,185.68,Not Zero Sales,0.0,Low < 25,0
SKU00269,Sample Product 00269,Active,2026-03,16.51,0.281,OTC & Wellness,Vitamins,MFG016,Manufacturer 016,SUP005,Supplier 005,REG-993281,Generic Ingredient 150,General Sale,1,11,0,181.61,51.03,0.0,Not Zero Sales,0.0,Low < 25,1
SKU00270,Sample Product 00270,Active,2026-04,99.0,0.418,OTC & Wellness,Vitamins,MFG016,Manufacturer 016,SUP005,Supplier 005,REG-674053,Generic Ingredient 042,Pharmacy Only,89,69,28,6831.0,2855.36,2772.0,Not Zero Sales,0.0,Medium 25-99,1
SKU00271,Sample Product 00271,Active,2026-02,33.03,0.201,Medical Devices,Monitoring Supplies,MFG020,Manufacturer 020,SUP020,Supplier 020,REG-272185,Generic Ingredient 020,Pharmacy Only,50,16,0,528.48,106.22,0.0,Not Zero Sales,0.0,Medium 25-99,1
SKU00272,Sample Product 00272,Active,2026-02,80.18,0.301,General Merchandise,Travel Health,MFG004,Manufacturer 004,SUP019,Supplier 019,REG-178718,Generic Ingredient 134,General Sale,38,29,0,2325.22,699.89,0.0,Not Zero Sales,0.0,Medium 25-99,1
SKU00273,Sample Product 00273,Active,2026-03,362.93,0.409,Personal Care,Hygiene,MFG008,Manufacturer 008,SUP028,Supplier 028,REG-271423,Generic Ingredient 084,General Sale,27,22,0,7984.46,3265.64,0.0,Not Zero Sales,0.0,Premium 300+,1
SKU00274,Sample Product 00274,Active,2026-02,12.13,0.378,Nutrition,Adult Nutrition,MFG019,Manufacturer 019,SUP013,Supplier 013,REG-636565,Generic Ingredient 162,Pharmacy Only,60,27,26,327.51,123.8,315.38,Not Zero Sales,0.0,Low < 25,1
SKU00275,Sample Product 00275,Active,2026-02,4.58,0.326,OTC & Wellness,Cold & Allergy,MFG014,Manufacturer 014,SUP009,Supplier 009,REG-598485,Generic Ingredient 138,General Sale,128,67,40,306.86,100.04,183.2,Not Zero Sales,0.0,Low < 25,1
SKU00276,Sample Product 00276,Active,2026-06,519.42,0.426,Personal Care,Hygiene,MFG010,Manufacturer 010,SUP014,Supplier 014,REG-616640,Generic Ingredient 032,Pharmacy Only,103,52,14,27009.84,11506.19,7271.88,Not Zero Sales,0.0,Premium 300+,1
SKU00277,Sample Product 00277,Active,2026-01,172.28,0.319,Medical Devices,Mobility Aids,MFG013,Manufacturer 013,SUP011,Supplier 011,REG-192001,Generic Ingredient 019,General Sale,25,27,0,4651.56,1483.85,0.0,Not Zero Sales,0.0,High 100-299,1
SKU00278,Sample Product 00278,Active,2026-06,38.34,0.3,General Merchandise,Seasonal Care,MFG011,Manufacturer 011,SUP001,Supplier 001,REG-417758,Generic Ingredient 027,General Sale,18,7,0,268.38,80.51,0.0,Not Zero Sales,0.0,Medium 25-99,1
SKU00279,Sample Product 00279,Active,2026-04,28.34,0.417,Medical Devices,First Aid,MFG018,Manufacturer 018,SUP014,Supplier 014,REG-311010,Generic Ingredient 174,General Sale,46,10,11,283.4,118.18,311.74,Not Zero Sales,0.0,Medium 25-99,1
SKU00280,Sample Product 00280,Active,2026-05,54.62,0.341,Personal Care,Skin Care,MFG006,Manufacturer 006,SUP004,Supplier 004,REG-428640,Generic Ingredient 033,General Sale,64,18,1,983.16,335.26,54.62,Not Zero Sales,0.0,Medium 25-99,1
SKU00281,Sample Product 00281,Active,2026-01,48.18,0.329,Nutrition,Hydration,MFG009,Manufacturer 009,SUP009,Supplier 009,REG-599857,Generic Ingredient 040,General Sale,60,42,10,2023.56,665.75,481.8,Not Zero Sales,0.0,Medium 25-99,1
SKU00282,Sample Product 00282,Active,2026-04,70.38,0.239,Medical Devices,Mobility Aids,MFG005,Manufacturer 005,SUP011,Supplier 011,REG-446125,Generic Ingredient 063,General Sale,60,16,0,1126.08,269.13,0.0,Not Zero Sales,0.0,Medium 25-99,1
SKU00283,Sample Product 00283,Active,2026-01,297.79,0.275,OTC & Wellness,Vitamins,MFG002,Manufacturer 002,SUP030,Supplier 030,REG-238549,Generic Ingredient 045,General Sale,82,17,23,5062.43,1392.17,6849.17,Not Zero Sales,0.0,High 100-299,1
SKU00284,Sample Product 00284,Blocked,2026-03,96.46,0.414,Personal Care,Oral Care,MFG004,Manufacturer 004,SUP023,Supplier 023,REG-146730,Generic Ingredient 015,General Sale,10,0,0,0.0,0.0,0.0,Not Zero Sales,0.0,Medium 25-99,0
SKU00285,Sample Product 00285,Active,2026-02,51.56,0.294,Medical Devices,Home Diagnostics,MFG007,Manufacturer 007,SUP003,Supplier 003,REG-754330,Generic Ingredient 020,General Sale,61,19,7,979.64,288.01,360.92,Not Zero Sales,0.0,Medium 25-99,1
SKU00286,Sample Product 00286,Active,2026-02,80.96,0.266,OTC & Wellness,Cold & Allergy,MFG014,Manufacturer 014,SUP010,Supplier 010,REG-375623,Generic Ingredient 131,General Sale,77,30,0,2428.8,646.06,0.0,Not Zero Sales,0.0,Medium 25-99,1
SKU00287,Sample Product 00287,Active,2026-02,23.85,0.323,Medical Devices,First Aid,MFG010,Manufacturer 010,SUP020,Supplier 020,REG-925824,Generic Ingredient 170,Restricted Sale,69,60,18,1431.0,462.21,429.3,Not Zero Sales,0.0,Low < 25,1
SKU00288,Sample Product 00288,Active,2026-02,90.92,0.326,Medical Devices,First Aid,MFG015,Manufacturer 015,SUP030,Supplier 030,REG-460003,Generic Ingredient 100,Pharmacy Only,14,0,2,0.0,0.0,181.84,Active Zero Sales,181.84,Medium 25-99,1
SKU00289,Sample Product 00289,Active,2026-02,19.78,0.206,Medical Devices,Home Diagnostics,MFG015,Manufacturer 015,SUP003,Supplier 003,REG-573889,Generic Ingredient 131,General Sale,61,37,0,731.86,150.76,0.0,Not Zero Sales,0.0,Low < 25,1
SKU00290,Sample Product 00290,Blocked,2026-04,66.52,0.228,Nutrition,Hydration,MFG012,Manufacturer 012,SUP008,Supplier 008,REG-684007,Generic Ingredient 159,General Sale,18,0,0,0.0,0.0,0.0,Not Zero Sales,0.0,Medium 25-99,0
SKU00291,Sample Product 00291,Blocked,2026-05,17.93,0.236,Medical Devices,First Aid,MFG010,Manufacturer 010,SUP005,Supplier 005,REG-683770,Generic Ingredient 031,General Sale,22,0,18,0.0,0.0,322.74,Not Zero Sales,0.0,Low < 25,0
SKU00292,Sample Product 00292,Active,2026-03,73.66,0.349,General Merchandise,Travel Health,MFG017,Manufacturer 017,SUP019,Supplier 019,REG-127014,Generic Ingredient 091,General Sale,63,0,33,0.0,0.0,2430.78,Active Zero Sales,2430.78,Medium 25-99,1
SKU00293,Sample Product 00293,Active,2026-05,56.34,0.211,OTC & Wellness,Vitamins,MFG002,Manufacturer 002,SUP004,Supplier 004,REG-389521,Generic Ingredient 018,Restricted Sale,65,30,0,1690.2,356.63,0.0,Not Zero Sales,0.0,Medium 25-99,1
SKU00294,Sample Product 00294,Blocked,2026-05,98.09,0.197,Medical Devices,First Aid,MFG007,Manufacturer 007,SUP017,Supplier 017,REG-504338,Generic Ingredient 100,General Sale,22,0,15,0.0,0.0,1471.35,Not Zero Sales,0.0,Medium 25-99,0
SKU00295,Sample Product 00295,Active,2026-01,470.72,0.312,General Merchandise,Travel Health,MFG015,Manufacturer 015,SUP019,Supplier 019,REG-737211,Generic Ingredient 145,Pharmacy Only,31,11,8,5177.92,1615.51,3765.76,Not Zero Sales,0.0,Premium 300+,1
SKU00296,Sample Product 00296,Active,2026-04,30.25,0.235,OTC & Wellness,Digestive Care,MFG002,Manufacturer 002,SUP004,Supplier 004,REG-126634,Generic Ingredient 029,Pharmacy Only,21,11,0,332.75,78.2,0.0,Not Zero Sales,0.0,Medium 25-99,1
SKU00297,Sample Product 00297,Active,2026-06,279.69,0.174,OTC & Wellness,Pain Relief,MFG003,Manufacturer 003,SUP030,Supplier 030,REG-535436,Generic Ingredient 080,Pharmacy Only,59,21,0,5873.49,1021.99,0.0,Not Zero Sales,0.0,High 100-299,1
SKU00298,Sample Product 00298,Active,2026-05,77.27,0.222,OTC & Wellness,Cold & Allergy,MFG015,Manufacturer 015,SUP023,Supplier 023,REG-736053,Generic Ingredient 163,General Sale,89,34,30,2627.18,583.23,2318.1,Not Zero Sales,0.0,Medium 25-99,1
SKU00299,Sample Product 00299,Active,2026-06,6.81,0.48,Personal Care,Hair Care,MFG009,Manufacturer 009,SUP013,Supplier 013,REG-668904,Generic Ingredient 115,General Sale,28,19,0,129.39,62.11,0.0,Not Zero Sales,0.0,Low < 25,1
SKU00300,Sample Product 00300,Active,2026-04,17.91,0.231,Nutrition,Adult Nutrition,MFG004,Manufacturer 004,SUP015,Supplier 015,REG-324306,Generic Ingredient 056,Pharmacy Only,25,4,29,71.64,16.55,519.39,Not Zero Sales,0.0,Low < 25,1
SKU00301,Sample Product 00301,Active,2026-04,54.12,0.499,Nutrition,Sports Nutrition,MFG005,Manufacturer 005,SUP024,Supplier 024,REG-595807,Generic Ingredient 169,General Sale,65,30,4,1623.6,810.18,216.48,Not Zero Sales,0.0,Medium 25-99,1
SKU00302,Sample Product 00302,Active,2026-06,68.63,0.411,Personal Care,Oral Care,MFG003,Manufacturer 003,SUP027,Supplier 027,REG-376505,Generic Ingredient 057,General Sale,111,85,25,5833.55,2397.59,1715.75,Not Zero Sales,0.0,Medium 25-99,1
SKU00303,Sample Product 00303,Active,2026-06,69.41,0.407,Nutrition,Hydration,MFG016,Manufacturer 016,SUP005,Supplier 005,REG-999199,Generic Ingredient 124,Pharmacy Only,71,59,20,4095.19,1666.74,1388.2,Not Zero Sales,0.0,Medium 25-99,1
SKU00304,Sample Product 00304,Blocked,2026-01,30.33,0.233,Nutrition,Hydration,MFG012,Manufacturer 012,SUP008,Supplier 008,REG-253761,Generic Ingredient 101,Pharmacy Only,15,0,4,0.0,0.0,121.32,Not Zero Sales,0.0,Medium 25-99,0
SKU00305,Sample Product 00305,Active,2026-02,57.14,0.516,General Merchandise,Seasonal Care,MFG013,Manufacturer 013,SUP011,Supplier 011,REG-406910,Generic Ingredient 104,General Sale,37,0,1,0.0,0.0,57.14,Active Zero Sales,57.14,Medium 25-99,1
SKU00306,Sample Product 00306,Active,2026-03,235.64,0.309,Medical Devices,Home Diagnostics,MFG005,Manufacturer 005,SUP003,Supplier 003,REG-868884,Generic Ingredient 042,General Sale,57,7,0,1649.48,509.69,0.0,Not Zero Sales,0.0,High 100-299,1
SKU00307,Sample Product 00307,Blocked,2026-03,54.08,0.43,General Merchandise,Travel Health,MFG013,Manufacturer 013,SUP019,Supplier 019,REG-967940,Generic Ingredient 075,General Sale,58,27,0,1460.16,627.87,0.0,Not Zero Sales,0.0,Medium 25-99,0
SKU00308,Sample Product 00308,Blocked,2026-04,58.6,0.249,General Merchandise,Accessories,MFG016,Manufacturer 016,SUP022,Supplier 022,REG-573682,Generic Ingredient 058,General Sale,0,0,0,0.0,0.0,0.0,Not Zero Sales,0.0,Medium 25-99,0
SKU00309,Sample Product 00309,Active,2026-03,218.14,0.348,General Merchandise,Travel Health,MFG019,Manufacturer 019,SUP019,Supplier 019,REG-189456,Generic Ingredient 101,General Sale,73,11,25,2399.54,835.04,5453.5,Not Zero Sales,0.0,High 100-299,1
SKU00310,Sample Product 00310,Blocked,2026-06,74.48,0.322,Nutrition,Adult Nutrition,MFG020,Manufacturer 020,SUP024,Supplier 024,REG-812644,Generic Ingredient 066,General Sale,0,0,0,0.0,0.0,0.0,Not Zero Sales,0.0,Medium 25-99,0
SKU00311,Sample Product 00311,Active,2026-04,8.15,0.371,Personal Care,Hygiene,MFG008,Manufacturer 008,SUP008,Supplier 008,REG-892562,Generic Ingredient 040,General Sale,78,43,24,350.45,130.02,195.6,Not Zero Sales,0.0,Low < 25,1
SKU00312,Sample Product 00312,Active,2026-04,37.63,0.484,OTC & Wellness,Pain Relief,MFG016,Manufacturer 016,SUP006,Supplier 006,REG-500932,Generic Ingredient 069,General Sale,144,88,28,3311.44,1602.74,1053.64,Not Zero Sales,0.0,Medium 25-99,1
SKU00313,Sample Product 00313,Active,2026-06,23.68,0.444,Personal Care,Hygiene,MFG018,Manufacturer 018,SUP004,Supplier 004,REG-157869,Generic Ingredient 074,General Sale,64,2,12,47.36,21.03,284.16,Not Zero Sales,0.0,Low < 25,1
SKU00314,Sample Product 00314,Active,2026-04,53.2,0.34,Personal Care,Hygiene,MFG014,Manufacturer 014,SUP015,Supplier 015,REG-497051,Generic Ingredient 159,General Sale,29,19,14,1010.8,343.67,744.8,Not Zero Sales,0.0,Medium 25-99,1
SKU00315,Sample Product 00315,Active,2026-04,20.11,0.293,General Merchandise,Baby Essentials,MFG009,Manufacturer 009,SUP001,Supplier 001,REG-998470,Generic Ingredient 095,General Sale,50,7,0,140.77,41.25,0.0,Not Zero Sales,0.0,Low < 25,1
SKU00316,Sample Product 00316,Blocked,2026-06,28.16,0.528,Personal Care,Hygiene,MFG014,Manufacturer 014,SUP029,Supplier 029,REG-866444,Generic Ingredient 013,Pharmacy Only,34,20,0,563.2,297.37,0.0,Not Zero Sales,0.0,Medium 25-99,0
SKU00317,Sample Product 00317,Active,2026-01,177.68,0.317,OTC & Wellness,Vitamins,MFG013,Manufacturer 013,SUP007,Supplier 007,REG-816496,Generic Ingredient 133,General Sale,114,70,20,12437.6,3942.72,3553.6,Not Zero Sales,0.0,High 100-299,1
SKU00318,Sample Product 00318,Blocked,2026-03,39.24,0.17,General Merchandise,Travel Health,MFG001,Manufacturer 001,SUP019,Supplier 019,REG-372927,Generic Ingredient 178,General Sale,49,0,0,0.0,0.0,0.0,Not Zero Sales,0.0,Medium 25-99,0
SKU00319,Sample Product 00319,Active,2026-03,279.61,0.29,OTC & Wellness,Cold & Allergy,MFG019,Manufacturer 019,SUP020,Supplier 020,REG-646099,Generic Ingredient 064,General Sale,27,27,8,7549.47,2189.35,2236.88,Not Zero Sales,0.0,High 100-299,1
SKU00320,Sample Product 00320,Active,2026-05,4.96,0.254,OTC & Wellness,Cold & Allergy,MFG020,Manufacturer 020,SUP010,Supplier 010,REG-713065,Generic Ingredient 155,General Sale,4,6,0,29.76,7.56,0.0,Not Zero Sales,0.0,Low < 25,1
SKU00321,Sample Product 00321,Active,2026-01,191.1,0.326,Personal Care,Skin Care,MFG009,Manufacturer 009,SUP003,Supplier 003,REG-618043,Generic Ingredient 056,General Sale,31,41,0,7835.1,2554.24,0.0,Not Zero Sales,0.0,High 100-299,1
SKU00322,Sample Product 00322,Active,2026-03,5.25,0.41,General Merchandise,Travel Health,MFG005,Manufacturer 005,SUP019,Supplier 019,REG-875381,Generic Ingredient 092,Pharmacy Only,129,56,30,294.0,120.54,157.5,Not Zero Sales,0.0,Low < 25,1
SKU00323,Sample Product 00323,Blocked,2026-02,142.4,0.368,General Merchandise,Travel Health,MFG014,Manufacturer 014,SUP019,Supplier 019,REG-922823,Generic Ingredient 118,Pharmacy Only,43,0,0,0.0,0.0,0.0,Not Zero Sales,0.0,High 100-299,0
SKU00324,Sample Product 00324,Active,2026-05,292.57,0.276,Personal Care,Oral Care,MFG017,Manufacturer 017,SUP014,Supplier 014,REG-688610,Generic Ingredient 027,General Sale,29,5,0,1462.85,403.75,0.0,Not Zero Sales,0.0,High 100-299,1
SKU00325,Sample Product 00325,Active,2026-02,54.49,0.309,Personal Care,Hair Care,MFG001,Manufacturer 001,SUP002,Supplier 002,REG-929557,Generic Ingredient 144,General Sale,75,17,14,926.33,286.24,762.86,Not Zero Sales,0.0,Medium 25-99,1
SKU00326,Sample Product 00326,Active,2026-05,199.91,0.324,Personal Care,Hygiene,MFG004,Manufacturer 004,SUP005,Supplier 005,REG-883941,Generic Ingredient 080,Pharmacy Only,35,9,5,1799.19,582.94,999.55,Not Zero Sales,0.0,High 100-299,1
SKU00327,Sample Product 00327,Active,2026-05,229.26,0.423,OTC & Wellness,Cold & Allergy,MFG015,Manufacturer 015,SUP013,Supplier 013,REG-202495,Generic Ingredient 074,General Sale,56,0,46,0.0,0.0,10545.96,Active Zero Sales,10545.96,High 100-299,1
SKU00328,Sample Product 00328,Active,2026-04,85.73,0.221,Medical Devices,First Aid,MFG014,Manufacturer 014,SUP001,Supplier 001,REG-716711,Generic Ingredient 018,General Sale,103,73,12,6258.29,1383.08,1028.76,Not Zero Sales,0.0,Medium 25-99,1
SKU00329,Sample Product 00329,Active,2026-01,224.34,0.275,Personal Care,Hair Care,MFG004,Manufacturer 004,SUP009,Supplier 009,REG-399877,Generic Ingredient 030,General Sale,63,36,0,8076.24,2220.97,0.0,Not Zero Sales,0.0,High 100-299,1
SKU00330,Sample Product 00330,Active,2026-01,31.42,0.34,Nutrition,Adult Nutrition,MFG003,Manufacturer 003,SUP010,Supplier 010,REG-764664,Generic Ingredient 105,General Sale,63,0,48,0.0,0.0,1508.16,Active Zero Sales,1508.16,Medium 25-99,1
SKU00331,Sample Product 00331,Active,2026-04,212.68,0.317,Nutrition,Hydration,MFG017,Manufacturer 017,SUP026,Supplier 026,REG-250096,Generic Ingredient 040,Pharmacy Only,16,0,20,0.0,0.0,4253.6,Active Zero Sales,4253.6,High 100-299,1
SKU00332,Sample Product 00332,Blocked,2026-01,18.73,0.354,General Merchandise,Accessories,MFG005,Manufacturer 005,SUP002,Supplier 002,REG-470729,Generic Ingredient 037,Pharmacy Only,56,0,6,0.0,0.0,112.38,Not Zero Sales,0.0,Low < 25,0
SKU00333,Sample Product 00333,Blocked,2026-06,90.53,0.499,Personal Care,Oral Care,MFG004,Manufacturer 004,SUP011,Supplier 011,REG-980947,Generic Ingredient 005,General Sale,36,0,0,0.0,0.0,0.0,Not Zero Sales,0.0,Medium 25-99,0
SKU00334,Sample Product 00334,Active,2026-05,527.54,0.313,OTC & Wellness,Digestive Care,MFG004,Manufacturer 004,SUP016,Supplier 016,REG-465571,Generic Ingredient 063,General Sale,15,17,0,8968.18,2807.04,0.0,Not Zero Sales,0.0,Premium 300+,1
SKU00335,Sample Product 00335,Active,2026-03,366.62,0.227,Medical Devices,Mobility Aids,MFG010,Manufacturer 010,SUP011,Supplier 011,REG-702360,Generic Ingredient 048,General Sale,32,26,9,9532.12,2163.79,3299.58,Not Zero Sales,0.0,Premium 300+,1
SKU00336,Sample Product 00336,Active,2026-02,120.49,0.281,OTC & Wellness,Digestive Care,MFG016,Manufacturer 016,SUP016,Supplier 016,REG-125040,Generic Ingredient 027,General Sale,107,66,18,7952.34,2234.61,2168.82,Not Zero Sales,0.0,High 100-299,1
SKU00337,Sample Product 00337,Active,2026-06,88.19,0.338,OTC & Wellness,Pain Relief,MFG016,Manufacturer 016,SUP013,Supplier 013,REG-448304,Generic Ingredient 161,General Sale,52,35,22,3086.65,1043.29,1940.18,Not Zero Sales,0.0,Medium 25-99,1
SKU00338,Sample Product 00338,Active,2026-06,5.03,0.472,Personal Care,Hygiene,MFG020,Manufacturer 020,SUP027,Supplier 027,REG-668195,Generic Ingredient 149,General Sale,47,17,1,85.51,40.36,5.03,Not Zero Sales,0.0,Low < 25,1
SKU00339,Sample Product 00339,Active,2026-03,168.6,0.336,Personal Care,Oral Care,MFG020,Manufacturer 020,SUP019,Supplier 019,REG-920833,Generic Ingredient 052,General Sale,131,69,47,11633.4,3908.82,7924.2,Not Zero Sales,0.0,High 100-299,1
SKU00340,Sample Product 00340,Active,2026-02,76.01,0.232,Nutrition,Healthy Snacks,MFG012,Manufacturer 012,SUP011,Supplier 011,REG-243906,Generic Ingredient 119,General Sale,34,15,13,1140.15,264.51,988.13,Not Zero Sales,0.0,Medium 25-99,1
SKU00341,Sample Product 00341,Blocked,2026-03,9.07,0.437,OTC & Wellness,Vitamins,MFG012,Manufacturer 012,SUP003,Supplier 003,REG-539277,Generic Ingredient 010,General Sale,49,0,0,0.0,0.0,0.0,Not Zero Sales,0.0,Low < 25,0
SKU00342,Sample Product 00342,Active,2026-02,327.08,0.316,Personal Care,Hygiene,MFG019,Manufacturer 019,SUP009,Supplier 009,REG-791141,Generic Ingredient 098,General Sale,77,45,30,14718.6,4651.08,9812.4,Not Zero Sales,0.0,Premium 300+,1
SKU00343,Sample Product 00343,Active,2026-06,54.8,0.304,OTC & Wellness,Digestive Care,MFG015,Manufacturer 015,SUP011,Supplier 011,REG-922794,Generic Ingredient 114,General Sale,52,8,26,438.4,133.27,1424.8,Not Zero Sales,0.0,Medium 25-99,1
SKU00344,Sample Product 00344,Active,2026-03,49.91,0.277,OTC & Wellness,Digestive Care,MFG007,Manufacturer 007,SUP019,Supplier 019,REG-897206,Generic Ingredient 007,General Sale,98,0,51,0.0,0.0,2545.41,Active Zero Sales,2545.41,Medium 25-99,1
SKU00345,Sample Product 00345,Active,2026-05,20.57,0.372,General Merchandise,Seasonal Care,MFG016,Manufacturer 016,SUP017,Supplier 017,REG-563480,Generic Ingredient 109,Restricted Sale,110,40,31,822.8,306.08,637.67,Not Zero Sales,0.0,Low < 25,1
SKU00346,Sample Product 00346,Blocked,2026-03,112.48,0.289,Nutrition,Hydration,MFG009,Manufacturer 009,SUP019,Supplier 019,REG-154939,Generic Ingredient 049,General Sale,23,13,0,1462.24,422.59,0.0,Not Zero Sales,0.0,High 100-299,0
SKU00347,Sample Product 00347,Active,2026-04,17.57,0.358,Medical Devices,First Aid,MFG016,Manufacturer 016,SUP030,Supplier 030,REG-617506,Generic Ingredient 038,General Sale,63,32,19,562.24,201.28,333.83,Not Zero Sales,0.0,Low < 25,1
SKU00348,Sample Product 00348,Active,2026-03,83.55,0.347,OTC & Wellness,Digestive Care,MFG003,Manufacturer 003,SUP010,Supplier 010,REG-322091,Generic Ingredient 036,General Sale,43,10,0,835.5,289.92,0.0,Not Zero Sales,0.0,Medium 25-99,1
SKU00349,Sample Product 00349,Active,2026-04,241.1,0.381,Medical Devices,Mobility Aids,MFG014,Manufacturer 014,SUP011,Supplier 011,REG-529873,Generic Ingredient 164,General Sale,53,31,1,7474.1,2847.63,241.1,Not Zero Sales,0.0,High 100-299,1
SKU00350,Sample Product 00350,Active,2026-03,43.04,0.401,OTC & Wellness,Pain Relief,MFG003,Manufacturer 003,SUP008,Supplier 008,REG-587495,Generic Ingredient 103,Pharmacy Only,54,11,0,473.44,189.85,0.0,Not Zero Sales,0.0,Medium 25-99,1
SKU00351,Sample Product 00351,Active,2026-02,24.19,0.281,OTC & Wellness,Digestive Care,MFG009,Manufacturer 009,SUP018,Supplier 018,REG-298215,Generic Ingredient 039,General Sale,30,23,6,556.37,156.34,145.14,Not Zero Sales,0.0,Low < 25,1
SKU00352,Sample Product 00352,Active,2026-06,31.72,0.266,OTC & Wellness,Vitamins,MFG009,Manufacturer 009,SUP023,Supplier 023,REG-207436,Generic Ingredient 019,General Sale,41,27,9,856.44,227.81,285.48,Not Zero Sales,0.0,Medium 25-99,1
SKU00353,Sample Product 00353,Active,2026-06,186.63,0.365,Personal Care,Hair Care,MFG012,Manufacturer 012,SUP002,Supplier 002,REG-156851,Generic Ingredient 167,General Sale,37,0,44,0.0,0.0,8211.72,Active Zero Sales,8211.72,High 100-299,1
SKU00354,Sample Product 00354,Active,2026-04,97.88,0.255,OTC & Wellness,Pain Relief,MFG013,Manufacturer 013,SUP008,Supplier 008,REG-597346,Generic Ingredient 011,General Sale,111,78,8,7634.64,1946.83,783.04,Not Zero Sales,0.0,Medium 25-99,1
SKU00355,Sample Product 00355,Active,2026-03,22.14,0.26,Medical Devices,First Aid,MFG012,Manufacturer 012,SUP025,Supplier 025,REG-378640,Generic Ingredient 174,General Sale,83,17,21,376.38,97.86,464.94,Not Zero Sales,0.0,Low < 25,1
SKU00356,Sample Product 00356,Active,2026-04,80.73,0.255,OTC & Wellness,Digestive Care,MFG004,Manufacturer 004,SUP018,Supplier 018,REG-480278,Generic Ingredient 073,General Sale,59,13,6,1049.49,267.62,484.38,Not Zero Sales,0.0,Medium 25-99,1
SKU00357,Sample Product 00357,Active,2026-03,10.9,0.323,Nutrition,Healthy Snacks,MFG012,Manufacturer 012,SUP001,Supplier 001,REG-522225,Generic Ingredient 125,General Sale,66,15,8,163.5,52.81,87.2,Not Zero Sales,0.0,Low < 25,1
SKU00358,Sample Product 00358,Active,2026-04,56.59,0.346,General Merchandise,Seasonal Care,MFG003,Manufacturer 003,SUP007,Supplier 007,REG-772331,Generic Ingredient 096,General Sale,20,9,0,509.31,176.22,0.0,Not Zero Sales,0.0,Medium 25-99,1
SKU00359,Sample Product 00359,Active,2026-02,227.46,0.255,OTC & Wellness,Digestive Care,MFG017,Manufacturer 017,SUP017,Supplier 017,REG-188437,Generic Ingredient 076,General Sale,47,33,11,7506.18,1914.08,2502.06,Not Zero Sales,0.0,High 100-299,1
SKU00360,Sample Product 00360,Active,2026-01,8.78,0.28,Personal Care,Hygiene,MFG006,Manufacturer 006,SUP029,Supplier 029,REG-806343,Generic Ingredient 065,General Sale,71,23,26,201.94,56.54,228.28,Not Zero Sales,0.0,Low < 25,1
SKU00361,Sample Product 00361,Blocked,2026-06,126.83,0.359,Nutrition,Sports Nutrition,MFG020,Manufacturer 020,SUP017,Supplier 017,REG-338832,Generic Ingredient 057,Pharmacy Only,1,0,0,0.0,0.0,0.0,Not Zero Sales,0.0,High 100-299,0
SKU00362,Sample Product 00362,Active,2026-03,26.24,0.418,Personal Care,Skin Care,MFG005,Manufacturer 005,SUP029,Supplier 029,REG-124007,Generic Ingredient 173,General Sale,58,30,0,787.2,329.05,0.0,Not Zero Sales,0.0,Medium 25-99,1
SKU00363,Sample Product 00363,Active,2026-06,33.77,0.386,Personal Care,Hair Care,MFG017,Manufacturer 017,SUP015,Supplier 015,REG-680429,Generic Ingredient 068,General Sale,93,39,16,1317.03,508.37,540.32,Not Zero Sales,0.0,Medium 25-99,1
SKU00364,Sample Product 00364,Active,2026-02,87.29,0.383,General Merchandise,Baby Essentials,MFG009,Manufacturer 009,SUP017,Supplier 017,REG-872094,Generic Ingredient 113,General Sale,19,23,0,2007.67,768.94,0.0,Not Zero Sales,0.0,Medium 25-99,1
SKU00365,Sample Product 00365,Active,2026-05,232.35,0.399,OTC & Wellness,Pain Relief,MFG018,Manufacturer 018,SUP021,Supplier 021,REG-403821,Generic Ingredient 134,General Sale,57,14,0,3252.9,1297.91,0.0,Not Zero Sales,0.0,High 100-299,1
SKU00366,Sample Product 00366,Active,2026-03,8.44,0.122,Medical Devices,Monitoring Supplies,MFG011,Manufacturer 011,SUP021,Supplier 021,REG-114567,Generic Ingredient 176,Pharmacy Only,34,15,4,126.6,15.45,33.76,Not Zero Sales,0.0,Low < 25,1
SKU00367,Sample Product 00367,Active,2026-01,11.19,0.297,OTC & Wellness,Digestive Care,MFG012,Manufacturer 012,SUP015,Supplier 015,REG-489900,Generic Ingredient 139,General Sale,2,0,4,0.0,0.0,44.76,Active Zero Sales,44.76,Low < 25,1
SKU00368,Sample Product 00368,Blocked,2026-04,37.19,0.319,OTC & Wellness,Cold & Allergy,MFG018,Manufacturer 018,SUP013,Supplier 013,REG-407531,Generic Ingredient 122,General Sale,6,0,0,0.0,0.0,0.0,Not Zero Sales,0.0,Medium 25-99,0
SKU00369,Sample Product 00369,Active,2026-06,12.73,0.37,General Merchandise,Seasonal Care,MFG017,Manufacturer 017,SUP027,Supplier 027,REG-322865,Generic Ingredient 065,Pharmacy Only,30,25,4,318.25,117.75,50.92,Not Zero Sales,0.0,Low < 25,1
SKU00370,Sample Product 00370,Active,2026-06,156.03,0.332,Personal Care,Hygiene,MFG017,Manufacturer 017,SUP001,Supplier 001,REG-675002,Generic Ingredient 149,General Sale,31,22,11,3432.66,1139.64,1716.33,Not Zero Sales,0.0,High 100-299,1
SKU00371,Sample Product 00371,Active,2026-05,7.08,0.307,Personal Care,Hair Care,MFG020,Manufacturer 020,SUP030,Supplier 030,REG-171696,Generic Ingredient 019,General Sale,20,18,10,127.44,39.12,70.8,Not Zero Sales,0.0,Low < 25,1
SKU00372,Sample Product 00372,Active,2026-01,87.71,0.275,Nutrition,Adult Nutrition,MFG019,Manufacturer 019,SUP027,Supplier 027,REG-290968,Generic Ingredient 133,General Sale,126,44,33,3859.24,1061.29,2894.43,Not Zero Sales,0.0,Medium 25-99,1
SKU00373,Sample Product 00373,Active,2026-03,50.34,0.282,Personal Care,Skin Care,MFG001,Manufacturer 001,SUP011,Supplier 011,REG-798624,Generic Ingredient 007,General Sale,57,65,2,3272.1,922.73,100.68,Not Zero Sales,0.0,Medium 25-99,1
SKU00374,Sample Product 00374,Active,2026-01,85.32,0.441,Personal Care,Skin Care,MFG008,Manufacturer 008,SUP001,Supplier 001,REG-129225,Generic Ingredient 178,General Sale,67,40,8,3412.8,1505.04,682.56,Not Zero Sales,0.0,Medium 25-99,1
SKU00375,Sample Product 00375,Active,2026-02,33.11,0.287,Medical Devices,Mobility Aids,MFG014,Manufacturer 014,SUP011,Supplier 011,REG-607207,Generic Ingredient 033,General Sale,23,12,7,397.32,114.03,231.77,Not Zero Sales,0.0,Medium 25-99,1
SKU00376,Sample Product 00376,Active,2026-06,53.5,0.406,Personal Care,Skin Care,MFG020,Manufacturer 020,SUP015,Supplier 015,REG-332437,Generic Ingredient 167,Restricted Sale,27,28,4,1498.0,608.19,214.0,Not Zero Sales,0.0,Medium 25-99,1
SKU00377,Sample Product 00377,Active,2026-05,105.36,0.327,Nutrition,Adult Nutrition,MFG007,Manufacturer 007,SUP015,Supplier 015,REG-946636,Generic Ingredient 076,General Sale,132,68,21,7164.48,2342.78,2212.56,Not Zero Sales,0.0,High 100-299,1
SKU00378,Sample Product 00378,Blocked,2026-03,89.51,0.39,Personal Care,Oral Care,MFG013,Manufacturer 013,SUP009,Supplier 009,REG-889461,Generic Ingredient 121,Pharmacy Only,9,15,0,1342.65,523.63,0.0,Not Zero Sales,0.0,Medium 25-99,0
SKU00379,Sample Product 00379,Blocked,2026-01,29.74,0.229,Medical Devices,First Aid,MFG002,Manufacturer 002,SUP002,Supplier 002,REG-270674,Generic Ingredient 086,Pharmacy Only,28,19,0,565.06,129.4,0.0,Not Zero Sales,0.0,Medium 25-99,0
SKU00380,Sample Product 00380,Active,2026-06,58.86,0.31,Personal Care,Skin Care,MFG010,Manufacturer 010,SUP003,Supplier 003,REG-251935,Generic Ingredient 050,General Sale,91,58,19,3413.88,1058.3,1118.34,Not Zero Sales,0.0,Medium 25-99,1
SKU00381,Sample Product 00381,Blocked,2026-05,591.42,0.202,Medical Devices,Mobility Aids,MFG002,Manufacturer 002,SUP011,Supplier 011,REG-954744,Generic Ingredient 035,General Sale,0,0,0,0.0,0.0,0.0,Not Zero Sales,0.0,Premium 300+,0
SKU00382,Sample Product 00382,Active,2026-05,28.88,0.238,OTC & Wellness,Pain Relief,MFG015,Manufacturer 015,SUP010,Supplier 010,REG-836293,Generic Ingredient 172,General Sale,56,22,10,635.36,151.22,288.8,Not Zero Sales,0.0,Medium 25-99,1
SKU00383,Sample Product 00383,Blocked,2026-02,24.05,0.408,Personal Care,Oral Care,MFG008,Manufacturer 008,SUP024,Supplier 024,REG-244767,Generic Ingredient 104,General Sale,0,0,0,0.0,0.0,0.0,Not Zero Sales,0.0,Low < 25,0
SKU00384,Sample Product 00384,Active,2026-06,573.53,0.196,Medical Devices,Mobility Aids,MFG006,Manufacturer 006,SUP011,Supplier 011,REG-610417,Generic Ingredient 147,General Sale,135,69,28,39573.57,7756.42,16058.84,Not Zero Sales,0.0,Premium 300+,1
SKU00385,Sample Product 00385,Active,2026-01,53.89,0.201,General Merchandise,Baby Essentials,MFG016,Manufacturer 016,SUP020,Supplier 020,REG-922756,Generic Ingredient 044,General Sale,65,0,63,0.0,0.0,3395.07,Active Zero Sales,3395.07,Medium 25-99,1
SKU00386,Sample Product 00386,Active,2026-03,7.72,0.249,General Merchandise,Travel Health,MFG020,Manufacturer 020,SUP019,Supplier 019,REG-876851,Generic Ingredient 125,General Sale,58,41,7,316.52,78.81,54.04,Not Zero Sales,0.0,Low < 25,1
SKU00387,Sample Product 00387,Active,2026-03,47.16,0.444,OTC & Wellness,Digestive Care,MFG014,Manufacturer 014,SUP013,Supplier 013,REG-139011,Generic Ingredient 145,General Sale,101,0,55,0.0,0.0,2593.8,Active Zero Sales,2593.8,Medium 25-99,1
SKU00388,Sample Product 00388,Blocked,2026-03,9.46,0.331,Nutrition,Sports Nutrition,MFG016,Manufacturer 016,SUP004,Supplier 004,REG-399710,Generic Ingredient 012,General Sale,2,0,0,0.0,0.0,0.0,Not Zero Sales,0.0,Low < 25,0
SKU00389,Sample Product 00389,Blocked,2026-05,237.42,0.366,Personal Care,Oral Care,MFG006,Manufacturer 006,SUP015,Supplier 015,REG-358399,Generic Ingredient 125,General Sale,28,0,0,0.0,0.0,0.0,Not Zero Sales,0.0,High 100-299,0
SKU00390,Sample Product 00390,Active,2026-03,58.84,0.426,Nutrition,Sports Nutrition,MFG019,Manufacturer 019,SUP009,Supplier 009,REG-143951,Generic Ingredient 013,General Sale,94,0,53,0.0,0.0,3118.52,Active Zero Sales,3118.52,Medium 25-99,1
SKU00391,Sample Product 00391,Active,2026-04,70.69,0.298,Medical Devices,Home Diagnostics,MFG007,Manufacturer 007,SUP003,Supplier 003,REG-654469,Generic Ingredient 114,General Sale,87,42,24,2968.98,884.76,1696.56,Not Zero Sales,0.0,Medium 25-99,1
SKU00392,Sample Product 00392,Blocked,2026-02,70.33,0.354,OTC & Wellness,Digestive Care,MFG019,Manufacturer 019,SUP026,Supplier 026,REG-978934,Generic Ingredient 131,General Sale,23,0,7,0.0,0.0,492.31,Not Zero Sales,0.0,Medium 25-99,0
SKU00393,Sample Product 00393,Blocked,2026-04,211.9,0.35,General Merchandise,Seasonal Care,MFG007,Manufacturer 007,SUP030,Supplier 030,REG-858666,Generic Ingredient 093,Pharmacy Only,33,0,9,0.0,0.0,1907.1,Not Zero Sales,0.0,High 100-299,0
SKU00394,Sample Product 00394,Active,2026-04,647.95,0.35,Personal Care,Oral Care,MFG015,Manufacturer 015,SUP002,Supplier 002,REG-859110,Generic Ingredient 119,General Sale,157,97,50,62851.15,21997.9,32397.5,Not Zero Sales,0.0,Premium 300+,1
SKU00395,Sample Product 00395,Active,2026-01,95.35,0.396,Medical Devices,First Aid,MFG008,Manufacturer 008,SUP020,Supplier 020,REG-117422,Generic Ingredient 067,Pharmacy Only,49,21,30,2002.35,792.93,2860.5,Not Zero Sales,0.0,Medium 25-99,1
SKU00396,Sample Product 00396,Active,2026-05,6.26,0.333,OTC & Wellness,Digestive Care,MFG011,Manufacturer 011,SUP016,Supplier 016,REG-638247,Generic Ingredient 032,General Sale,44,0,15,0.0,0.0,93.9,Active Zero Sales,93.9,Low < 25,1
SKU00397,Sample Product 00397,Active,2026-02,348.24,0.275,OTC & Wellness,Digestive Care,MFG008,Manufacturer 008,SUP008,Supplier 008,REG-479134,Generic Ingredient 023,Pharmacy Only,82,0,64,0.0,0.0,22287.36,Active Zero Sales,22287.36,Premium 300+,1
SKU00398,Sample Product 00398,Active,2026-02,93.81,0.39,General Merchandise,Seasonal Care,MFG019,Manufacturer 019,SUP018,Supplier 018,REG-174357,Generic Ingredient 045,General Sale,47,0,24,0.0,0.0,2251.44,Active Zero Sales,2251.44,Medium 25-99,1
SKU00399,Sample Product 00399,Active,2026-04,28.33,0.424,OTC & Wellness,Cold & Allergy,MFG017,Manufacturer 017,SUP027,Supplier 027,REG-607052,Generic Ingredient 090,General Sale,209,148,57,4192.84,1777.76,1614.81,Not Zero Sales,0.0,Medium 25-99,1
SKU00400,Sample Product 00400,Active,2026-01,114.78,0.396,Personal Care,Hygiene,MFG012,Manufacturer 012,SUP006,Supplier 006,REG-612464,Generic Ingredient 064,Pharmacy Only,37,21,16,2410.38,954.51,1836.48,Not Zero Sales,0.0,High 100-299,1
SKU00401,Sample Product 00401,Blocked,2026-05,55.0,0.319,General Merchandise,Baby Essentials,MFG015,Manufacturer 015,SUP015,Supplier 015,REG-764839,Generic Ingredient 105,General Sale,39,3,16,165.0,52.64,880.0,Not Zero Sales,0.0,Medium 25-99,0
SKU00402,Sample Product 00402,Active,2026-03,13.38,0.176,Medical Devices,First Aid,MFG005,Manufacturer 005,SUP019,Supplier 019,REG-414972,Generic Ingredient 114,General Sale,124,70,27,936.6,164.84,361.26,Not Zero Sales,0.0,Low < 25,1
SKU00403,Sample Product 00403,Active,2026-02,7.96,0.291,Medical Devices,Monitoring Supplies,MFG005,Manufacturer 005,SUP002,Supplier 002,REG-331992,Generic Ingredient 081,General Sale,52,5,24,39.8,11.58,191.04,Not Zero Sales,0.0,Low < 25,1
SKU00404,Sample Product 00404,Active,2026-05,10.09,0.365,Nutrition,Healthy Snacks,MFG015,Manufacturer 015,SUP023,Supplier 023,REG-489540,Generic Ingredient 075,General Sale,26,29,0,292.61,106.8,0.0,Not Zero Sales,0.0,Low < 25,1
SKU00405,Sample Product 00405,Active,2026-05,18.93,0.229,Medical Devices,Monitoring Supplies,MFG003,Manufacturer 003,SUP010,Supplier 010,REG-379369,Generic Ingredient 041,General Sale,44,2,11,37.86,8.67,208.23,Not Zero Sales,0.0,Low < 25,1
SKU00406,Sample Product 00406,Active,2026-05,277.61,0.337,Nutrition,Sports Nutrition,MFG009,Manufacturer 009,SUP018,Supplier 018,REG-515171,Generic Ingredient 096,General Sale,71,16,11,4441.76,1496.87,3053.71,Not Zero Sales,0.0,High 100-299,1
SKU00407,Sample Product 00407,Active,2026-06,64.04,0.444,Nutrition,Healthy Snacks,MFG007,Manufacturer 007,SUP009,Supplier 009,REG-900506,Generic Ingredient 105,General Sale,61,28,0,1793.12,796.15,0.0,Not Zero Sales,0.0,Medium 25-99,1
SKU00408,Sample Product 00408,Active,2026-02,28.01,0.375,OTC & Wellness,Digestive Care,MFG009,Manufacturer 009,SUP019,Supplier 019,REG-759930,Generic Ingredient 061,General Sale,30,25,11,700.25,262.59,308.11,Not Zero Sales,0.0,Medium 25-99,1
SKU00409,Sample Product 00409,Active,2026-01,9.68,0.316,OTC & Wellness,Vitamins,MFG012,Manufacturer 012,SUP006,Supplier 006,REG-582562,Generic Ingredient 004,Pharmacy Only,75,42,11,406.56,128.47,106.48,Not Zero Sales,0.0,Low < 25,1
SKU00410,Sample Product 00410,Blocked,2026-02,85.99,0.429,Personal Care,Skin Care,MFG010,Manufacturer 010,SUP015,Supplier 015,REG-536819,Generic Ingredient 114,Pharmacy Only,21,0,0,0.0,0.0,0.0,Not Zero Sales,0.0,Medium 25-99,0
SKU00411,Sample Product 00411,Active,2026-03,10.94,0.392,Personal Care,Hair Care,MFG015,Manufacturer 015,SUP015,Supplier 015,REG-859255,Generic Ingredient 153,General Sale,22,15,4,164.1,64.33,43.76,Not Zero Sales,0.0,Low < 25,1
SKU00412,Sample Product 00412,Active,2026-01,88.73,0.216,Nutrition,Healthy Snacks,MFG007,Manufacturer 007,SUP016,Supplier 016,REG-903928,Generic Ingredient 079,General Sale,54,46,0,4081.58,881.62,0.0,Not Zero Sales,0.0,Medium 25-99,1
SKU00413,Sample Product 00413,Active,2026-04,78.95,0.286,OTC & Wellness,Digestive Care,MFG006,Manufacturer 006,SUP013,Supplier 013,REG-676606,Generic Ingredient 089,Pharmacy Only,30,34,6,2684.3,767.71,473.7,Not Zero Sales,0.0,Medium 25-99,1
SKU00414,Sample Product 00414,Active,2026-05,199.99,0.34,OTC & Wellness,Digestive Care,MFG007,Manufacturer 007,SUP029,Supplier 029,REG-263102,Generic Ingredient 047,Pharmacy Only,40,15,12,2999.85,1019.95,2399.88,Not Zero Sales,0.0,High 100-299,1
SKU00415,Sample Product 00415,Active,2026-01,139.93,0.316,Nutrition,Adult Nutrition,MFG017,Manufacturer 017,SUP009,Supplier 009,REG-665320,Generic Ingredient 127,Pharmacy Only,22,12,3,1679.16,530.61,419.79,Not Zero Sales,0.0,High 100-299,1
SKU00416,Sample Product 00416,Active,2026-04,6.4,0.328,Personal Care,Skin Care,MFG010,Manufacturer 010,SUP026,Supplier 026,REG-164764,Generic Ingredient 036,General Sale,14,22,0,140.8,46.18,0.0,Not Zero Sales,0.0,Low < 25,1
SKU00417,Sample Product 00417,Active,2026-03,72.37,0.329,General Merchandise,Seasonal Care,MFG014,Manufacturer 014,SUP030,Supplier 030,REG-261343,Generic Ingredient 006,General Sale,67,0,34,0.0,0.0,2460.58,Active Zero Sales,2460.58,Medium 25-99,1
SKU00418,Sample Product 00418,Active,2026-01,105.7,0.419,General Merchandise,Travel Health,MFG002,Manufacturer 002,SUP019,Supplier 019,REG-904399,Generic Ingredient 119,General Sale,54,0,47,0.0,0.0,4967.9,Active Zero Sales,4967.9,High 100-299,1
SKU00419,Sample Product 00419,Active,2026-01,216.03,0.454,Personal Care,Hygiene,MFG006,Manufacturer 006,SUP024,Supplier 024,REG-197811,Generic Ingredient 077,General Sale,51,25,21,5400.75,2451.94,4536.63,Not Zero Sales,0.0,High 100-299,1
SKU00420,Sample Product 00420,Active,2026-06,23.29,0.199,Medical Devices,Monitoring Supplies,MFG004,Manufacturer 004,SUP021,Supplier 021,REG-481399,Generic Ingredient 179,General Sale,35,24,8,558.96,111.23,186.32,Not Zero Sales,0.0,Low < 25,1
SKU00421,Sample Product 00421,Blocked,2026-04,89.41,0.288,General Merchandise,Seasonal Care,MFG012,Manufacturer 012,SUP009,Supplier 009,REG-245185,Generic Ingredient 179,Pharmacy Only,47,24,0,2145.84,618.0,0.0,Not Zero Sales,0.0,Medium 25-99,0
SKU00422,Sample Product 00422,Blocked,2026-04,30.18,0.512,OTC & Wellness,Pain Relief,MFG020,Manufacturer 020,SUP020,Supplier 020,REG-498559,Generic Ingredient 100,Pharmacy Only,2,0,0,0.0,0.0,0.0,Not Zero Sales,0.0,Medium 25-99,0
SKU00423,Sample Product 00423,Active,2026-03,155.86,0.247,Medical Devices,Mobility Aids,MFG008,Manufacturer 008,SUP011,Supplier 011,REG-833804,Generic Ingredient 114,Pharmacy Only,54,0,39,0.0,0.0,6078.54,Active Zero Sales,6078.54,High 100-299,1
SKU00424,Sample Product 00424,Active,2026-01,18.1,0.282,Nutrition,Hydration,MFG006,Manufacturer 006,SUP023,Supplier 023,REG-731495,Generic Ingredient 048,General Sale,31,25,4,452.5,127.61,72.4,Not Zero Sales,0.0,Low < 25,1
SKU00425,Sample Product 00425,Blocked,2026-01,12.45,0.405,Personal Care,Hygiene,MFG007,Manufacturer 007,SUP028,Supplier 028,REG-893874,Generic Ingredient 134,General Sale,0,0,0,0.0,0.0,0.0,Not Zero Sales,0.0,Low < 25,0
SKU00426,Sample Product 00426,Active,2026-01,105.42,0.317,Nutrition,Sports Nutrition,MFG011,Manufacturer 011,SUP023,Supplier 023,REG-903311,Generic Ingredient 009,General Sale,42,16,0,1686.72,534.69,0.0,Not Zero Sales,0.0,High 100-299,1
SKU00427,Sample Product 00427,Active,2026-06,40.33,0.366,Personal Care,Oral Care,MFG004,Manufacturer 004,SUP008,Supplier 008,REG-768097,Generic Ingredient 061,General Sale,75,38,11,1532.54,560.91,443.63,Not Zero Sales,0.0,Medium 25-99,1
SKU00428,Sample Product 00428,Active,2026-03,467.62,0.318,OTC & Wellness,Vitamins,MFG019,Manufacturer 019,SUP015,Supplier 015,REG-991548,Generic Ingredient 034,General Sale,39,16,3,7481.92,2379.25,1402.86,Not Zero Sales,0.0,Premium 300+,1
SKU00429,Sample Product 00429,Active,2026-02,228.7,0.392,Personal Care,Skin Care,MFG013,Manufacturer 013,SUP012,Supplier 012,REG-261861,Generic Ingredient 154,Pharmacy Only,67,48,17,10977.6,4303.22,3887.9,Not Zero Sales,0.0,High 100-299,1
SKU00430,Sample Product 00430,Blocked,2026-02,13.36,0.308,OTC & Wellness,Pain Relief,MFG014,Manufacturer 014,SUP030,Supplier 030,REG-952022,Generic Ingredient 150,General Sale,10,0,0,0.0,0.0,0.0,Not Zero Sales,0.0,Low < 25,0
SKU00431,Sample Product 00431,Active,2026-06,44.88,0.27,Medical Devices,Monitoring Supplies,MFG011,Manufacturer 011,SUP030,Supplier 030,REG-754604,Generic Ingredient 027,General Sale,134,102,37,4577.76,1236.0,1660.56,Not Zero Sales,0.0,Medium 25-99,1
SKU00432,Sample Product 00432,Active,2026-06,47.81,0.443,General Merchandise,Accessories,MFG007,Manufacturer 007,SUP029,Supplier 029,REG-477017,Generic Ingredient 154,General Sale,45,12,0,573.72,254.16,0.0,Not Zero Sales,0.0,Medium 25-99,1
SKU00433,Sample Product 00433,Blocked,2026-04,174.92,0.365,Personal Care,Hygiene,MFG009,Manufacturer 009,SUP008,Supplier 008,REG-642495,Generic Ingredient 125,General Sale,16,0,0,0.0,0.0,0.0,Not Zero Sales,0.0,High 100-299,0
SKU00434,Sample Product 00434,Active,2026-04,98.37,0.286,Medical Devices,Mobility Aids,MFG007,Manufacturer 007,SUP011,Supplier 011,REG-278280,Generic Ingredient 158,General Sale,49,0,16,0.0,0.0,1573.92,Active Zero Sales,1573.92,Medium 25-99,1
SKU00435,Sample Product 00435,Active,2026-05,6.63,0.32,Nutrition,Hydration,MFG013,Manufacturer 013,SUP018,Supplier 018,REG-312947,Generic Ingredient 092,General Sale,71,54,3,358.02,114.57,19.89,Not Zero Sales,0.0,Low < 25,1
SKU00436,Sample Product 00436,Active,2026-03,9.98,0.47,OTC & Wellness,Digestive Care,MFG011,Manufacturer 011,SUP021,Supplier 021,REG-883793,Generic Ingredient 099,General Sale,56,48,3,479.04,225.15,29.94,Not Zero Sales,0.0,Low < 25,1
SKU00437,Sample Product 00437,Active,2026-02,248.32,0.34,General Merchandise,Baby Essentials,MFG017,Manufacturer 017,SUP030,Supplier 030,REG-274258,Generic Ingredient 039,Pharmacy Only,91,41,14,10181.12,3461.58,3476.48,Not Zero Sales,0.0,High 100-299,1
SKU00438,Sample Product 00438,Active,2026-03,9.82,0.225,OTC & Wellness,Vitamins,MFG009,Manufacturer 009,SUP029,Supplier 029,REG-188492,Generic Ingredient 052,General Sale,22,18,0,176.76,39.77,0.0,Not Zero Sales,0.0,Low < 25,1
SKU00439,Sample Product 00439,Active,2026-04,76.0,0.298,General Merchandise,Seasonal Care,MFG015,Manufacturer 015,SUP020,Supplier 020,REG-925412,Generic Ingredient 137,Pharmacy Only,43,0,42,0.0,0.0,3192.0,Active Zero Sales,3192.0,Medium 25-99,1
SKU00440,Sample Product 00440,Active,2026-04,4.03,0.193,Medical Devices,First Aid,MFG013,Manufacturer 013,SUP016,Supplier 016,REG-721594,Generic Ingredient 170,Pharmacy Only,21,14,0,56.42,10.89,0.0,Not Zero Sales,0.0,Low < 25,1
SKU00441,Sample Product 00441,Blocked,2026-02,33.48,0.398,Personal Care,Hygiene,MFG007,Manufacturer 007,SUP006,Supplier 006,REG-932741,Generic Ingredient 114,General Sale,18,22,0,736.56,293.15,0.0,Not Zero Sales,0.0,Medium 25-99,0
SKU00442,Sample Product 00442,Active,2026-03,13.89,0.362,Personal Care,Hair Care,MFG010,Manufacturer 010,SUP006,Supplier 006,REG-866166,Generic Ingredient 011,General Sale,10,8,4,111.12,40.23,55.56,Not Zero Sales,0.0,Low < 25,1
SKU00443,Sample Product 00443,Active,2026-01,80.41,0.291,OTC & Wellness,Cold & Allergy,MFG002,Manufacturer 002,SUP012,Supplier 012,REG-424683,Generic Ingredient 010,General Sale,45,16,23,1286.56,374.39,1849.43,Not Zero Sales,0.0,Medium 25-99,1
SKU00444,Sample Product 00444,Active,2026-06,56.91,0.273,OTC & Wellness,Vitamins,MFG003,Manufacturer 003,SUP023,Supplier 023,REG-466552,Generic Ingredient 076,General Sale,41,0,21,0.0,0.0,1195.11,Active Zero Sales,1195.11,Medium 25-99,1
SKU00445,Sample Product 00445,Active,2026-01,72.4,0.316,Personal Care,Hair Care,MFG018,Manufacturer 018,SUP023,Supplier 023,REG-631888,Generic Ingredient 069,General Sale,103,50,12,3620.0,1143.92,868.8,Not Zero Sales,0.0,Medium 25-99,1
SKU00446,Sample Product 00446,Active,2026-05,51.49,0.34,OTC & Wellness,Vitamins,MFG011,Manufacturer 011,SUP010,Supplier 010,REG-848637,Generic Ingredient 085,General Sale,78,72,13,3707.28,1260.48,669.37,Not Zero Sales,0.0,Medium 25-99,1
SKU00447,Sample Product 00447,Blocked,2026-04,24.44,0.082,General Merchandise,Baby Essentials,MFG013,Manufacturer 013,SUP013,Supplier 013,REG-141528,Generic Ingredient 060,General Sale,49,0,9,0.0,0.0,219.96,Not Zero Sales,0.0,Low < 25,0
SKU00448,Sample Product 00448,Active,2026-06,21.49,0.452,Personal Care,Hygiene,MFG006,Manufacturer 006,SUP012,Supplier 012,REG-679926,Generic Ingredient 133,General Sale,77,23,11,494.27,223.41,236.39,Not Zero Sales,0.0,Low < 25,1
SKU00449,Sample Product 00449,Active,2026-03,99.33,0.264,OTC & Wellness,Digestive Care,MFG004,Manufacturer 004,SUP025,Supplier 025,REG-676624,Generic Ingredient 084,Pharmacy Only,130,53,29,5264.49,1389.83,2880.57,Not Zero Sales,0.0,Medium 25-99,1
SKU00450,Sample Product 00450,Active,2026-02,17.22,0.288,Nutrition,Healthy Snacks,MFG016,Manufacturer 016,SUP028,Supplier 028,REG-833966,Generic Ingredient 175,General Sale,98,34,18,585.48,168.62,309.96,Not Zero Sales,0.0,Low < 25,1
SKU00451,Sample Product 00451,Active,2026-03,25.11,0.371,Personal Care,Oral Care,MFG010,Manufacturer 010,SUP001,Supplier 001,REG-565333,Generic Ingredient 150,General Sale,52,44,18,1104.84,409.9,451.98,Not Zero Sales,0.0,Medium 25-99,1
SKU00452,Sample Product 00452,Active,2026-06,80.34,0.318,Nutrition,Adult Nutrition,MFG010,Manufacturer 010,SUP030,Supplier 030,REG-507942,Generic Ingredient 158,General Sale,29,28,6,2249.52,715.35,482.04,Not Zero Sales,0.0,Medium 25-99,1
SKU00453,Sample Product 00453,Active,2026-03,20.22,0.404,General Merchandise,Seasonal Care,MFG004,Manufacturer 004,SUP007,Supplier 007,REG-488932,Generic Ingredient 151,Pharmacy Only,88,29,19,586.38,236.9,384.18,Not Zero Sales,0.0,Low < 25,1
SKU00454,Sample Product 00454,Active,2026-05,6.43,0.289,OTC & Wellness,Digestive Care,MFG016,Manufacturer 016,SUP001,Supplier 001,REG-345574,Generic Ingredient 162,General Sale,93,45,15,289.35,83.62,96.45,Not Zero Sales,0.0,Low < 25,1
SKU00455,Sample Product 00455,Blocked,2026-02,524.26,0.352,General Merchandise,Travel Health,MFG002,Manufacturer 002,SUP019,Supplier 019,REG-714310,Generic Ingredient 033,General Sale,27,0,0,0.0,0.0,0.0,Not Zero Sales,0.0,Premium 300+,0
SKU00456,Sample Product 00456,Active,2026-03,23.04,0.353,Personal Care,Skin Care,MFG004,Manufacturer 004,SUP002,Supplier 002,REG-670099,Generic Ingredient 059,Pharmacy Only,147,93,42,2142.72,756.38,967.68,Not Zero Sales,0.0,Low < 25,1
SKU00457,Sample Product 00457,Active,2026-04,48.91,0.362,Nutrition,Adult Nutrition,MFG005,Manufacturer 005,SUP025,Supplier 025,REG-359316,Generic Ingredient 072,General Sale,82,30,28,1467.3,531.16,1369.48,Not Zero Sales,0.0,Medium 25-99,1
SKU00458,Sample Product 00458,Active,2026-06,138.11,0.213,Nutrition,Hydration,MFG002,Manufacturer 002,SUP002,Supplier 002,REG-554425,Generic Ingredient 006,General Sale,182,99,35,13672.89,2912.33,4833.85,Not Zero Sales,0.0,High 100-299,1
SKU00459,Sample Product 00459,Active,2026-06,66.67,0.398,OTC & Wellness,Digestive Care,MFG007,Manufacturer 007,SUP015,Supplier 015,REG-453134,Generic Ingredient 097,Pharmacy Only,66,37,8,2466.79,981.78,533.36,Not Zero Sales,0.0,Medium 25-99,1
SKU00460,Sample Product 00460,Active,2026-06,35.65,0.243,OTC & Wellness,Vitamins,MFG013,Manufacturer 013,SUP024,Supplier 024,REG-284904,Generic Ingredient 051,Restricted Sale,109,62,4,2210.3,537.1,142.6,Not Zero Sales,0.0,Medium 25-99,1
SKU00461,Sample Product 00461,Active,2026-04,123.77,0.344,OTC & Wellness,Vitamins,MFG019,Manufacturer 019,SUP016,Supplier 016,REG-633110,Generic Ingredient 094,General Sale,29,20,15,2475.4,851.54,1856.55,Not Zero Sales,0.0,High 100-299,1
SKU00462,Sample Product 00462,Active,2026-03,9.34,0.276,Nutrition,Healthy Snacks,MFG002,Manufacturer 002,SUP001,Supplier 001,REG-220171,Generic Ingredient 006,General Sale,88,56,20,523.04,144.36,186.8,Not Zero Sales,0.0,Low < 25,1
SKU00463,Sample Product 00463,Active,2026-04,168.75,0.306,General Merchandise,Travel Health,MFG019,Manufacturer 019,SUP019,Supplier 019,REG-497404,Generic Ingredient 054,Pharmacy Only,63,31,16,5231.25,1600.76,2700.0,Not Zero Sales,0.0,High 100-299,1
SKU00464,Sample Product 00464,Active,2026-06,15.52,0.288,Nutrition,Adult Nutrition,MFG005,Manufacturer 005,SUP003,Supplier 003,REG-108960,Generic Ingredient 173,Pharmacy Only,12,4,16,62.08,17.88,248.32,Not Zero Sales,0.0,Low < 25,1
SKU00465,Sample Product 00465,Active,2026-05,15.68,0.457,OTC & Wellness,Digestive Care,MFG005,Manufacturer 005,SUP017,Supplier 017,REG-301609,Generic Ingredient 107,General Sale,63,10,30,156.8,71.66,470.4,Not Zero Sales,0.0,Low < 25,1
SKU00466,Sample Product 00466,Active,2026-04,43.64,0.272,Nutrition,Healthy Snacks,MFG004,Manufacturer 004,SUP004,Supplier 004,REG-940992,Generic Ingredient 052,General Sale,76,32,20,1396.48,379.84,872.8,Not Zero Sales,0.0,Medium 25-99,1
SKU00467,Sample Product 00467,Active,2026-05,62.86,0.463,General Merchandise,Baby Essentials,MFG007,Manufacturer 007,SUP001,Supplier 001,REG-794030,Generic Ingredient 169,General Sale,104,35,30,2200.1,1018.65,1885.8,Not Zero Sales,0.0,Medium 25-99,1
SKU00468,Sample Product 00468,Active,2026-05,193.92,0.197,Medical Devices,Mobility Aids,MFG006,Manufacturer 006,SUP011,Supplier 011,REG-984716,Generic Ingredient 079,General Sale,44,34,0,6593.28,1298.88,0.0,Not Zero Sales,0.0,High 100-299,1
SKU00469,Sample Product 00469,Active,2026-01,21.35,0.272,Nutrition,Sports Nutrition,MFG012,Manufacturer 012,SUP029,Supplier 029,REG-286532,Generic Ingredient 159,Pharmacy Only,53,21,0,448.35,121.95,0.0,Not Zero Sales,0.0,Low < 25,1
SKU00470,Sample Product 00470,Active,2026-03,15.36,0.345,OTC & Wellness,Pain Relief,MFG005,Manufacturer 005,SUP023,Supplier 023,REG-769868,Generic Ingredient 022,General Sale,57,23,13,353.28,121.88,199.68,Not Zero Sales,0.0,Low < 25,1
SKU00471,Sample Product 00471,Active,2026-05,17.98,0.314,Nutrition,Hydration,MFG012,Manufacturer 012,SUP007,Supplier 007,REG-156271,Generic Ingredient 090,General Sale,64,25,5,449.5,141.14,89.9,Not Zero Sales,0.0,Low < 25,1
SKU00472,Sample Product 00472,Active,2026-05,28.62,0.32,General Merchandise,Seasonal Care,MFG010,Manufacturer 010,SUP004,Supplier 004,REG-861313,Generic Ingredient 170,General Sale,80,38,24,1087.56,348.02,686.88,Not Zero Sales,0.0,Medium 25-99,1
SKU00473,Sample Product 00473,Active,2026-01,4.44,0.299,General Merchandise,Accessories,MFG003,Manufacturer 003,SUP027,Supplier 027,REG-306533,Generic Ingredient 161,General Sale,80,15,18,66.6,19.91,79.92,Not Zero Sales,0.0,Low < 25,1
SKU00474,Sample Product 00474,Active,2026-06,44.95,0.455,General Merchandise,Seasonal Care,MFG002,Manufacturer 002,SUP023,Supplier 023,REG-144955,Generic Ingredient 155,General Sale,81,38,1,1708.1,777.19,44.95,Not Zero Sales,0.0,Medium 25-99,1
SKU00475,Sample Product 00475,Active,2026-06,24.09,0.384,Medical Devices,Monitoring Supplies,MFG009,Manufacturer 009,SUP008,Supplier 008,REG-619169,Generic Ingredient 017,General Sale,106,69,18,1662.21,638.29,433.62,Not Zero Sales,0.0,Low < 25,1
SKU00476,Sample Product 00476,Active,2026-03,76.96,0.218,General Merchandise,Accessories,MFG020,Manufacturer 020,SUP021,Supplier 021,REG-124089,Generic Ingredient 105,General Sale,34,13,13,1000.48,218.1,1000.48,Not Zero Sales,0.0,Medium 25-99,1
SKU00477,Sample Product 00477,Active,2026-02,5.37,0.361,General Merchandise,Accessories,MFG012,Manufacturer 012,SUP009,Supplier 009,REG-810416,Generic Ingredient 139,General Sale,56,6,9,32.22,11.63,48.33,Not Zero Sales,0.0,Low < 25,1
SKU00478,Sample Product 00478,Active,2026-01,140.26,0.329,Medical Devices,First Aid,MFG019,Manufacturer 019,SUP030,Supplier 030,REG-861639,Generic Ingredient 032,General Sale,110,35,30,4909.1,1615.09,4207.8,Not Zero Sales,0.0,High 100-299,1
SKU00479,Sample Product 00479,Active,2026-06,85.99,0.465,Personal Care,Skin Care,MFG016,Manufacturer 016,SUP018,Supplier 018,REG-120668,Generic Ingredient 017,General Sale,81,44,26,3783.56,1759.36,2235.74,Not Zero Sales,0.0,Medium 25-99,1
SKU00480,Sample Product 00480,Active,2026-03,138.93,0.334,Medical Devices,First Aid,MFG020,Manufacturer 020,SUP009,Supplier 009,REG-676274,Generic Ingredient 038,General Sale,132,82,26,11392.26,3805.01,3612.18,Not Zero Sales,0.0,High 100-299,1
SKU00481,Sample Product 00481,Active,2026-05,117.08,0.333,Nutrition,Sports Nutrition,MFG014,Manufacturer 014,SUP014,Supplier 014,REG-875084,Generic Ingredient 132,General Sale,138,84,37,9834.72,3274.96,4331.96,Not Zero Sales,0.0,High 100-299,1
SKU00482,Sample Product 00482,Active,2026-04,9.47,0.433,General Merchandise,Seasonal Care,MFG020,Manufacturer 020,SUP015,Supplier 015,REG-274512,Generic Ingredient 170,Pharmacy Only,120,65,20,615.55,266.53,189.4,Not Zero Sales,0.0,Low < 25,1
SKU00483,Sample Product 00483,Active,2026-02,83.12,0.298,Medical Devices,First Aid,MFG005,Manufacturer 005,SUP010,Supplier 010,REG-475558,Generic Ingredient 144,General Sale,11,15,0,1246.8,371.55,0.0,Not Zero Sales,0.0,Medium 25-99,1
SKU00484,Sample Product 00484,Active,2026-06,384.01,0.191,Medical Devices,Monitoring Supplies,MFG006,Manufacturer 006,SUP017,Supplier 017,REG-138833,Generic Ingredient 059,General Sale,75,18,25,6912.18,1320.23,9600.25,Not Zero Sales,0.0,Premium 300+,1
SKU00485,Sample Product 00485,Active,2026-04,247.56,0.213,Medical Devices,Mobility Aids,MFG011,Manufacturer 011,SUP011,Supplier 011,REG-688004,Generic Ingredient 006,General Sale,208,149,56,36886.44,7856.81,13863.36,Not Zero Sales,0.0,High 100-299,1
SKU00486,Sample Product 00486,Active,2026-05,8.25,0.339,General Merchandise,Seasonal Care,MFG018,Manufacturer 018,SUP019,Supplier 019,REG-406915,Generic Ingredient 154,General Sale,33,10,3,82.5,27.97,24.75,Not Zero Sales,0.0,Low < 25,1
SKU00487,Sample Product 00487,Active,2026-01,146.6,0.351,OTC & Wellness,Vitamins,MFG014,Manufacturer 014,SUP004,Supplier 004,REG-360814,Generic Ingredient 034,Pharmacy Only,70,12,23,1759.2,617.48,3371.8,Not Zero Sales,0.0,High 100-299,1
SKU00488,Sample Product 00488,Active,2026-04,84.93,0.407,Personal Care,Skin Care,MFG003,Manufacturer 003,SUP029,Supplier 029,REG-868486,Generic Ingredient 176,General Sale,32,23,6,1953.39,795.03,509.58,Not Zero Sales,0.0,Medium 25-99,1
SKU00489,Sample Product 00489,Active,2026-04,67.3,0.417,OTC & Wellness,Pain Relief,MFG013,Manufacturer 013,SUP009,Supplier 009,REG-551157,Generic Ingredient 035,General Sale,31,14,19,942.2,392.9,1278.7,Not Zero Sales,0.0,Medium 25-99,1
SKU00490,Sample Product 00490,Blocked,2026-04,204.44,0.439,OTC & Wellness,Cold & Allergy,MFG004,Manufacturer 004,SUP026,Supplier 026,REG-591022,Generic Ingredient 029,General Sale,68,26,17,5315.44,2333.48,3475.48,Not Zero Sales,0.0,High 100-299,0
SKU00491,Sample Product 00491,Active,2026-06,52.31,0.385,Medical Devices,Monitoring Supplies,MFG003,Manufacturer 003,SUP006,Supplier 006,REG-100798,Generic Ingredient 103,General Sale,75,38,13,1987.78,765.3,680.03,Not Zero Sales,0.0,Medium 25-99,1
SKU00492,Sample Product 00492,Active,2026-04,19.31,0.467,Personal Care,Skin Care,MFG011,Manufacturer 011,SUP027,Supplier 027,REG-525894,Generic Ingredient 042,General Sale,25,0,26,0.0,0.0,502.06,Active Zero Sales,502.06,Low < 25,1
SKU00493,Sample Product 00493,Active,2026-02,9.91,0.138,Nutrition,Healthy Snacks,MFG017,Manufacturer 017,SUP014,Supplier 014,REG-512487,Generic Ingredient 129,General Sale,85,47,12,465.77,64.28,118.92,Not Zero Sales,0.0,Low < 25,1
SKU00494,Sample Product 00494,Active,2026-04,8.19,0.378,OTC & Wellness,Digestive Care,MFG008,Manufacturer 008,SUP015,Supplier 015,REG-633618,Generic Ingredient 095,Pharmacy Only,25,0,8,0.0,0.0,65.52,Active Zero Sales,65.52,Low < 25,1
SKU00495,Sample Product 00495,Active,2026-01,15.71,0.28,General Merchandise,Seasonal Care,MFG011,Manufacturer 011,SUP028,Supplier 028,REG-315845,Generic Ingredient 117,Pharmacy Only,56,6,0,94.26,26.39,0.0,Not Zero Sales,0.0,Low < 25,1
SKU00496,Sample Product 00496,Blocked,2026-03,16.32,0.436,Personal Care,Hair Care,MFG014,Manufacturer 014,SUP009,Supplier 009,REG-431909,Generic Ingredient 098,General Sale,32,0,0,0.0,0.0,0.0,Not Zero Sales,0.0,Low < 25,0
SKU00497,Sample Product 00497,Blocked,2026-02,18.36,0.357,OTC & Wellness,Vitamins,MFG013,Manufacturer 013,SUP030,Supplier 030,REG-649302,Generic Ingredient 029,General Sale,18,0,15,0.0,0.0,275.4,Not Zero Sales,0.0,Low < 25,0
SKU00498,Sample Product 00498,Blocked,2026-04,12.47,0.348,Personal Care,Hair Care,MFG002,Manufacturer 002,SUP012,Supplier 012,REG-435845,Generic Ingredient 037,General Sale,11,0,0,0.0,0.0,0.0,Not Zero Sales,0.0,Low < 25,0
SKU00499,Sample Product 00499,Active,2026-01,10.43,0.307,General Merchandise,Travel Health,MFG007,Manufacturer 007,SUP019,Supplier 019,REG-476701,Generic Ingredient 155,General Sale,60,19,0,198.17,60.84,0.0,Not Zero Sales,0.0,Low < 25,1
SKU00500,Sample Product 00500,Active,2026-01,178.46,0.419,Medical Devices,Home Diagnostics,MFG018,Manufacturer 018,SUP003,Supplier 003,REG-809482,Generic Ingredient 157,General Sale,61,0,40,0.0,0.0,7138.4,Active Zero Sales,7138.4,High 100-299,1
SKU00501,Sample Product 00501,Active,2026-02,24.5,0.32,General Merchandise,Seasonal Care,MFG017,Manufacturer 017,SUP028,Supplier 028,REG-977575,Generic Ingredient 109,General Sale,42,9,6,220.5,70.56,147.0,Not Zero Sales,0.0,Low < 25,1
SKU00502,Sample Product 00502,Active,2026-02,212.04,0.311,General Merchandise,Seasonal Care,MFG010,Manufacturer 010,SUP014,Supplier 014,REG-177816,Generic Ingredient 171,General Sale,34,24,0,5088.96,1582.67,0.0,Not Zero Sales,0.0,High 100-299,1
SKU00503,Sample Product 00503,Active,2026-04,177.41,0.549,Nutrition,Sports Nutrition,MFG020,Manufacturer 020,SUP026,Supplier 026,REG-376892,Generic Ingredient 012,General Sale,88,25,27,4435.25,2434.95,4790.07,Not Zero Sales,0.0,High 100-299,1
SKU00504,Sample Product 00504,Blocked,2026-04,195.3,0.31,General Merchandise,Seasonal Care,MFG018,Manufacturer 018,SUP001,Supplier 001,REG-345099,Generic Ingredient 117,General Sale,29,0,0,0.0,0.0,0.0,Not Zero Sales,0.0,High 100-299,0
SKU00505,Sample Product 00505,Active,2026-01,6.43,0.327,OTC & Wellness,Vitamins,MFG018,Manufacturer 018,SUP006,Supplier 006,REG-472740,Generic Ingredient 046,General Sale,73,0,38,0.0,0.0,244.34,Active Zero Sales,244.34,Low < 25,1
SKU00506,Sample Product 00506,Active,2026-01,15.96,0.256,Nutrition,Healthy Snacks,MFG018,Manufacturer 018,SUP023,Supplier 023,REG-632009,Generic Ingredient 136,General Sale,52,41,18,654.36,167.52,287.28,Not Zero Sales,0.0,Low < 25,1
SKU00507,Sample Product 00507,Active,2026-03,254.0,0.454,Personal Care,Oral Care,MFG004,Manufacturer 004,SUP019,Supplier 019,REG-578200,Generic Ingredient 118,General Sale,48,33,13,8382.0,3805.43,3302.0,Not Zero Sales,0.0,High 100-299,1
SKU00508,Sample Product 00508,Active,2026-03,16.62,0.478,Nutrition,Hydration,MFG004,Manufacturer 004,SUP022,Supplier 022,REG-482040,Generic Ingredient 056,General Sale,106,0,63,0.0,0.0,1047.06,Active Zero Sales,1047.06,Low < 25,1
SKU00509,Sample Product 00509,Active,2026-02,20.13,0.288,Medical Devices,Mobility Aids,MFG013,Manufacturer 013,SUP011,Supplier 011,REG-606062,Generic Ingredient 125,Pharmacy Only,48,28,5,563.64,162.33,100.65,Not Zero Sales,0.0,Low < 25,1
SKU00510,Sample Product 00510,Active,2026-03,15.49,0.308,Nutrition,Adult Nutrition,MFG016,Manufacturer 016,SUP017,Supplier 017,REG-872926,Generic Ingredient 112,General Sale,66,31,7,480.19,147.9,108.43,Not Zero Sales,0.0,Low < 25,1
SKU00511,Sample Product 00511,Active,2026-03,70.01,0.332,General Merchandise,Accessories,MFG004,Manufacturer 004,SUP011,Supplier 011,REG-652490,Generic Ingredient 023,General Sale,52,9,11,630.09,209.19,770.11,Not Zero Sales,0.0,Medium 25-99,1
SKU00512,Sample Product 00512,Blocked,2026-02,124.96,0.25,Nutrition,Healthy Snacks,MFG013,Manufacturer 013,SUP001,Supplier 001,REG-148464,Generic Ingredient 150,General Sale,66,21,0,2624.16,656.04,0.0,Not Zero Sales,0.0,High 100-299,0
SKU00513,Sample Product 00513,Blocked,2026-04,6.83,0.425,General Merchandise,Accessories,MFG003,Manufacturer 003,SUP021,Supplier 021,REG-532965,Generic Ingredient 119,Pharmacy Only,32,24,0,163.92,69.67,0.0,Not Zero Sales,0.0,Low < 25,0
SKU00514,Sample Product 00514,Active,2026-05,111.48,0.4,General Merchandise,Baby Essentials,MFG009,Manufacturer 009,SUP014,Supplier 014,REG-737712,Generic Ingredient 024,General Sale,57,13,0,1449.24,579.7,0.0,Not Zero Sales,0.0,High 100-299,1
SKU00515,Sample Product 00515,Blocked,2026-01,245.17,0.331,Personal Care,Hair Care,MFG015,Manufacturer 015,SUP009,Supplier 009,REG-487120,Generic Ingredient 144,General Sale,27,0,0,0.0,0.0,0.0,Not Zero Sales,0.0,High 100-299,0
SKU00516,Sample Product 00516,Active,2026-04,60.94,0.213,Personal Care,Hygiene,MFG010,Manufacturer 010,SUP007,Supplier 007,REG-189122,Generic Ingredient 073,General Sale,25,14,10,853.16,181.72,609.4,Not Zero Sales,0.0,Medium 25-99,1
SKU00517,Sample Product 00517,Active,2026-05,28.64,0.37,General Merchandise,Baby Essentials,MFG006,Manufacturer 006,SUP018,Supplier 018,REG-638079,Generic Ingredient 014,General Sale,22,9,0,257.76,95.37,0.0,Not Zero Sales,0.0,Medium 25-99,1
SKU00518,Sample Product 00518,Active,2026-05,20.49,0.236,Nutrition,Adult Nutrition,MFG019,Manufacturer 019,SUP026,Supplier 026,REG-441391,Generic Ingredient 036,General Sale,50,27,19,553.23,130.56,389.31,Not Zero Sales,0.0,Low < 25,1
SKU00519,Sample Product 00519,Active,2026-05,260.49,0.302,Personal Care,Hair Care,MFG007,Manufacturer 007,SUP012,Supplier 012,REG-559154,Generic Ingredient 037,General Sale,161,110,24,28653.9,8653.48,6251.76,Not Zero Sales,0.0,High 100-299,1
SKU00520,Sample Product 00520,Active,2026-03,61.5,0.272,Personal Care,Hygiene,MFG009,Manufacturer 009,SUP022,Supplier 022,REG-565469,Generic Ingredient 128,Pharmacy Only,54,38,16,2337.0,635.66,984.0,Not Zero Sales,0.0,Medium 25-99,1
SKU00521,Sample Product 00521,Active,2026-06,289.48,0.438,General Merchandise,Travel Health,MFG020,Manufacturer 020,SUP019,Supplier 019,REG-660580,Generic Ingredient 171,General Sale,59,22,27,6368.56,2789.43,7815.96,Not Zero Sales,0.0,High 100-299,1
SKU00522,Sample Product 00522,Active,2026-02,8.23,0.251,OTC & Wellness,Pain Relief,MFG016,Manufacturer 016,SUP026,Supplier 026,REG-202970,Generic Ingredient 043,General Sale,81,46,11,378.58,95.02,90.53,Not Zero Sales,0.0,Low < 25,1
SKU00523,Sample Product 00523,Active,2026-02,17.99,0.441,OTC & Wellness,Pain Relief,MFG012,Manufacturer 012,SUP010,Supplier 010,REG-328974,Generic Ingredient 051,General Sale,29,18,0,323.82,142.8,0.0,Not Zero Sales,0.0,Low < 25,1
SKU00524,Sample Product 00524,Active,2026-03,166.68,0.294,Nutrition,Sports Nutrition,MFG001,Manufacturer 001,SUP007,Supplier 007,REG-381268,Generic Ingredient 013,Restricted Sale,50,0,13,0.0,0.0,2166.84,Active Zero Sales,2166.84,High 100-299,1
SKU00525,Sample Product 00525,Active,2026-02,212.22,0.365,Nutrition,Sports Nutrition,MFG009,Manufacturer 009,SUP026,Supplier 026,REG-985978,Generic Ingredient 104,Pharmacy Only,36,28,15,5942.16,2168.89,3183.3,Not Zero Sales,0.0,High 100-299,1
SKU00526,Sample Product 00526,Active,2026-04,33.07,0.422,Nutrition,Sports Nutrition,MFG015,Manufacturer 015,SUP008,Supplier 008,REG-875305,Generic Ingredient 161,General Sale,24,19,0,628.33,265.16,0.0,Not Zero Sales,0.0,Medium 25-99,1
SKU00527,Sample Product 00527,Active,2026-06,9.18,0.379,Personal Care,Oral Care,MFG004,Manufacturer 004,SUP021,Supplier 021,REG-685079,Generic Ingredient 151,General Sale,116,34,35,312.12,118.29,321.3,Not Zero Sales,0.0,Low < 25,1
SKU00528,Sample Product 00528,Active,2026-01,138.26,0.378,Personal Care,Skin Care,MFG011,Manufacturer 011,SUP022,Supplier 022,REG-245586,Generic Ingredient 154,General Sale,73,32,0,4424.32,1672.39,0.0,Not Zero Sales,0.0,High 100-299,1
SKU00529,Sample Product 00529,Active,2026-03,194.14,0.302,Personal Care,Hygiene,MFG008,Manufacturer 008,SUP021,Supplier 021,REG-486261,Generic Ingredient 148,General Sale,67,18,7,3494.52,1055.35,1358.98,Not Zero Sales,0.0,High 100-299,1
SKU00530,Sample Product 00530,Active,2026-03,16.1,0.313,Personal Care,Oral Care,MFG004,Manufacturer 004,SUP021,Supplier 021,REG-805966,Generic Ingredient 069,Pharmacy Only,20,0,17,0.0,0.0,273.7,Active Zero Sales,273.7,Low < 25,1
SKU00531,Sample Product 00531,Active,2026-05,70.07,0.311,Nutrition,Hydration,MFG015,Manufacturer 015,SUP030,Supplier 030,REG-362191,Generic Ingredient 075,General Sale,55,8,15,560.56,174.33,1051.05,Not Zero Sales,0.0,Medium 25-99,1
SKU00532,Sample Product 00532,Active,2026-01,289.66,0.252,Medical Devices,First Aid,MFG013,Manufacturer 013,SUP020,Supplier 020,REG-175751,Generic Ingredient 093,General Sale,59,15,0,4344.9,1094.91,0.0,Not Zero Sales,0.0,High 100-299,1
SKU00533,Sample Product 00533,Active,2026-02,11.15,0.265,OTC & Wellness,Digestive Care,MFG018,Manufacturer 018,SUP006,Supplier 006,REG-360956,Generic Ingredient 048,General Sale,42,0,23,0.0,0.0,256.45,Active Zero Sales,256.45,Low < 25,1
SKU00534,Sample Product 00534,Active,2026-05,194.2,0.33,Medical Devices,Home Diagnostics,MFG003,Manufacturer 003,SUP003,Supplier 003,REG-510864,Generic Ingredient 173,General Sale,48,54,0,10486.8,3460.64,0.0,Not Zero Sales,0.0,High 100-299,1
SKU00535,Sample Product 00535,Blocked,2026-04,32.84,0.273,OTC & Wellness,Digestive Care,MFG003,Manufacturer 003,SUP001,Supplier 001,REG-363739,Generic Ingredient 173,Pharmacy Only,46,0,0,0.0,0.0,0.0,Not Zero Sales,0.0,Medium 25-99,0
SKU00536,Sample Product 00536,Active,2026-06,7.35,0.356,Medical Devices,Monitoring Supplies,MFG020,Manufacturer 020,SUP019,Supplier 019,REG-389106,Generic Ingredient 056,General Sale,23,8,0,58.8,20.93,0.0,Not Zero Sales,0.0,Low < 25,1
SKU00537,Sample Product 00537,Active,2026-03,238.42,0.416,Nutrition,Healthy Snacks,MFG016,Manufacturer 016,SUP023,Supplier 023,REG-651719,Generic Ingredient 083,General Sale,36,4,0,953.68,396.73,0.0,Not Zero Sales,0.0,High 100-299,1
SKU00538,Sample Product 00538,Active,2026-02,80.58,0.42,OTC & Wellness,Pain Relief,MFG001,Manufacturer 001,SUP020,Supplier 020,REG-448845,Generic Ingredient 071,General Sale,11,9,12,725.22,304.59,966.96,Not Zero Sales,0.0,Medium 25-99,1
SKU00539,Sample Product 00539,Active,2026-06,4.22,0.349,General Merchandise,Baby Essentials,MFG011,Manufacturer 011,SUP005,Supplier 005,REG-750379,Generic Ingredient 119,General Sale,54,0,10,0.0,0.0,42.2,Active Zero Sales,42.2,Low < 25,1
SKU00540,Sample Product 00540,Active,2026-04,66.29,0.301,Medical Devices,Monitoring Supplies,MFG015,Manufacturer 015,SUP019,Supplier 019,REG-283248,Generic Ingredient 033,General Sale,40,23,0,1524.67,458.93,0.0,Not Zero Sales,0.0,Medium 25-99,1
SKU00541,Sample Product 00541,Active,2026-05,113.95,0.338,Medical Devices,Monitoring Supplies,MFG005,Manufacturer 005,SUP030,Supplier 030,REG-333229,Generic Ingredient 002,Pharmacy Only,77,67,13,7634.65,2580.51,1481.35,Not Zero Sales,0.0,High 100-299,1
SKU00542,Sample Product 00542,Active,2026-05,64.83,0.484,Personal Care,Skin Care,MFG003,Manufacturer 003,SUP003,Supplier 003,REG-571827,Generic Ingredient 015,General Sale,95,73,15,4732.59,2290.57,972.45,Not Zero Sales,0.0,Medium 25-99,1
SKU00543,Sample Product 00543,Blocked,2026-03,26.13,0.342,Nutrition,Healthy Snacks,MFG004,Manufacturer 004,SUP009,Supplier 009,REG-582828,Generic Ingredient 157,General Sale,34,0,0,0.0,0.0,0.0,Not Zero Sales,0.0,Medium 25-99,0
SKU00544,Sample Product 00544,Blocked,2026-02,5.58,0.329,Nutrition,Adult Nutrition,MFG011,Manufacturer 011,SUP003,Supplier 003,REG-466512,Generic Ingredient 060,General Sale,25,0,0,0.0,0.0,0.0,Not Zero Sales,0.0,Low < 25,0
SKU00545,Sample Product 00545,Active,2026-02,11.5,0.436,Personal Care,Hygiene,MFG011,Manufacturer 011,SUP007,Supplier 007,REG-285415,Generic Ingredient 052,Restricted Sale,54,6,25,69.0,30.08,287.5,Not Zero Sales,0.0,Low < 25,1
SKU00546,Sample Product 00546,Active,2026-01,146.49,0.361,Nutrition,Healthy Snacks,MFG001,Manufacturer 001,SUP009,Supplier 009,REG-678773,Generic Ingredient 101,General Sale,55,15,0,2197.35,793.24,0.0,Not Zero Sales,0.0,High 100-299,1
SKU00547,Sample Product 00547,Active,2026-06,22.72,0.323,Nutrition,Adult Nutrition,MFG004,Manufacturer 004,SUP030,Supplier 030,REG-972580,Generic Ingredient 133,General Sale,47,21,0,477.12,154.11,0.0,Not Zero Sales,0.0,Low < 25,1
SKU00548,Sample Product 00548,Active,2026-04,30.6,0.311,OTC & Wellness,Digestive Care,MFG018,Manufacturer 018,SUP027,Supplier 027,REG-740774,Generic Ingredient 102,General Sale,102,47,9,1438.2,447.28,275.4,Not Zero Sales,0.0,Medium 25-99,1
SKU00549,Sample Product 00549,Active,2026-05,21.51,0.459,General Merchandise,Baby Essentials,MFG007,Manufacturer 007,SUP015,Supplier 015,REG-189412,Generic Ingredient 110,General Sale,22,4,15,86.04,39.49,322.65,Not Zero Sales,0.0,Low < 25,1
SKU00550,Sample Product 00550,Active,2026-05,17.61,0.374,Nutrition,Healthy Snacks,MFG007,Manufacturer 007,SUP029,Supplier 029,REG-667677,Generic Ingredient 005,General Sale,107,100,15,1761.0,658.61,264.15,Not Zero Sales,0.0,Low < 25,1
SKU00551,Sample Product 00551,Active,2026-06,9.03,0.131,OTC & Wellness,Vitamins,MFG016,Manufacturer 016,SUP030,Supplier 030,REG-425206,Generic Ingredient 096,General Sale,36,18,0,162.54,21.29,0.0,Not Zero Sales,0.0,Low < 25,1
SKU00552,Sample Product 00552,Active,2026-01,131.11,0.403,Personal Care,Skin Care,MFG006,Manufacturer 006,SUP020,Supplier 020,REG-277955,Generic Ingredient 120,Pharmacy Only,56,40,0,5244.4,2113.49,0.0,Not Zero Sales,0.0,High 100-299,1
SKU00553,Sample Product 00553,Active,2026-06,156.75,0.304,Nutrition,Sports Nutrition,MFG018,Manufacturer 018,SUP027,Supplier 027,REG-241168,Generic Ingredient 099,General Sale,77,54,31,8464.5,2573.21,4859.25,Not Zero Sales,0.0,High 100-299,1
SKU00554,Sample Product 00554,Blocked,2026-06,44.91,0.251,Medical Devices,Monitoring Supplies,MFG010,Manufacturer 010,SUP023,Supplier 023,REG-255195,Generic Ingredient 006,General Sale,26,0,0,0.0,0.0,0.0,Not Zero Sales,0.0,Medium 25-99,0
SKU00555,Sample Product 00555,Active,2026-06,61.39,0.163,General Merchandise,Seasonal Care,MFG004,Manufacturer 004,SUP002,Supplier 002,REG-615124,Generic Ingredient 094,General Sale,17,27,0,1657.53,270.18,0.0,Not Zero Sales,0.0,Medium 25-99,1
SKU00556,Sample Product 00556,Blocked,2026-01,49.79,0.31,Personal Care,Hygiene,MFG019,Manufacturer 019,SUP018,Supplier 018,REG-505892,Generic Ingredient 059,Pharmacy Only,0,0,0,0.0,0.0,0.0,Not Zero Sales,0.0,Medium 25-99,0
SKU00557,Sample Product 00557,Active,2026-03,88.61,0.447,OTC & Wellness,Pain Relief,MFG014,Manufacturer 014,SUP012,Supplier 012,REG-974404,Generic Ingredient 027,General Sale,36,37,7,3278.57,1465.52,620.27,Not Zero Sales,0.0,Medium 25-99,1
SKU00558,Sample Product 00558,Active,2026-06,24.58,0.364,General Merchandise,Accessories,MFG010,Manufacturer 010,SUP006,Supplier 006,REG-844093,Generic Ingredient 152,General Sale,18,21,0,516.18,187.89,0.0,Not Zero Sales,0.0,Low < 25,1
SKU00559,Sample Product 00559,Active,2026-04,149.99,0.302,Nutrition,Hydration,MFG018,Manufacturer 018,SUP001,Supplier 001,REG-759591,Generic Ingredient 053,Restricted Sale,19,4,0,599.96,181.19,0.0,Not Zero Sales,0.0,High 100-299,1
SKU00560,Sample Product 00560,Active,2026-01,219.9,0.335,OTC & Wellness,Vitamins,MFG015,Manufacturer 015,SUP002,Supplier 002,REG-381222,Generic Ingredient 150,General Sale,52,20,0,4398.0,1473.33,0.0,Not Zero Sales,0.0,High 100-299,1
SKU00561,Sample Product 00561,Active,2026-05,33.6,0.167,Medical Devices,Home Diagnostics,MFG017,Manufacturer 017,SUP003,Supplier 003,REG-351643,Generic Ingredient 149,Pharmacy Only,46,20,1,672.0,112.22,33.6,Not Zero Sales,0.0,Medium 25-99,1
SKU00562,Sample Product 00562,Blocked,2026-01,230.92,0.243,General Merchandise,Accessories,MFG002,Manufacturer 002,SUP003,Supplier 003,REG-634534,Generic Ingredient 058,General Sale,43,0,0,0.0,0.0,0.0,Not Zero Sales,0.0,High 100-299,0
SKU00563,Sample Product 00563,Active,2026-01,36.9,0.322,Nutrition,Adult Nutrition,MFG010,Manufacturer 010,SUP019,Supplier 019,REG-337479,Generic Ingredient 152,General Sale,61,34,3,1254.6,403.98,110.7,Not Zero Sales,0.0,Medium 25-99,1
SKU00564,Sample Product 00564,Active,2026-02,32.09,0.346,Personal Care,Hygiene,MFG016,Manufacturer 016,SUP013,Supplier 013,REG-436907,Generic Ingredient 073,Pharmacy Only,269,168,68,5391.12,1865.33,2182.12,Not Zero Sales,0.0,Medium 25-99,1
SKU00565,Sample Product 00565,Blocked,2026-02,33.87,0.284,Nutrition,Sports Nutrition,MFG003,Manufacturer 003,SUP022,Supplier 022,REG-785651,Generic Ingredient 156,Pharmacy Only,37,0,0,0.0,0.0,0.0,Not Zero Sales,0.0,Medium 25-99,0
SKU00566,Sample Product 00566,Active,2026-03,176.63,0.34,General Merchandise,Seasonal Care,MFG020,Manufacturer 020,SUP001,Supplier 001,REG-553640,Generic Ingredient 104,General Sale,122,69,15,12187.47,4143.74,2649.45,Not Zero Sales,0.0,High 100-299,1
SKU00567,Sample Product 00567,Active,2026-06,218.05,0.343,Nutrition,Hydration,MFG003,Manufacturer 003,SUP014,Supplier 014,REG-679250,Generic Ingredient 015,General Sale,108,75,24,16353.75,5609.34,5233.2,Not Zero Sales,0.0,High 100-299,1
SKU00568,Sample Product 00568,Active,2026-02,14.07,0.229,Medical Devices,First Aid,MFG006,Manufacturer 006,SUP010,Supplier 010,REG-100931,Generic Ingredient 068,General Sale,59,31,6,436.17,99.88,84.42,Not Zero Sales,0.0,Low < 25,1
SKU00569,Sample Product 00569,Active,2026-01,40.75,0.377,Personal Care,Skin Care,MFG019,Manufacturer 019,SUP023,Supplier 023,REG-396437,Generic Ingredient 124,General Sale,84,16,22,652.0,245.8,896.5,Not Zero Sales,0.0,Medium 25-99,1
SKU00570,Sample Product 00570,Active,2026-04,125.77,0.409,OTC & Wellness,Digestive Care,MFG003,Manufacturer 003,SUP013,Supplier 013,REG-645502,Generic Ingredient 122,Pharmacy Only,49,16,0,2012.32,823.04,0.0,Not Zero Sales,0.0,High 100-299,1
SKU00571,Sample Product 00571,Active,2026-06,89.76,0.283,Medical Devices,First Aid,MFG005,Manufacturer 005,SUP030,Supplier 030,REG-728707,Generic Ingredient 060,General Sale,56,25,0,2244.0,635.05,0.0,Not Zero Sales,0.0,Medium 25-99,1
SKU00572,Sample Product 00572,Blocked,2026-03,52.42,0.387,Nutrition,Healthy Snacks,MFG012,Manufacturer 012,SUP012,Supplier 012,REG-541132,Generic Ingredient 097,General Sale,26,0,0,0.0,0.0,0.0,Not Zero Sales,0.0,Medium 25-99,0
SKU00573,Sample Product 00573,Active,2026-04,22.39,0.314,Personal Care,Hygiene,MFG003,Manufacturer 003,SUP023,Supplier 023,REG-870577,Generic Ingredient 110,Restricted Sale,28,21,0,470.19,147.64,0.0,Not Zero Sales,0.0,Low < 25,1
SKU00574,Sample Product 00574,Active,2026-05,61.72,0.502,Personal Care,Skin Care,MFG014,Manufacturer 014,SUP013,Supplier 013,REG-982216,Generic Ingredient 173,Pharmacy Only,35,12,8,740.64,371.8,493.76,Not Zero Sales,0.0,Medium 25-99,1
SKU00575,Sample Product 00575,Active,2026-02,401.55,0.369,Nutrition,Hydration,MFG005,Manufacturer 005,SUP004,Supplier 004,REG-931807,Generic Ingredient 164,General Sale,51,18,9,7227.9,2667.1,3613.95,Not Zero Sales,0.0,Premium 300+,1
SKU00576,Sample Product 00576,Active,2026-01,7.89,0.48,Personal Care,Hair Care,MFG003,Manufacturer 003,SUP030,Supplier 030,REG-892836,Generic Ingredient 062,General Sale,32,7,0,55.23,26.51,0.0,Not Zero Sales,0.0,Low < 25,1
SKU00577,Sample Product 00577,Active,2026-03,24.74,0.211,Medical Devices,First Aid,MFG018,Manufacturer 018,SUP009,Supplier 009,REG-193057,Generic Ingredient 063,General Sale,18,13,2,321.62,67.86,49.48,Not Zero Sales,0.0,Low < 25,1
SKU00578,Sample Product 00578,Active,2026-05,33.63,0.186,Medical Devices,Home Diagnostics,MFG014,Manufacturer 014,SUP003,Supplier 003,REG-117027,Generic Ingredient 153,General Sale,37,7,0,235.41,43.79,0.0,Not Zero Sales,0.0,Medium 25-99,1
SKU00579,Sample Product 00579,Active,2026-03,161.2,0.431,OTC & Wellness,Pain Relief,MFG014,Manufacturer 014,SUP008,Supplier 008,REG-390732,Generic Ingredient 113,Pharmacy Only,26,3,7,483.6,208.43,1128.4,Not Zero Sales,0.0,High 100-299,1
SKU00580,Sample Product 00580,Active,2026-06,295.01,0.458,Personal Care,Hygiene,MFG014,Manufacturer 014,SUP003,Supplier 003,REG-251269,Generic Ingredient 159,General Sale,29,0,34,0.0,0.0,10030.34,Active Zero Sales,10030.34,High 100-299,1
SKU00581,Sample Product 00581,Active,2026-02,10.43,0.364,OTC & Wellness,Digestive Care,MFG006,Manufacturer 006,SUP003,Supplier 003,REG-196967,Generic Ingredient 155,General Sale,57,27,13,281.61,102.51,135.59,Not Zero Sales,0.0,Low < 25,1
SKU00582,Sample Product 00582,Active,2026-02,187.45,0.194,Nutrition,Healthy Snacks,MFG017,Manufacturer 017,SUP006,Supplier 006,REG-284816,Generic Ingredient 038,General Sale,34,18,4,3374.1,654.58,749.8,Not Zero Sales,0.0,High 100-299,1
SKU00583,Sample Product 00583,Active,2026-05,4.34,0.392,Personal Care,Hygiene,MFG012,Manufacturer 012,SUP005,Supplier 005,REG-359942,Generic Ingredient 096,General Sale,80,9,27,39.06,15.31,117.18,Not Zero Sales,0.0,Low < 25,1
SKU00584,Sample Product 00584,Blocked,2026-03,19.24,0.284,OTC & Wellness,Cold & Allergy,MFG008,Manufacturer 008,SUP001,Supplier 001,REG-950555,Generic Ingredient 142,General Sale,38,10,0,192.4,54.64,0.0,Not Zero Sales,0.0,Low < 25,0
SKU00585,Sample Product 00585,Active,2026-05,60.09,0.27,OTC & Wellness,Vitamins,MFG004,Manufacturer 004,SUP003,Supplier 003,REG-529897,Generic Ingredient 169,Pharmacy Only,57,63,2,3785.67,1022.13,120.18,Not Zero Sales,0.0,Medium 25-99,1
SKU00586,Sample Product 00586,Active,2026-01,69.09,0.249,Medical Devices,Mobility Aids,MFG014,Manufacturer 014,SUP011,Supplier 011,REG-149000,Generic Ingredient 069,Pharmacy Only,41,33,3,2279.97,567.71,207.27,Not Zero Sales,0.0,Medium 25-99,1
SKU00587,Sample Product 00587,Active,2026-04,176.29,0.472,Personal Care,Hygiene,MFG004,Manufacturer 004,SUP024,Supplier 024,REG-141925,Generic Ingredient 159,General Sale,72,0,50,0.0,0.0,8814.5,Active Zero Sales,8814.5,High 100-299,1
SKU00588,Sample Product 00588,Active,2026-02,59.96,0.363,Nutrition,Adult Nutrition,MFG006,Manufacturer 006,SUP029,Supplier 029,REG-433390,Generic Ingredient 116,Pharmacy Only,54,23,0,1379.08,500.61,0.0,Not Zero Sales,0.0,Medium 25-99,1
SKU00589,Sample Product 00589,Active,2026-04,69.2,0.274,Nutrition,Healthy Snacks,MFG001,Manufacturer 001,SUP005,Supplier 005,REG-282967,Generic Ingredient 072,General Sale,14,4,19,276.8,75.84,1314.8,Not Zero Sales,0.0,Medium 25-99,1
SKU00590,Sample Product 00590,Active,2026-01,241.84,0.254,Nutrition,Healthy Snacks,MFG002,Manufacturer 002,SUP027,Supplier 027,REG-290529,Generic Ingredient 139,General Sale,134,62,30,14994.08,3808.5,7255.2,Not Zero Sales,0.0,High 100-299,1
SKU00591,Sample Product 00591,Active,2026-01,11.62,0.22,OTC & Wellness,Pain Relief,MFG006,Manufacturer 006,SUP019,Supplier 019,REG-953289,Generic Ingredient 093,General Sale,67,16,1,185.92,40.9,11.62,Not Zero Sales,0.0,Low < 25,1
SKU00592,Sample Product 00592,Active,2026-05,67.16,0.36,Personal Care,Skin Care,MFG016,Manufacturer 016,SUP028,Supplier 028,REG-460742,Generic Ingredient 087,General Sale,77,0,36,0.0,0.0,2417.76,Active Zero Sales,2417.76,Medium 25-99,1
SKU00593,Sample Product 00593,Active,2026-01,97.76,0.24,Nutrition,Healthy Snacks,MFG015,Manufacturer 015,SUP028,Supplier 028,REG-300285,Generic Ingredient 046,Pharmacy Only,8,15,0,1466.4,351.94,0.0,Not Zero Sales,0.0,Medium 25-99,1
SKU00594,Sample Product 00594,Active,2026-06,18.5,0.494,Personal Care,Skin Care,MFG013,Manufacturer 013,SUP008,Supplier 008,REG-217196,Generic Ingredient 141,General Sale,82,22,19,407.0,201.06,351.5,Not Zero Sales,0.0,Low < 25,1
SKU00595,Sample Product 00595,Active,2026-01,552.39,0.417,Personal Care,Hygiene,MFG006,Manufacturer 006,SUP002,Supplier 002,REG-935568,Generic Ingredient 107,General Sale,74,26,19,14362.14,5989.01,10495.41,Not Zero Sales,0.0,Premium 300+,1
SKU00596,Sample Product 00596,Active,2026-01,555.18,0.355,Nutrition,Healthy Snacks,MFG012,Manufacturer 012,SUP001,Supplier 001,REG-859982,Generic Ingredient 111,General Sale,22,23,5,12769.14,4533.04,2775.9,Not Zero Sales,0.0,Premium 300+,1
SKU00597,Sample Product 00597,Active,2026-01,69.13,0.311,Medical Devices,First Aid,MFG020,Manufacturer 020,SUP008,Supplier 008,REG-673850,Generic Ingredient 065,General Sale,36,8,11,553.04,172.0,760.43,Not Zero Sales,0.0,Medium 25-99,1
SKU00598,Sample Product 00598,Blocked,2026-04,147.19,0.394,Personal Care,Hair Care,MFG017,Manufacturer 017,SUP013,Supplier 013,REG-121290,Generic Ingredient 150,Pharmacy Only,44,0,0,0.0,0.0,0.0,Not Zero Sales,0.0,High 100-299,0
SKU00599,Sample Product 00599,Active,2026-01,45.15,0.467,OTC & Wellness,Pain Relief,MFG018,Manufacturer 018,SUP008,Supplier 008,REG-337530,Generic Ingredient 162,General Sale,22,21,2,948.15,442.79,90.3,Not Zero Sales,0.0,Medium 25-99,1
SKU00600,Sample Product 00600,Active,2026-02,42.41,0.08,Medical Devices,Home Diagnostics,MFG019,Manufacturer 019,SUP003,Supplier 003,REG-173142,Generic Ingredient 028,General Sale,100,33,20,1399.53,111.96,848.2,Not Zero Sales,0.0,Medium 25-99,1
SKU00601,Sample Product 00601,Blocked,2026-02,4.08,0.279,OTC & Wellness,Cold & Allergy,MFG016,Manufacturer 016,SUP009,Supplier 009,REG-245686,Generic Ingredient 034,General Sale,9,0,0,0.0,0.0,0.0,Not Zero Sales,0.0,Low < 25,0
SKU00602,Sample Product 00602,Blocked,2026-01,4.01,0.323,Personal Care,Hair Care,MFG019,Manufacturer 019,SUP003,Supplier 003,REG-780584,Generic Ingredient 026,Pharmacy Only,71,21,0,84.21,27.2,0.0,Not Zero Sales,0.0,Low < 25,0
SKU00603,Sample Product 00603,Active,2026-05,297.79,0.272,General Merchandise,Accessories,MFG003,Manufacturer 003,SUP018,Supplier 018,REG-254963,Generic Ingredient 127,Restricted Sale,85,23,18,6849.17,1862.97,5360.22,Not Zero Sales,0.0,High 100-299,1
SKU00604,Sample Product 00604,Active,2026-05,15.29,0.331,OTC & Wellness,Cold & Allergy,MFG009,Manufacturer 009,SUP004,Supplier 004,REG-994340,Generic Ingredient 047,General Sale,71,18,17,275.22,91.1,259.93,Not Zero Sales,0.0,Low < 25,1
SKU00605,Sample Product 00605,Active,2026-06,40.8,0.299,Personal Care,Hygiene,MFG003,Manufacturer 003,SUP022,Supplier 022,REG-574138,Generic Ingredient 077,General Sale,37,13,0,530.4,158.59,0.0,Not Zero Sales,0.0,Medium 25-99,1
SKU00606,Sample Product 00606,Active,2026-03,66.14,0.284,Nutrition,Healthy Snacks,MFG010,Manufacturer 010,SUP020,Supplier 020,REG-208851,Generic Ingredient 176,General Sale,64,17,0,1124.38,319.32,0.0,Not Zero Sales,0.0,Medium 25-99,1
SKU00607,Sample Product 00607,Active,2026-05,25.83,0.302,OTC & Wellness,Digestive Care,MFG004,Manufacturer 004,SUP018,Supplier 018,REG-101945,Generic Ingredient 085,General Sale,81,53,9,1368.99,413.43,232.47,Not Zero Sales,0.0,Medium 25-99,1
SKU00608,Sample Product 00608,Blocked,2026-01,17.26,0.494,General Merchandise,Seasonal Care,MFG019,Manufacturer 019,SUP025,Supplier 025,REG-510053,Generic Ingredient 179,Pharmacy Only,29,0,13,0.0,0.0,224.38,Not Zero Sales,0.0,Low < 25,0
SKU00609,Sample Product 00609,Active,2026-03,22.15,0.381,OTC & Wellness,Pain Relief,MFG009,Manufacturer 009,SUP015,Supplier 015,REG-842975,Generic Ingredient 072,General Sale,47,8,0,177.2,67.51,0.0,Not Zero Sales,0.0,Low < 25,1
SKU00610,Sample Product 00610,Blocked,2026-06,6.5,0.381,OTC & Wellness,Digestive Care,MFG002,Manufacturer 002,SUP018,Supplier 018,REG-502174,Generic Ingredient 136,General Sale,14,0,3,0.0,0.0,19.5,Not Zero Sales,0.0,Low < 25,0
SKU00611,Sample Product 00611,Blocked,2026-04,163.32,0.271,Nutrition,Sports Nutrition,MFG006,Manufacturer 006,SUP019,Supplier 019,REG-325627,Generic Ingredient 076,General Sale,48,0,0,0.0,0.0,0.0,Not Zero Sales,0.0,High 100-299,0
SKU00612,Sample Product 00612,Active,2026-05,291.39,0.327,Personal Care,Oral Care,MFG004,Manufacturer 004,SUP028,Supplier 028,REG-431780,Generic Ingredient 041,General Sale,28,0,13,0.0,0.0,3788.07,Active Zero Sales,3788.07,High 100-299,1
SKU00613,Sample Product 00613,Active,2026-05,20.15,0.421,Personal Care,Hygiene,MFG005,Manufacturer 005,SUP025,Supplier 025,REG-437613,Generic Ingredient 041,General Sale,72,34,21,685.1,288.43,423.15,Not Zero Sales,0.0,Low < 25,1
SKU00614,Sample Product 00614,Blocked,2026-06,6.03,0.185,OTC & Wellness,Vitamins,MFG018,Manufacturer 018,SUP009,Supplier 009,REG-299809,Generic Ingredient 143,General Sale,72,29,0,174.87,32.35,0.0,Not Zero Sales,0.0,Low < 25,0
SKU00615,Sample Product 00615,Active,2026-03,19.65,0.335,Nutrition,Hydration,MFG008,Manufacturer 008,SUP022,Supplier 022,REG-592699,Generic Ingredient 078,Pharmacy Only,33,16,0,314.4,105.32,0.0,Not Zero Sales,0.0,Low < 25,1
SKU00616,Sample Product 00616,Active,2026-06,90.09,0.51,Personal Care,Oral Care,MFG001,Manufacturer 001,SUP028,Supplier 028,REG-491693,Generic Ingredient 026,General Sale,23,11,15,990.99,505.4,1351.35,Not Zero Sales,0.0,Medium 25-99,1
SKU00617,Sample Product 00617,Active,2026-01,7.3,0.185,Nutrition,Adult Nutrition,MFG004,Manufacturer 004,SUP010,Supplier 010,REG-489316,Generic Ingredient 156,General Sale,27,22,9,160.6,29.71,65.7,Not Zero Sales,0.0,Low < 25,1
SKU00618,Sample Product 00618,Blocked,2026-05,18.5,0.402,OTC & Wellness,Vitamins,MFG012,Manufacturer 012,SUP029,Supplier 029,REG-135311,Generic Ingredient 068,Pharmacy Only,13,0,0,0.0,0.0,0.0,Not Zero Sales,0.0,Low < 25,0
SKU00619,Sample Product 00619,Active,2026-01,22.64,0.372,OTC & Wellness,Vitamins,MFG004,Manufacturer 004,SUP025,Supplier 025,REG-950157,Generic Ingredient 135,Pharmacy Only,42,38,11,860.32,320.04,249.04,Not Zero Sales,0.0,Low < 25,1
SKU00620,Sample Product 00620,Active,2026-06,52.36,0.229,Nutrition,Hydration,MFG011,Manufacturer 011,SUP004,Supplier 004,REG-916595,Generic Ingredient 091,General Sale,87,69,0,3612.84,827.34,0.0,Not Zero Sales,0.0,Medium 25-99,1
SKU00621,Sample Product 00621,Active,2026-06,443.44,0.317,OTC & Wellness,Vitamins,MFG019,Manufacturer 019,SUP024,Supplier 024,REG-579355,Generic Ingredient 121,General Sale,65,18,0,7981.92,2530.27,0.0,Not Zero Sales,0.0,Premium 300+,1
SKU00622,Sample Product 00622,Active,2026-06,75.28,0.426,Personal Care,Oral Care,MFG014,Manufacturer 014,SUP018,Supplier 018,REG-768479,Generic Ingredient 024,Pharmacy Only,38,17,0,1279.76,545.18,0.0,Not Zero Sales,0.0,Medium 25-99,1
SKU00623,Sample Product 00623,Active,2026-04,34.52,0.253,Nutrition,Adult Nutrition,MFG017,Manufacturer 017,SUP027,Supplier 027,REG-879717,Generic Ingredient 068,General Sale,83,22,13,759.44,192.14,448.76,Not Zero Sales,0.0,Medium 25-99,1
SKU00624,Sample Product 00624,Active,2026-02,77.37,0.392,Nutrition,Adult Nutrition,MFG007,Manufacturer 007,SUP007,Supplier 007,REG-463865,Generic Ingredient 008,General Sale,66,11,9,851.07,333.62,696.33,Not Zero Sales,0.0,Medium 25-99,1
SKU00625,Sample Product 00625,Blocked,2026-05,46.54,0.343,OTC & Wellness,Pain Relief,MFG019,Manufacturer 019,SUP001,Supplier 001,REG-404887,Generic Ingredient 147,General Sale,4,0,0,0.0,0.0,0.0,Not Zero Sales,0.0,Medium 25-99,0
SKU00626,Sample Product 00626,Active,2026-02,22.59,0.34,Nutrition,Hydration,MFG014,Manufacturer 014,SUP016,Supplier 016,REG-967449,Generic Ingredient 165,Pharmacy Only,33,22,1,496.98,168.97,22.59,Not Zero Sales,0.0,Low < 25,1
SKU00627,Sample Product 00627,Active,2026-01,76.35,0.199,General Merchandise,Accessories,MFG004,Manufacturer 004,SUP017,Supplier 017,REG-643245,Generic Ingredient 012,Pharmacy Only,4,0,9,0.0,0.0,687.15,Active Zero Sales,687.15,Medium 25-99,1
SKU00628,Sample Product 00628,Blocked,2026-02,120.68,0.308,General Merchandise,Travel Health,MFG007,Manufacturer 007,SUP019,Supplier 019,REG-385184,Generic Ingredient 179,General Sale,39,0,3,0.0,0.0,362.04,Not Zero Sales,0.0,High 100-299,0
SKU00629,Sample Product 00629,Blocked,2026-01,210.72,0.408,General Merchandise,Travel Health,MFG006,Manufacturer 006,SUP019,Supplier 019,REG-882212,Generic Ingredient 162,General Sale,47,0,0,0.0,0.0,0.0,Not Zero Sales,0.0,High 100-299,0
SKU00630,Sample Product 00630,Active,2026-02,43.59,0.236,Medical Devices,Home Diagnostics,MFG008,Manufacturer 008,SUP003,Supplier 003,REG-486522,Generic Ingredient 067,General Sale,59,7,11,305.13,72.01,479.49,Not Zero Sales,0.0,Medium 25-99,1
SKU00631,Sample Product 00631,Active,2026-01,70.62,0.242,Nutrition,Hydration,MFG020,Manufacturer 020,SUP014,Supplier 014,REG-821646,Generic Ingredient 069,Pharmacy Only,55,27,11,1906.74,461.43,776.82,Not Zero Sales,0.0,Medium 25-99,1
SKU00632,Sample Product 00632,Active,2026-05,19.91,0.448,General Merchandise,Baby Essentials,MFG003,Manufacturer 003,SUP005,Supplier 005,REG-330153,Generic Ingredient 030,Pharmacy Only,66,48,14,955.68,428.14,278.74,Not Zero Sales,0.0,Low < 25,1
SKU00633,Sample Product 00633,Active,2026-03,159.76,0.46,Personal Care,Hygiene,MFG010,Manufacturer 010,SUP022,Supplier 022,REG-449412,Generic Ingredient 127,General Sale,75,35,9,5591.6,2572.14,1437.84,Not Zero Sales,0.0,High 100-299,1
SKU00634,Sample Product 00634,Active,2026-03,98.71,0.257,General Merchandise,Baby Essentials,MFG004,Manufacturer 004,SUP010,Supplier 010,REG-200311,Generic Ingredient 087,General Sale,303,221,52,21814.91,5606.43,5132.92,Not Zero Sales,0.0,Medium 25-99,1
SKU00635,Sample Product 00635,Blocked,2026-03,57.73,0.482,Personal Care,Hygiene,MFG016,Manufacturer 016,SUP005,Supplier 005,REG-966387,Generic Ingredient 005,Pharmacy Only,36,0,0,0.0,0.0,0.0,Not Zero Sales,0.0,Medium 25-99,0
SKU00636,Sample Product 00636,Blocked,2026-01,13.26,0.285,Nutrition,Adult Nutrition,MFG006,Manufacturer 006,SUP024,Supplier 024,REG-897932,Generic Ingredient 119,General Sale,36,0,0,0.0,0.0,0.0,Not Zero Sales,0.0,Low < 25,0
SKU00637,Sample Product 00637,Active,2026-02,379.32,0.343,Medical Devices,Monitoring Supplies,MFG015,Manufacturer 015,SUP011,Supplier 011,REG-798748,Generic Ingredient 035,General Sale,50,0,45,0.0,0.0,17069.4,Active Zero Sales,17069.4,Premium 300+,1
SKU00638,Sample Product 00638,Blocked,2026-06,89.73,0.3,OTC & Wellness,Digestive Care,MFG018,Manufacturer 018,SUP018,Supplier 018,REG-833674,Generic Ingredient 030,General Sale,26,0,0,0.0,0.0,0.0,Not Zero Sales,0.0,Medium 25-99,0
SKU00639,Sample Product 00639,Active,2026-04,34.4,0.292,Nutrition,Hydration,MFG015,Manufacturer 015,SUP007,Supplier 007,REG-924531,Generic Ingredient 156,General Sale,160,68,46,2339.2,683.05,1582.4,Not Zero Sales,0.0,Medium 25-99,1
SKU00640,Sample Product 00640,Blocked,2026-05,274.86,0.318,Medical Devices,First Aid,MFG013,Manufacturer 013,SUP006,Supplier 006,REG-663500,Generic Ingredient 060,General Sale,42,0,10,0.0,0.0,2748.6,Not Zero Sales,0.0,High 100-299,0
SKU00641,Sample Product 00641,Blocked,2026-06,70.36,0.393,OTC & Wellness,Cold & Allergy,MFG014,Manufacturer 014,SUP023,Supplier 023,REG-183970,Generic Ingredient 124,General Sale,24,0,0,0.0,0.0,0.0,Not Zero Sales,0.0,Medium 25-99,0
SKU00642,Sample Product 00642,Active,2026-03,94.8,0.353,General Merchandise,Travel Health,MFG016,Manufacturer 016,SUP019,Supplier 019,REG-356063,Generic Ingredient 069,General Sale,71,26,0,2464.8,870.07,0.0,Not Zero Sales,0.0,Medium 25-99,1
SKU00643,Sample Product 00643,Active,2026-06,74.82,0.28,Personal Care,Hair Care,MFG004,Manufacturer 004,SUP010,Supplier 010,REG-695793,Generic Ingredient 089,General Sale,180,137,53,10250.34,2870.1,3965.46,Not Zero Sales,0.0,Medium 25-99,1
SKU00644,Sample Product 00644,Active,2026-02,511.74,0.216,Medical Devices,Home Diagnostics,MFG011,Manufacturer 011,SUP003,Supplier 003,REG-140024,Generic Ingredient 016,General Sale,79,37,0,18934.38,4089.83,0.0,Not Zero Sales,0.0,Premium 300+,1
SKU00645,Sample Product 00645,Blocked,2026-03,7.13,0.307,OTC & Wellness,Pain Relief,MFG011,Manufacturer 011,SUP012,Supplier 012,REG-660726,Generic Ingredient 174,General Sale,42,0,0,0.0,0.0,0.0,Not Zero Sales,0.0,Low < 25,0
SKU00646,Sample Product 00646,Active,2026-05,4.34,0.267,Medical Devices,First Aid,MFG016,Manufacturer 016,SUP008,Supplier 008,REG-264711,Generic Ingredient 174,General Sale,65,19,0,82.46,22.02,0.0,Not Zero Sales,0.0,Low < 25,1
SKU00647,Sample Product 00647,Active,2026-03,36.28,0.299,Personal Care,Hair Care,MFG009,Manufacturer 009,SUP024,Supplier 024,REG-759813,Generic Ingredient 010,General Sale,60,18,3,653.04,195.26,108.84,Not Zero Sales,0.0,Medium 25-99,1
SKU00648,Sample Product 00648,Active,2026-05,14.55,0.341,Nutrition,Sports Nutrition,MFG013,Manufacturer 013,SUP015,Supplier 015,REG-895253,Generic Ingredient 147,Pharmacy Only,69,25,13,363.75,124.04,189.15,Not Zero Sales,0.0,Low < 25,1
SKU00649,Sample Product 00649,Blocked,2026-06,41.88,0.255,General Merchandise,Seasonal Care,MFG009,Manufacturer 009,SUP020,Supplier 020,REG-361166,Generic Ingredient 172,General Sale,25,0,0,0.0,0.0,0.0,Not Zero Sales,0.0,Medium 25-99,0
SKU00650,Sample Product 00650,Active,2026-02,165.79,0.438,Personal Care,Oral Care,MFG002,Manufacturer 002,SUP019,Supplier 019,REG-879022,Generic Ingredient 005,General Sale,114,75,49,12434.25,5446.2,8123.71,Not Zero Sales,0.0,High 100-299,1
SKU00651,Sample Product 00651,Active,2026-04,297.99,0.338,Nutrition,Hydration,MFG002,Manufacturer 002,SUP029,Supplier 029,REG-950788,Generic Ingredient 144,General Sale,84,0,61,0.0,0.0,18177.39,Active Zero Sales,18177.39,High 100-299,1
SKU00652,Sample Product 00652,Active,2026-06,58.39,0.174,Nutrition,Adult Nutrition,MFG002,Manufacturer 002,SUP003,Supplier 003,REG-683079,Generic Ingredient 068,Pharmacy Only,48,27,0,1576.53,274.32,0.0,Not Zero Sales,0.0,Medium 25-99,1
SKU00653,Sample Product 00653,Blocked,2026-03,73.89,0.29,OTC & Wellness,Digestive Care,MFG010,Manufacturer 010,SUP012,Supplier 012,REG-322220,Generic Ingredient 138,Pharmacy Only,33,31,0,2290.59,664.27,0.0,Not Zero Sales,0.0,Medium 25-99,0
SKU00654,Sample Product 00654,Active,2026-01,222.17,0.417,Nutrition,Healthy Snacks,MFG010,Manufacturer 010,SUP017,Supplier 017,REG-606094,Generic Ingredient 113,General Sale,20,16,1,3554.72,1482.32,222.17,Not Zero Sales,0.0,High 100-299,1
SKU00655,Sample Product 00655,Active,2026-01,11.07,0.22,Personal Care,Skin Care,MFG020,Manufacturer 020,SUP006,Supplier 006,REG-967603,Generic Ingredient 074,General Sale,84,31,8,343.17,75.5,88.56,Not Zero Sales,0.0,Low < 25,1
SKU00656,Sample Product 00656,Active,2026-01,40.76,0.572,Personal Care,Skin Care,MFG014,Manufacturer 014,SUP005,Supplier 005,REG-185950,Generic Ingredient 139,General Sale,10,4,6,163.04,93.26,244.56,Not Zero Sales,0.0,Medium 25-99,1
SKU00657,Sample Product 00657,Blocked,2026-03,19.05,0.462,Personal Care,Oral Care,MFG016,Manufacturer 016,SUP013,Supplier 013,REG-881884,Generic Ingredient 078,General Sale,0,0,0,0.0,0.0,0.0,Not Zero Sales,0.0,Low < 25,0
SKU00658,Sample Product 00658,Active,2026-06,6.73,0.312,Medical Devices,Monitoring Supplies,MFG007,Manufacturer 007,SUP004,Supplier 004,REG-464036,Generic Ingredient 060,General Sale,36,7,0,47.11,14.7,0.0,Not Zero Sales,0.0,Low < 25,1
SKU00659,Sample Product 00659,Active,2026-06,79.81,0.366,Personal Care,Hygiene,MFG008,Manufacturer 008,SUP001,Supplier 001,REG-403347,Generic Ingredient 064,General Sale,11,14,6,1117.34,408.95,478.86,Not Zero Sales,0.0,Medium 25-99,1
SKU00660,Sample Product 00660,Active,2026-01,57.12,0.357,Nutrition,Adult Nutrition,MFG013,Manufacturer 013,SUP022,Supplier 022,REG-377017,Generic Ingredient 041,Pharmacy Only,68,23,0,1313.76,469.01,0.0,Not Zero Sales,0.0,Medium 25-99,1
SKU00661,Sample Product 00661,Blocked,2026-02,9.02,0.256,OTC & Wellness,Vitamins,MFG010,Manufacturer 010,SUP025,Supplier 025,REG-770380,Generic Ingredient 166,Restricted Sale,0,0,4,0.0,0.0,36.08,Not Zero Sales,0.0,Low < 25,0
SKU00662,Sample Product 00662,Active,2026-01,55.11,0.352,Personal Care,Oral Care,MFG019,Manufacturer 019,SUP023,Supplier 023,REG-833260,Generic Ingredient 024,General Sale,49,7,0,385.77,135.79,0.0,Not Zero Sales,0.0,Medium 25-99,1
SKU00663,Sample Product 00663,Blocked,2026-02,259.74,0.469,Personal Care,Hygiene,MFG001,Manufacturer 001,SUP002,Supplier 002,REG-851344,Generic Ingredient 025,General Sale,27,0,0,0.0,0.0,0.0,Not Zero Sales,0.0,High 100-299,0
SKU00664,Sample Product 00664,Active,2026-02,83.93,0.371,Personal Care,Oral Care,MFG013,Manufacturer 013,SUP014,Supplier 014,REG-897642,Generic Ingredient 178,General Sale,102,30,26,2517.9,934.14,2182.18,Not Zero Sales,0.0,Medium 25-99,1
SKU00665,Sample Product 00665,Active,2026-01,58.83,0.359,General Merchandise,Baby Essentials,MFG004,Manufacturer 004,SUP023,Supplier 023,REG-528498,Generic Ingredient 127,General Sale,22,16,3,941.28,337.92,176.49,Not Zero Sales,0.0,Medium 25-99,1
SKU00666,Sample Product 00666,Active,2026-03,179.54,0.486,Personal Care,Skin Care,MFG004,Manufacturer 004,SUP001,Supplier 001,REG-165717,Generic Ingredient 108,General Sale,34,0,21,0.0,0.0,3770.34,Active Zero Sales,3770.34,High 100-299,1
SKU00667,Sample Product 00667,Active,2026-04,82.57,0.37,Personal Care,Hygiene,MFG013,Manufacturer 013,SUP019,Supplier 019,REG-667250,Generic Ingredient 179,General Sale,59,17,34,1403.69,519.37,2807.38,Not Zero Sales,0.0,Medium 25-99,1
SKU00668,Sample Product 00668,Active,2026-05,49.7,0.343,Medical Devices,Mobility Aids,MFG020,Manufacturer 020,SUP011,Supplier 011,REG-121343,Generic Ingredient 140,Pharmacy Only,56,51,12,2534.7,869.4,596.4,Not Zero Sales,0.0,Medium 25-99,1
SKU00669,Sample Product 00669,Active,2026-04,259.63,0.295,OTC & Wellness,Vitamins,MFG001,Manufacturer 001,SUP029,Supplier 029,REG-784552,Generic Ingredient 121,General Sale,40,18,0,4673.34,1378.64,0.0,Not Zero Sales,0.0,High 100-299,1
SKU00670,Sample Product 00670,Blocked,2026-04,153.05,0.187,Medical Devices,Mobility Aids,MFG010,Manufacturer 010,SUP011,Supplier 011,REG-744917,Generic Ingredient 031,General Sale,48,0,0,0.0,0.0,0.0,Not Zero Sales,0.0,High 100-299,0
SKU00671,Sample Product 00671,Active,2026-05,97.35,0.24,OTC & Wellness,Pain Relief,MFG007,Manufacturer 007,SUP019,Supplier 019,REG-870344,Generic Ingredient 146,General Sale,0,0,3,0.0,0.0,292.05,Active Zero Sales,292.05,Medium 25-99,1
SKU00672,Sample Product 00672,Active,2026-02,6.06,0.44,Personal Care,Hair Care,MFG019,Manufacturer 019,SUP030,Supplier 030,REG-844745,Generic Ingredient 001,General Sale,71,28,8,169.68,74.66,48.48,Not Zero Sales,0.0,Low < 25,1
SKU00673,Sample Product 00673,Active,2026-03,379.3,0.49,General Merchandise,Accessories,MFG005,Manufacturer 005,SUP016,Supplier 016,REG-875407,Generic Ingredient 115,General Sale,92,40,27,15172.0,7434.28,10241.1,Not Zero Sales,0.0,Premium 300+,1
SKU00674,Sample Product 00674,Active,2026-06,62.53,0.392,Nutrition,Hydration,MFG012,Manufacturer 012,SUP005,Supplier 005,REG-538296,Generic Ingredient 097,Pharmacy Only,50,14,22,875.42,343.16,1375.66,Not Zero Sales,0.0,Medium 25-99,1
SKU00675,Sample Product 00675,Active,2026-01,52.44,0.195,Medical Devices,First Aid,MFG008,Manufacturer 008,SUP010,Supplier 010,REG-487463,Generic Ingredient 041,General Sale,166,86,45,4509.84,879.42,2359.8,Not Zero Sales,0.0,Medium 25-99,1
SKU00676,Sample Product 00676,Active,2026-02,17.48,0.396,Personal Care,Oral Care,MFG006,Manufacturer 006,SUP022,Supplier 022,REG-700307,Generic Ingredient 010,Pharmacy Only,95,57,31,996.36,394.56,541.88,Not Zero Sales,0.0,Low < 25,1
SKU00677,Sample Product 00677,Active,2026-03,46.89,0.346,OTC & Wellness,Vitamins,MFG004,Manufacturer 004,SUP024,Supplier 024,REG-731685,Generic Ingredient 165,General Sale,45,10,7,468.9,162.24,328.23,Not Zero Sales,0.0,Medium 25-99,1
SKU00678,Sample Product 00678,Blocked,2026-04,19.96,0.315,General Merchandise,Travel Health,MFG019,Manufacturer 019,SUP019,Supplier 019,REG-382881,Generic Ingredient 128,Pharmacy Only,39,0,0,0.0,0.0,0.0,Not Zero Sales,0.0,Low < 25,0
SKU00679,Sample Product 00679,Active,2026-01,92.38,0.343,Personal Care,Hair Care,MFG015,Manufacturer 015,SUP013,Supplier 013,REG-503852,Generic Ingredient 120,General Sale,56,48,7,4434.24,1520.94,646.66,Not Zero Sales,0.0,Medium 25-99,1
SKU00680,Sample Product 00680,Active,2026-02,296.15,0.241,Medical Devices,Home Diagnostics,MFG004,Manufacturer 004,SUP003,Supplier 003,REG-888600,Generic Ingredient 134,General Sale,72,0,25,0.0,0.0,7403.75,Active Zero Sales,7403.75,High 100-299,1
SKU00681,Sample Product 00681,Active,2026-01,261.68,0.364,OTC & Wellness,Vitamins,MFG002,Manufacturer 002,SUP025,Supplier 025,REG-884252,Generic Ingredient 052,General Sale,30,19,10,4971.92,1809.78,2616.8,Not Zero Sales,0.0,High 100-299,1
SKU00682,Sample Product 00682,Blocked,2026-05,242.75,0.331,Nutrition,Hydration,MFG015,Manufacturer 015,SUP002,Supplier 002,REG-204760,Generic Ingredient 147,Pharmacy Only,44,0,0,0.0,0.0,0.0,Not Zero Sales,0.0,High 100-299,0
SKU00683,Sample Product 00683,Active,2026-05,5.81,0.373,Personal Care,Oral Care,MFG016,Manufacturer 016,SUP018,Supplier 018,REG-915413,Generic Ingredient 076,General Sale,75,54,11,313.74,117.03,63.91,Not Zero Sales,0.0,Low < 25,1
SKU00684,Sample Product 00684,Active,2026-02,19.11,0.349,OTC & Wellness,Cold & Allergy,MFG017,Manufacturer 017,SUP017,Supplier 017,REG-927491,Generic Ingredient 123,General Sale,73,10,15,191.1,66.69,286.65,Not Zero Sales,0.0,Low < 25,1
SKU00685,Sample Product 00685,Active,2026-04,26.98,0.349,OTC & Wellness,Digestive Care,MFG018,Manufacturer 018,SUP024,Supplier 024,REG-623291,Generic Ingredient 140,Pharmacy Only,47,9,0,242.82,84.74,0.0,Not Zero Sales,0.0,Medium 25-99,1
SKU00686,Sample Product 00686,Blocked,2026-04,395.9,0.179,Medical Devices,Mobility Aids,MFG019,Manufacturer 019,SUP011,Supplier 011,REG-699089,Generic Ingredient 129,General Sale,11,17,0,6730.3,1204.72,0.0,Not Zero Sales,0.0,Premium 300+,0
SKU00687,Sample Product 00687,Active,2026-05,53.02,0.333,OTC & Wellness,Digestive Care,MFG008,Manufacturer 008,SUP015,Supplier 015,REG-291983,Generic Ingredient 057,General Sale,69,0,53,0.0,0.0,2810.06,Active Zero Sales,2810.06,Medium 25-99,1
SKU00688,Sample Product 00688,Active,2026-06,44.76,0.361,Personal Care,Skin Care,MFG001,Manufacturer 001,SUP017,Supplier 017,REG-589041,Generic Ingredient 046,General Sale,168,92,40,4117.92,1486.57,1790.4,Not Zero Sales,0.0,Medium 25-99,1
SKU00689,Sample Product 00689,Blocked,2026-01,244.52,0.408,General Merchandise,Baby Essentials,MFG001,Manufacturer 001,SUP024,Supplier 024,REG-336700,Generic Ingredient 089,General Sale,13,0,0,0.0,0.0,0.0,Not Zero Sales,0.0,High 100-299,0
SKU00690,Sample Product 00690,Active,2026-06,597.78,0.388,Personal Care,Oral Care,MFG002,Manufacturer 002,SUP030,Supplier 030,REG-889031,Generic Ingredient 055,General Sale,46,16,23,9564.48,3711.02,13748.94,Not Zero Sales,0.0,Premium 300+,1
SKU00691,Sample Product 00691,Blocked,2026-02,524.57,0.409,Personal Care,Hair Care,MFG015,Manufacturer 015,SUP013,Supplier 013,REG-781684,Generic Ingredient 060,General Sale,13,0,0,0.0,0.0,0.0,Not Zero Sales,0.0,Premium 300+,0
SKU00692,Sample Product 00692,Blocked,2026-06,21.97,0.397,Medical Devices,Mobility Aids,MFG004,Manufacturer 004,SUP011,Supplier 011,REG-554098,Generic Ingredient 107,Pharmacy Only,0,0,0,0.0,0.0,0.0,Not Zero Sales,0.0,Low < 25,0
SKU00693,Sample Product 00693,Blocked,2026-03,83.33,0.3,General Merchandise,Seasonal Care,MFG003,Manufacturer 003,SUP001,Supplier 001,REG-347009,Generic Ingredient 043,General Sale,46,21,0,1749.93,524.98,0.0,Not Zero Sales,0.0,Medium 25-99,0
SKU00694,Sample Product 00694,Active,2026-06,12.8,0.491,General Merchandise,Baby Essentials,MFG003,Manufacturer 003,SUP019,Supplier 019,REG-764386,Generic Ingredient 080,General Sale,68,23,0,294.4,144.55,0.0,Not Zero Sales,0.0,Low < 25,1
SKU00695,Sample Product 00695,Blocked,2026-04,73.42,0.194,Nutrition,Healthy Snacks,MFG004,Manufacturer 004,SUP016,Supplier 016,REG-712838,Generic Ingredient 066,General Sale,18,0,0,0.0,0.0,0.0,Not Zero Sales,0.0,Medium 25-99,0
SKU00696,Sample Product 00696,Active,2026-03,324.73,0.383,Personal Care,Oral Care,MFG015,Manufacturer 015,SUP014,Supplier 014,REG-830804,Generic Ingredient 090,General Sale,52,24,7,7793.52,2984.92,2273.11,Not Zero Sales,0.0,Premium 300+,1
SKU00697,Sample Product 00697,Active,2026-04,26.35,0.365,OTC & Wellness,Cold & Allergy,MFG009,Manufacturer 009,SUP030,Supplier 030,REG-986595,Generic Ingredient 128,Pharmacy Only,80,32,0,843.2,307.77,0.0,Not Zero Sales,0.0,Medium 25-99,1
SKU00698,Sample Product 00698,Blocked,2026-01,15.62,0.383,Medical Devices,First Aid,MFG014,Manufacturer 014,SUP016,Supplier 016,REG-755878,Generic Ingredient 136,General Sale,28,18,7,281.16,107.68,109.34,Not Zero Sales,0.0,Low < 25,0
SKU00699,Sample Product 00699,Active,2026-02,96.22,0.426,General Merchandise,Travel Health,MFG013,Manufacturer 013,SUP019,Supplier 019,REG-842530,Generic Ingredient 009,General Sale,34,12,25,1154.64,491.88,2405.5,Not Zero Sales,0.0,Medium 25-99,1
SKU00700,Sample Product 00700,Active,2026-04,67.12,0.4,OTC & Wellness,Digestive Care,MFG001,Manufacturer 001,SUP019,Supplier 019,REG-164637,Generic Ingredient 018,General Sale,98,37,14,2483.44,993.38,939.68,Not Zero Sales,0.0,Medium 25-99,1
SKU00701,Sample Product 00701,Blocked,2026-03,290.47,0.427,General Merchandise,Accessories,MFG008,Manufacturer 008,SUP029,Supplier 029,REG-392597,Generic Ingredient 148,General Sale,62,0,15,0.0,0.0,4357.05,Not Zero Sales,0.0,High 100-299,0
SKU00702,Sample Product 00702,Active,2026-04,267.15,0.46,Personal Care,Oral Care,MFG020,Manufacturer 020,SUP016,Supplier 016,REG-848987,Generic Ingredient 143,General Sale,71,14,7,3740.1,1720.45,1870.05,Not Zero Sales,0.0,High 100-299,1
SKU00703,Sample Product 00703,Active,2026-04,99.29,0.362,General Merchandise,Baby Essentials,MFG005,Manufacturer 005,SUP020,Supplier 020,REG-842985,Generic Ingredient 084,General Sale,67,0,23,0.0,0.0,2283.67,Active Zero Sales,2283.67,Medium 25-99,1
SKU00704,Sample Product 00704,Active,2026-04,163.32,0.39,Personal Care,Hygiene,MFG014,Manufacturer 014,SUP020,Supplier 020,REG-881808,Generic Ingredient 041,General Sale,1,4,0,653.28,254.78,0.0,Not Zero Sales,0.0,High 100-299,1
SKU00705,Sample Product 00705,Active,2026-04,141.25,0.409,General Merchandise,Accessories,MFG002,Manufacturer 002,SUP003,Supplier 003,REG-938693,Generic Ingredient 163,General Sale,78,11,20,1553.75,635.48,2825.0,Not Zero Sales,0.0,High 100-299,1
SKU00706,Sample Product 00706,Active,2026-02,24.06,0.29,Nutrition,Hydration,MFG014,Manufacturer 014,SUP024,Supplier 024,REG-532023,Generic Ingredient 035,General Sale,43,12,14,288.72,83.73,336.84,Not Zero Sales,0.0,Low < 25,1
SKU00707,Sample Product 00707,Active,2026-02,633.68,0.297,Medical Devices,Home Diagnostics,MFG008,Manufacturer 008,SUP003,Supplier 003,REG-411083,Generic Ingredient 079,Pharmacy Only,23,13,20,8237.84,2446.64,12673.6,Not Zero Sales,0.0,Premium 300+,1
SKU00708,Sample Product 00708,Active,2026-05,72.84,0.291,Personal Care,Oral Care,MFG010,Manufacturer 010,SUP022,Supplier 022,REG-670774,Generic Ingredient 024,General Sale,64,30,5,2185.2,635.89,364.2,Not Zero Sales,0.0,Medium 25-99,1
SKU00709,Sample Product 00709,Active,2026-01,64.5,0.339,General Merchandise,Travel Health,MFG009,Manufacturer 009,SUP019,Supplier 019,REG-783305,Generic Ingredient 125,General Sale,53,11,24,709.5,240.52,1548.0,Not Zero Sales,0.0,Medium 25-99,1
SKU00710,Sample Product 00710,Active,2026-02,87.64,0.342,General Merchandise,Accessories,MFG007,Manufacturer 007,SUP004,Supplier 004,REG-259049,Generic Ingredient 063,General Sale,36,23,17,2015.72,689.38,1489.88,Not Zero Sales,0.0,Medium 25-99,1
SKU00711,Sample Product 00711,Active,2026-04,41.72,0.369,OTC & Wellness,Vitamins,MFG010,Manufacturer 010,SUP025,Supplier 025,REG-250718,Generic Ingredient 113,Pharmacy Only,60,45,9,1877.4,692.76,375.48,Not Zero Sales,0.0,Medium 25-99,1
SKU00712,Sample Product 00712,Active,2026-04,48.24,0.408,OTC & Wellness,Digestive Care,MFG013,Manufacturer 013,SUP019,Supplier 019,REG-658816,Generic Ingredient 088,General Sale,73,31,11,1495.44,610.14,530.64,Not Zero Sales,0.0,Medium 25-99,1
SKU00713,Sample Product 00713,Active,2026-05,24.27,0.311,Nutrition,Adult Nutrition,MFG011,Manufacturer 011,SUP013,Supplier 013,REG-426561,Generic Ingredient 065,General Sale,96,24,24,582.48,181.15,582.48,Not Zero Sales,0.0,Low < 25,1
SKU00714,Sample Product 00714,Active,2026-05,19.58,0.418,Personal Care,Skin Care,MFG014,Manufacturer 014,SUP009,Supplier 009,REG-594221,Generic Ingredient 052,General Sale,38,0,45,0.0,0.0,881.1,Active Zero Sales,881.1,Low < 25,1
SKU00715,Sample Product 00715,Active,2026-05,41.38,0.288,OTC & Wellness,Vitamins,MFG019,Manufacturer 019,SUP013,Supplier 013,REG-547471,Generic Ingredient 090,Pharmacy Only,80,53,31,2193.14,631.62,1282.78,Not Zero Sales,0.0,Medium 25-99,1
SKU00716,Sample Product 00716,Active,2026-02,32.3,0.401,General Merchandise,Baby Essentials,MFG006,Manufacturer 006,SUP023,Supplier 023,REG-885324,Generic Ingredient 098,Restricted Sale,80,38,0,1227.4,492.19,0.0,Not Zero Sales,0.0,Medium 25-99,1
SKU00717,Sample Product 00717,Active,2026-01,22.35,0.231,Medical Devices,Monitoring Supplies,MFG007,Manufacturer 007,SUP013,Supplier 013,REG-140188,Generic Ingredient 131,Pharmacy Only,186,120,37,2682.0,619.54,826.95,Not Zero Sales,0.0,Low < 25,1
SKU00718,Sample Product 00718,Blocked,2026-06,80.62,0.253,General Merchandise,Travel Health,MFG013,Manufacturer 013,SUP019,Supplier 019,REG-758512,Generic Ingredient 035,Pharmacy Only,37,0,0,0.0,0.0,0.0,Not Zero Sales,0.0,Medium 25-99,0
SKU00719,Sample Product 00719,Active,2026-02,19.41,0.366,OTC & Wellness,Vitamins,MFG003,Manufacturer 003,SUP017,Supplier 017,REG-648243,Generic Ingredient 030,General Sale,46,17,29,329.97,120.77,562.89,Not Zero Sales,0.0,Low < 25,1
SKU00720,Sample Product 00720,Blocked,2026-05,318.09,0.261,Medical Devices,Home Diagnostics,MFG019,Manufacturer 019,SUP003,Supplier 003,REG-413552,Generic Ingredient 136,General Sale,60,20,7,6361.8,1660.43,2226.63,Not Zero Sales,0.0,Premium 300+,0
SKU00721,Sample Product 00721,Active,2026-04,183.4,0.398,OTC & Wellness,Digestive Care,MFG015,Manufacturer 015,SUP030,Supplier 030,REG-750653,Generic Ingredient 117,Pharmacy Only,100,68,8,12471.2,4963.54,1467.2,Not Zero Sales,0.0,High 100-299,1
SKU00722,Sample Product 00722,Active,2026-02,26.08,0.399,Personal Care,Hygiene,MFG001,Manufacturer 001,SUP019,Supplier 019,REG-320630,Generic Ingredient 111,Pharmacy Only,146,92,59,2399.36,957.34,1538.72,Not Zero Sales,0.0,Medium 25-99,1
SKU00723,Sample Product 00723,Active,2026-06,21.69,0.216,Nutrition,Adult Nutrition,MFG009,Manufacturer 009,SUP030,Supplier 030,REG-379585,Generic Ingredient 088,General Sale,70,25,0,542.25,117.13,0.0,Not Zero Sales,0.0,Low < 25,1
SKU00724,Sample Product 00724,Blocked,2026-02,27.72,0.437,Personal Care,Hygiene,MFG005,Manufacturer 005,SUP014,Supplier 014,REG-697948,Generic Ingredient 096,General Sale,46,0,0,0.0,0.0,0.0,Not Zero Sales,0.0,Medium 25-99,0
SKU00725,Sample Product 00725,Active,2026-05,60.97,0.261,Medical Devices,Monitoring Supplies,MFG006,Manufacturer 006,SUP001,Supplier 001,REG-132647,Generic Ingredient 127,General Sale,31,0,40,0.0,0.0,2438.8,Active Zero Sales,2438.8,Medium 25-99,1
SKU00726,Sample Product 00726,Active,2026-06,35.39,0.242,OTC & Wellness,Pain Relief,MFG007,Manufacturer 007,SUP016,Supplier 016,REG-742448,Generic Ingredient 118,General Sale,42,4,18,141.56,34.26,637.02,Not Zero Sales,0.0,Medium 25-99,1
SKU00727,Sample Product 00727,Active,2026-01,5.63,0.354,Personal Care,Hair Care,MFG018,Manufacturer 018,SUP022,Supplier 022,REG-513612,Generic Ingredient 104,Pharmacy Only,41,5,4,28.15,9.97,22.52,Not Zero Sales,0.0,Low < 25,1
SKU00728,Sample Product 00728,Active,2026-05,64.45,0.447,Personal Care,Hygiene,MFG020,Manufacturer 020,SUP026,Supplier 026,REG-516085,Generic Ingredient 012,General Sale,61,27,24,1740.15,777.85,1546.8,Not Zero Sales,0.0,Medium 25-99,1
SKU00729,Sample Product 00729,Active,2026-01,99.04,0.358,Personal Care,Hair Care,MFG013,Manufacturer 013,SUP016,Supplier 016,REG-380184,Generic Ingredient 071,General Sale,29,21,1,2079.84,744.58,99.04,Not Zero Sales,0.0,Medium 25-99,1
SKU00730,Sample Product 00730,Active,2026-01,79.54,0.318,Personal Care,Hair Care,MFG016,Manufacturer 016,SUP028,Supplier 028,REG-516719,Generic Ingredient 160,General Sale,39,19,0,1511.26,480.58,0.0,Not Zero Sales,0.0,Medium 25-99,1
SKU00731,Sample Product 00731,Active,2026-04,60.92,0.238,OTC & Wellness,Pain Relief,MFG019,Manufacturer 019,SUP028,Supplier 028,REG-354696,Generic Ingredient 050,General Sale,42,18,7,1096.56,260.98,426.44,Not Zero Sales,0.0,Medium 25-99,1
SKU00732,Sample Product 00732,Active,2026-06,234.6,0.342,OTC & Wellness,Pain Relief,MFG007,Manufacturer 007,SUP026,Supplier 026,REG-699792,Generic Ingredient 059,General Sale,66,17,0,3988.2,1363.96,0.0,Not Zero Sales,0.0,High 100-299,1
SKU00733,Sample Product 00733,Active,2026-06,73.35,0.303,Medical Devices,First Aid,MFG016,Manufacturer 016,SUP002,Supplier 002,REG-584404,Generic Ingredient 114,General Sale,22,22,2,1613.7,488.95,146.7,Not Zero Sales,0.0,Medium 25-99,1
SKU00734,Sample Product 00734,Active,2026-03,10.95,0.439,Personal Care,Skin Care,MFG013,Manufacturer 013,SUP011,Supplier 011,REG-435605,Generic Ingredient 022,General Sale,3,0,3,0.0,0.0,32.85,Active Zero Sales,32.85,Low < 25,1
SKU00735,Sample Product 00735,Blocked,2026-06,23.78,0.299,OTC & Wellness,Vitamins,MFG018,Manufacturer 018,SUP005,Supplier 005,REG-141013,Generic Ingredient 142,Pharmacy Only,43,0,0,0.0,0.0,0.0,Not Zero Sales,0.0,Low < 25,0
SKU00736,Sample Product 00736,Active,2026-05,8.49,0.283,Medical Devices,Home Diagnostics,MFG015,Manufacturer 015,SUP003,Supplier 003,REG-763611,Generic Ingredient 141,General Sale,137,61,37,517.89,146.56,314.13,Not Zero Sales,0.0,Low < 25,1
SKU00737,Sample Product 00737,Active,2026-04,9.82,0.343,General Merchandise,Accessories,MFG013,Manufacturer 013,SUP009,Supplier 009,REG-577520,Generic Ingredient 123,General Sale,42,22,0,216.04,74.1,0.0,Not Zero Sales,0.0,Low < 25,1
SKU00738,Sample Product 00738,Active,2026-05,258.83,0.314,Nutrition,Healthy Snacks,MFG012,Manufacturer 012,SUP026,Supplier 026,REG-249957,Generic Ingredient 045,General Sale,63,12,10,3105.96,975.27,2588.3,Not Zero Sales,0.0,High 100-299,1
SKU00739,Sample Product 00739,Active,2026-04,13.04,0.424,Personal Care,Hygiene,MFG002,Manufacturer 002,SUP020,Supplier 020,REG-845079,Generic Ingredient 170,General Sale,57,36,10,469.44,199.04,130.4,Not Zero Sales,0.0,Low < 25,1
SKU00740,Sample Product 00740,Active,2026-04,60.83,0.367,Personal Care,Hygiene,MFG017,Manufacturer 017,SUP029,Supplier 029,REG-654258,Generic Ingredient 003,Pharmacy Only,64,9,9,547.47,200.92,547.47,Not Zero Sales,0.0,Medium 25-99,1
SKU00741,Sample Product 00741,Active,2026-01,76.27,0.368,General Merchandise,Accessories,MFG017,Manufacturer 017,SUP020,Supplier 020,REG-450490,Generic Ingredient 135,General Sale,17,17,2,1296.59,477.15,152.54,Not Zero Sales,0.0,Medium 25-99,1
SKU00742,Sample Product 00742,Active,2026-01,70.8,0.406,Personal Care,Hair Care,MFG013,Manufacturer 013,SUP019,Supplier 019,REG-735259,Generic Ingredient 034,General Sale,58,0,15,0.0,0.0,1062.0,Active Zero Sales,1062.0,Medium 25-99,1
SKU00743,Sample Product 00743,Blocked,2026-04,59.38,0.375,Nutrition,Healthy Snacks,MFG004,Manufacturer 004,SUP017,Supplier 017,REG-360799,Generic Ingredient 164,General Sale,8,0,0,0.0,0.0,0.0,Not Zero Sales,0.0,Medium 25-99,0
SKU00744,Sample Product 00744,Active,2026-02,25.99,0.355,OTC & Wellness,Vitamins,MFG018,Manufacturer 018,SUP030,Supplier 030,REG-918832,Generic Ingredient 019,General Sale,115,58,16,1507.42,535.13,415.84,Not Zero Sales,0.0,Medium 25-99,1
SKU00745,Sample Product 00745,Blocked,2026-04,13.98,0.319,Medical Devices,Monitoring Supplies,MFG005,Manufacturer 005,SUP001,Supplier 001,REG-523897,Generic Ingredient 063,General Sale,50,0,0,0.0,0.0,0.0,Not Zero Sales,0.0,Low < 25,0
SKU00746,Sample Product 00746,Active,2026-01,91.88,0.433,Nutrition,Hydration,MFG007,Manufacturer 007,SUP030,Supplier 030,REG-368933,Generic Ingredient 055,General Sale,94,32,33,2940.16,1273.09,3032.04,Not Zero Sales,0.0,Medium 25-99,1
SKU00747,Sample Product 00747,Active,2026-06,96.57,0.2,Personal Care,Hair Care,MFG003,Manufacturer 003,SUP018,Supplier 018,REG-672680,Generic Ingredient 046,General Sale,31,6,5,579.42,115.88,482.85,Not Zero Sales,0.0,Medium 25-99,1
SKU00748,Sample Product 00748,Blocked,2026-03,16.0,0.303,General Merchandise,Baby Essentials,MFG007,Manufacturer 007,SUP018,Supplier 018,REG-771726,Generic Ingredient 111,General Sale,38,0,0,0.0,0.0,0.0,Not Zero Sales,0.0,Low < 25,0
SKU00749,Sample Product 00749,Active,2026-03,121.22,0.356,Nutrition,Sports Nutrition,MFG011,Manufacturer 011,SUP014,Supplier 014,REG-355977,Generic Ingredient 028,General Sale,74,55,16,6667.1,2373.49,1939.52,Not Zero Sales,0.0,High 100-299,1
SKU00750,Sample Product 00750,Active,2026-02,7.43,0.329,General Merchandise,Travel Health,MFG016,Manufacturer 016,SUP019,Supplier 019,REG-232393,Generic Ingredient 108,General Sale,73,32,30,237.76,78.22,222.9,Not Zero Sales,0.0,Low < 25,1
SKU00751,Sample Product 00751,Active,2026-06,92.58,0.272,Medical Devices,Mobility Aids,MFG005,Manufacturer 005,SUP011,Supplier 011,REG-482613,Generic Ingredient 050,General Sale,53,30,10,2777.4,755.45,925.8,Not Zero Sales,0.0,Medium 25-99,1
SKU00752,Sample Product 00752,Active,2026-06,31.96,0.232,General Merchandise,Baby Essentials,MFG008,Manufacturer 008,SUP029,Supplier 029,REG-864066,Generic Ingredient 135,General Sale,50,32,14,1022.72,237.27,447.44,Not Zero Sales,0.0,Medium 25-99,1
SKU00753,Sample Product 00753,Active,2026-05,239.7,0.211,OTC & Wellness,Cold & Allergy,MFG018,Manufacturer 018,SUP004,Supplier 004,REG-385224,Generic Ingredient 038,Pharmacy Only,51,4,0,958.8,202.31,0.0,Not Zero Sales,0.0,High 100-299,1
SKU00754,Sample Product 00754,Active,2026-05,127.92,0.367,General Merchandise,Travel Health,MFG016,Manufacturer 016,SUP019,Supplier 019,REG-979138,Generic Ingredient 068,General Sale,29,18,0,2302.56,845.04,0.0,Not Zero Sales,0.0,High 100-299,1
SKU00755,Sample Product 00755,Active,2026-02,7.59,0.461,Personal Care,Skin Care,MFG008,Manufacturer 008,SUP025,Supplier 025,REG-741872,Generic Ingredient 145,General Sale,20,0,6,0.0,0.0,45.54,Active Zero Sales,45.54,Low < 25,1
SKU00756,Sample Product 00756,Active,2026-03,6.81,0.492,General Merchandise,Accessories,MFG020,Manufacturer 020,SUP002,Supplier 002,REG-743348,Generic Ingredient 095,General Sale,49,23,0,156.63,77.06,0.0,Not Zero Sales,0.0,Low < 25,1
SKU00757,Sample Product 00757,Active,2026-03,44.99,0.312,Medical Devices,Monitoring Supplies,MFG012,Manufacturer 012,SUP003,Supplier 003,REG-719980,Generic Ingredient 124,General Sale,25,8,12,359.92,112.3,539.88,Not Zero Sales,0.0,Medium 25-99,1
SKU00758,Sample Product 00758,Active,2026-02,59.61,0.241,Nutrition,Adult Nutrition,MFG006,Manufacturer 006,SUP027,Supplier 027,REG-234718,Generic Ingredient 137,General Sale,55,24,0,1430.64,344.78,0.0,Not Zero Sales,0.0,Medium 25-99,1
SKU00759,Sample Product 00759,Blocked,2026-05,81.08,0.306,Medical Devices,First Aid,MFG020,Manufacturer 020,SUP025,Supplier 025,REG-856803,Generic Ingredient 066,General Sale,0,0,0,0.0,0.0,0.0,Not Zero Sales,0.0,Medium 25-99,0
SKU00760,Sample Product 00760,Active,2026-02,4.77,0.341,Medical Devices,Mobility Aids,MFG003,Manufacturer 003,SUP011,Supplier 011,REG-698556,Generic Ingredient 070,General Sale,84,53,6,252.81,86.21,28.62,Not Zero Sales,0.0,Low < 25,1
SKU00761,Sample Product 00761,Active,2026-03,86.53,0.213,Personal Care,Hygiene,MFG016,Manufacturer 016,SUP019,Supplier 019,REG-876029,Generic Ingredient 079,General Sale,32,18,11,1557.54,331.76,951.83,Not Zero Sales,0.0,Medium 25-99,1
SKU00762,Sample Product 00762,Active,2026-04,108.75,0.31,OTC & Wellness,Cold & Allergy,MFG007,Manufacturer 007,SUP004,Supplier 004,REG-993920,Generic Ingredient 079,General Sale,8,12,4,1305.0,404.55,435.0,Not Zero Sales,0.0,High 100-299,1
SKU00763,Sample Product 00763,Blocked,2026-01,104.39,0.295,Nutrition,Healthy Snacks,MFG007,Manufacturer 007,SUP011,Supplier 011,REG-160665,Generic Ingredient 006,Pharmacy Only,30,0,0,0.0,0.0,0.0,Not Zero Sales,0.0,High 100-299,0
SKU00764,Sample Product 00764,Active,2026-04,602.21,0.357,General Merchandise,Baby Essentials,MFG015,Manufacturer 015,SUP015,Supplier 015,REG-652698,Generic Ingredient 012,Pharmacy Only,47,10,0,6022.1,2149.89,0.0,Not Zero Sales,0.0,Premium 300+,1
SKU00765,Sample Product 00765,Active,2026-04,33.7,0.357,Medical Devices,First Aid,MFG010,Manufacturer 010,SUP014,Supplier 014,REG-496970,Generic Ingredient 017,Pharmacy Only,140,83,30,2797.1,998.56,1011.0,Not Zero Sales,0.0,Medium 25-99,1
SKU00766,Sample Product 00766,Active,2026-05,55.04,0.334,Nutrition,Healthy Snacks,MFG005,Manufacturer 005,SUP016,Supplier 016,REG-334709,Generic Ingredient 043,General Sale,57,25,8,1376.0,459.58,440.32,Not Zero Sales,0.0,Medium 25-99,1
SKU00767,Sample Product 00767,Blocked,2026-01,6.19,0.402,Personal Care,Skin Care,MFG018,Manufacturer 018,SUP019,Supplier 019,REG-839440,Generic Ingredient 106,General Sale,22,0,0,0.0,0.0,0.0,Not Zero Sales,0.0,Low < 25,0
SKU00768,Sample Product 00768,Active,2026-05,258.7,0.405,Personal Care,Oral Care,MFG002,Manufacturer 002,SUP016,Supplier 016,REG-825060,Generic Ingredient 165,Pharmacy Only,50,13,26,3363.1,1362.06,6726.2,Not Zero Sales,0.0,High 100-299,1
SKU00769,Sample Product 00769,Blocked,2026-03,64.42,0.168,General Merchandise,Seasonal Care,MFG019,Manufacturer 019,SUP028,Supplier 028,REG-869957,Generic Ingredient 177,General Sale,9,0,0,0.0,0.0,0.0,Not Zero Sales,0.0,Medium 25-99,0
SKU00770,Sample Product 00770,Blocked,2026-05,496.33,0.235,OTC & Wellness,Cold & Allergy,MFG009,Manufacturer 009,SUP016,Supplier 016,REG-607713,Generic Ingredient 166,General Sale,38,9,0,4466.97,1049.74,0.0,Not Zero Sales,0.0,Premium 300+,0
SKU00771,Sample Product 00771,Active,2026-02,64.1,0.426,Personal Care,Hygiene,MFG001,Manufacturer 001,SUP006,Supplier 006,REG-434650,Generic Ingredient 015,General Sale,49,7,15,448.7,191.15,961.5,Not Zero Sales,0.0,Medium 25-99,1
SKU00772,Sample Product 00772,Active,2026-04,6.78,0.254,Nutrition,Hydration,MFG011,Manufacturer 011,SUP015,Supplier 015,REG-357185,Generic Ingredient 072,General Sale,267,182,67,1233.96,313.43,454.26,Not Zero Sales,0.0,Low < 25,1
SKU00773,Sample Product 00773,Active,2026-05,174.96,0.38,OTC & Wellness,Pain Relief,MFG008,Manufacturer 008,SUP025,Supplier 025,REG-910353,Generic Ingredient 030,General Sale,72,61,9,10672.56,4055.57,1574.64,Not Zero Sales,0.0,High 100-299,1
SKU00774,Sample Product 00774,Active,2026-01,231.63,0.388,Personal Care,Hygiene,MFG002,Manufacturer 002,SUP029,Supplier 029,REG-140522,Generic Ingredient 127,General Sale,23,9,0,2084.67,808.85,0.0,Not Zero Sales,0.0,High 100-299,1
SKU00775,Sample Product 00775,Blocked,2026-04,90.25,0.406,Personal Care,Hygiene,MFG016,Manufacturer 016,SUP005,Supplier 005,REG-668946,Generic Ingredient 076,General Sale,45,0,0,0.0,0.0,0.0,Not Zero Sales,0.0,Medium 25-99,0
SKU00776,Sample Product 00776,Active,2026-01,214.04,0.364,Nutrition,Healthy Snacks,MFG011,Manufacturer 011,SUP005,Supplier 005,REG-583623,Generic Ingredient 006,Pharmacy Only,50,51,6,10916.04,3973.44,1284.24,Not Zero Sales,0.0,High 100-299,1
SKU00777,Sample Product 00777,Active,2026-04,67.82,0.268,Medical Devices,Home Diagnostics,MFG009,Manufacturer 009,SUP003,Supplier 003,REG-499631,Generic Ingredient 107,General Sale,37,23,16,1559.86,418.04,1085.12,Not Zero Sales,0.0,Medium 25-99,1
SKU00778,Sample Product 00778,Active,2026-01,26.78,0.326,Nutrition,Adult Nutrition,MFG010,Manufacturer 010,SUP023,Supplier 023,REG-836620,Generic Ingredient 172,Pharmacy Only,29,9,0,241.02,78.57,0.0,Not Zero Sales,0.0,Medium 25-99,1
SKU00779,Sample Product 00779,Active,2026-01,39.04,0.205,Medical Devices,Mobility Aids,MFG008,Manufacturer 008,SUP011,Supplier 011,REG-444441,Generic Ingredient 063,General Sale,30,0,14,0.0,0.0,546.56,Active Zero Sales,546.56,Medium 25-99,1
SKU00780,Sample Product 00780,Blocked,2026-02,63.5,0.373,Personal Care,Hair Care,MFG014,Manufacturer 014,SUP006,Supplier 006,REG-462466,Generic Ingredient 074,Pharmacy Only,44,0,0,0.0,0.0,0.0,Not Zero Sales,0.0,Medium 25-99,0
SKU00781,Sample Product 00781,Active,2026-04,8.54,0.316,Medical Devices,Mobility Aids,MFG016,Manufacturer 016,SUP011,Supplier 011,REG-993634,Generic Ingredient 109,Pharmacy Only,55,36,20,307.44,97.15,170.8,Not Zero Sales,0.0,Low < 25,1
SKU00782,Sample Product 00782,Active,2026-04,14.78,0.266,OTC & Wellness,Digestive Care,MFG009,Manufacturer 009,SUP005,Supplier 005,REG-859090,Generic Ingredient 132,General Sale,32,11,0,162.58,43.25,0.0,Not Zero Sales,0.0,Low < 25,1
SKU00783,Sample Product 00783,Blocked,2026-02,475.07,0.436,OTC & Wellness,Cold & Allergy,MFG008,Manufacturer 008,SUP012,Supplier 012,REG-915700,Generic Ingredient 076,General Sale,38,0,0,0.0,0.0,0.0,Not Zero Sales,0.0,Premium 300+,0
SKU00784,Sample Product 00784,Active,2026-06,22.6,0.315,OTC & Wellness,Digestive Care,MFG009,Manufacturer 009,SUP007,Supplier 007,REG-263083,Generic Ingredient 141,General Sale,47,27,4,610.2,192.21,90.4,Not Zero Sales,0.0,Low < 25,1
SKU00785,Sample Product 00785,Blocked,2026-04,18.99,0.375,General Merchandise,Travel Health,MFG004,Manufacturer 004,SUP019,Supplier 019,REG-112096,Generic Ingredient 109,General Sale,0,0,0,0.0,0.0,0.0,Not Zero Sales,0.0,Low < 25,0
SKU00786,Sample Product 00786,Active,2026-03,187.62,0.256,Medical Devices,Mobility Aids,MFG016,Manufacturer 016,SUP011,Supplier 011,REG-601109,Generic Ingredient 039,Pharmacy Only,38,11,9,2063.82,528.34,1688.58,Not Zero Sales,0.0,High 100-299,1
SKU00787,Sample Product 00787,Active,2026-03,72.91,0.401,OTC & Wellness,Vitamins,MFG007,Manufacturer 007,SUP018,Supplier 018,REG-729287,Generic Ingredient 056,General Sale,45,18,0,1312.38,526.26,0.0,Not Zero Sales,0.0,Medium 25-99,1
SKU00788,Sample Product 00788,Blocked,2026-03,80.41,0.423,General Merchandise,Travel Health,MFG019,Manufacturer 019,SUP019,Supplier 019,REG-303739,Generic Ingredient 105,General Sale,1,0,0,0.0,0.0,0.0,Not Zero Sales,0.0,Medium 25-99,0
SKU00789,Sample Product 00789,Active,2026-02,24.02,0.364,General Merchandise,Accessories,MFG001,Manufacturer 001,SUP024,Supplier 024,REG-182515,Generic Ingredient 073,General Sale,156,90,23,2161.8,786.9,552.46,Not Zero Sales,0.0,Low < 25,1
SKU00790,Sample Product 00790,Active,2026-01,66.01,0.292,Medical Devices,Home Diagnostics,MFG020,Manufacturer 020,SUP003,Supplier 003,REG-152551,Generic Ingredient 119,Restricted Sale,66,13,8,858.13,250.57,528.08,Not Zero Sales,0.0,Medium 25-99,1
SKU00791,Sample Product 00791,Active,2026-06,221.18,0.206,Personal Care,Hygiene,MFG006,Manufacturer 006,SUP024,Supplier 024,REG-512230,Generic Ingredient 114,General Sale,52,36,0,7962.48,1640.27,0.0,Not Zero Sales,0.0,High 100-299,1
SKU00792,Sample Product 00792,Active,2026-04,90.67,0.21,Medical Devices,First Aid,MFG017,Manufacturer 017,SUP025,Supplier 025,REG-854937,Generic Ingredient 126,Restricted Sale,61,38,8,3445.46,723.55,725.36,Not Zero Sales,0.0,Medium 25-99,1
SKU00793,Sample Product 00793,Active,2026-04,53.94,0.373,OTC & Wellness,Digestive Care,MFG009,Manufacturer 009,SUP015,Supplier 015,REG-278040,Generic Ingredient 146,Pharmacy Only,106,0,62,0.0,0.0,3344.28,Active Zero Sales,3344.28,Medium 25-99,1
SKU00794,Sample Product 00794,Active,2026-05,7.73,0.458,Personal Care,Hygiene,MFG017,Manufacturer 017,SUP020,Supplier 020,REG-989751,Generic Ingredient 025,Pharmacy Only,100,34,20,262.82,120.37,154.6,Not Zero Sales,0.0,Low < 25,1
SKU00795,Sample Product 00795,Active,2026-03,43.55,0.421,General Merchandise,Travel Health,MFG010,Manufacturer 010,SUP019,Supplier 019,REG-186759,Generic Ingredient 055,General Sale,53,8,28,348.4,146.68,1219.4,Not Zero Sales,0.0,Medium 25-99,1
SKU00796,Sample Product 00796,Active,2026-04,81.98,0.312,Personal Care,Hygiene,MFG019,Manufacturer 019,SUP027,Supplier 027,REG-213190,Generic Ingredient 053,Pharmacy Only,31,32,0,2623.36,818.49,0.0,Not Zero Sales,0.0,Medium 25-99,1
SKU00797,Sample Product 00797,Active,2026-01,343.62,0.44,Personal Care,Skin Care,MFG019,Manufacturer 019,SUP026,Supplier 026,REG-638679,Generic Ingredient 098,General Sale,77,27,8,9277.74,4082.21,2748.96,Not Zero Sales,0.0,Premium 300+,1
SKU00798,Sample Product 00798,Blocked,2026-05,336.66,0.374,Personal Care,Oral Care,MFG018,Manufacturer 018,SUP021,Supplier 021,REG-925109,Generic Ingredient 170,General Sale,41,0,0,0.0,0.0,0.0,Not Zero Sales,0.0,Premium 300+,0
SKU00799,Sample Product 00799,Active,2026-04,71.82,0.344,Medical Devices,Monitoring Supplies,MFG003,Manufacturer 003,SUP006,Supplier 006,REG-269967,Generic Ingredient 010,General Sale,42,24,22,1723.68,592.95,1580.04,Not Zero Sales,0.0,Medium 25-99,1
SKU00800,Sample Product 00800,Active,2026-06,274.01,0.235,Nutrition,Adult Nutrition,MFG004,Manufacturer 004,SUP027,Supplier 027,REG-395130,Generic Ingredient 131,General Sale,34,0,3,0.0,0.0,822.03,Active Zero Sales,822.03,High 100-299,1
SKU00801,Sample Product 00801,Active,2026-02,139.43,0.418,Medical Devices,Monitoring Supplies,MFG014,Manufacturer 014,SUP010,Supplier 010,REG-222709,Generic Ingredient 144,General Sale,102,0,61,0.0,0.0,8505.23,Active Zero Sales,8505.23,High 100-299,1
SKU00802,Sample Product 00802,Active,2026-01,225.63,0.376,Medical Devices,Monitoring Supplies,MFG002,Manufacturer 002,SUP025,Supplier 025,REG-392793,Generic Ingredient 066,Pharmacy Only,51,0,10,0.0,0.0,2256.3,Active Zero Sales,2256.3,High 100-299,1
SKU00803,Sample Product 00803,Active,2026-02,31.69,0.275,Nutrition,Adult Nutrition,MFG007,Manufacturer 007,SUP015,Supplier 015,REG-598726,Generic Ingredient 152,Pharmacy Only,70,29,16,919.01,252.73,507.04,Not Zero Sales,0.0,Medium 25-99,1
SKU00804,Sample Product 00804,Blocked,2026-05,90.83,0.301,Medical Devices,First Aid,MFG015,Manufacturer 015,SUP013,Supplier 013,REG-373076,Generic Ingredient 149,Pharmacy Only,11,0,0,0.0,0.0,0.0,Not Zero Sales,0.0,Medium 25-99,0
SKU00805,Sample Product 00805,Active,2026-03,336.15,0.309,OTC & Wellness,Vitamins,MFG010,Manufacturer 010,SUP009,Supplier 009,REG-900692,Generic Ingredient 066,General Sale,13,10,0,3361.5,1038.7,0.0,Not Zero Sales,0.0,Premium 300+,1
SKU00806,Sample Product 00806,Blocked,2026-04,88.36,0.482,General Merchandise,Accessories,MFG013,Manufacturer 013,SUP019,Supplier 019,REG-559635,Generic Ingredient 084,General Sale,10,0,0,0.0,0.0,0.0,Not Zero Sales,0.0,Medium 25-99,0
SKU00807,Sample Product 00807,Blocked,2026-01,6.73,0.259,OTC & Wellness,Cold & Allergy,MFG011,Manufacturer 011,SUP022,Supplier 022,REG-403876,Generic Ingredient 046,Pharmacy Only,13,0,0,0.0,0.0,0.0,Not Zero Sales,0.0,Low < 25,0
SKU00808,Sample Product 00808,Active,2026-05,44.32,0.392,Personal Care,Skin Care,MFG011,Manufacturer 011,SUP028,Supplier 028,REG-746139,Generic Ingredient 168,General Sale,90,26,19,1152.32,451.71,842.08,Not Zero Sales,0.0,Medium 25-99,1
SKU00809,Sample Product 00809,Active,2026-06,53.85,0.26,Nutrition,Healthy Snacks,MFG008,Manufacturer 008,SUP002,Supplier 002,REG-481692,Generic Ingredient 025,General Sale,75,0,37,0.0,0.0,1992.45,Active Zero Sales,1992.45,Medium 25-99,1
SKU00810,Sample Product 00810,Active,2026-03,96.65,0.387,General Merchandise,Travel Health,MFG007,Manufacturer 007,SUP019,Supplier 019,REG-476872,Generic Ingredient 088,General Sale,42,15,0,1449.75,561.05,0.0,Not Zero Sales,0.0,Medium 25-99,1
SKU00811,Sample Product 00811,Active,2026-01,238.28,0.295,OTC & Wellness,Pain Relief,MFG017,Manufacturer 017,SUP026,Supplier 026,REG-937876,Generic Ingredient 163,Pharmacy Only,66,16,14,3812.48,1124.68,3335.92,Not Zero Sales,0.0,High 100-299,1
SKU00812,Sample Product 00812,Active,2026-01,95.94,0.348,OTC & Wellness,Vitamins,MFG007,Manufacturer 007,SUP030,Supplier 030,REG-228280,Generic Ingredient 091,General Sale,92,22,26,2110.68,734.52,2494.44,Not Zero Sales,0.0,Medium 25-99,1
SKU00813,Sample Product 00813,Active,2026-04,5.29,0.312,Nutrition,Healthy Snacks,MFG004,Manufacturer 004,SUP005,Supplier 005,REG-415422,Generic Ingredient 063,General Sale,44,26,22,137.54,42.91,116.38,Not Zero Sales,0.0,Low < 25,1
SKU00814,Sample Product 00814,Active,2026-03,129.94,0.268,General Merchandise,Travel Health,MFG018,Manufacturer 018,SUP019,Supplier 019,REG-736419,Generic Ingredient 160,General Sale,48,29,3,3768.26,1009.89,389.82,Not Zero Sales,0.0,High 100-299,1
SKU00815,Sample Product 00815,Blocked,2026-01,48.71,0.288,General Merchandise,Baby Essentials,MFG002,Manufacturer 002,SUP013,Supplier 013,REG-157891,Generic Ingredient 110,General Sale,62,26,0,1266.46,364.74,0.0,Not Zero Sales,0.0,Medium 25-99,0
SKU00816,Sample Product 00816,Active,2026-02,237.72,0.235,OTC & Wellness,Pain Relief,MFG006,Manufacturer 006,SUP010,Supplier 010,REG-611982,Generic Ingredient 080,General Sale,76,52,29,12361.44,2904.94,6893.88,Not Zero Sales,0.0,High 100-299,1
SKU00817,Sample Product 00817,Active,2026-01,99.44,0.327,General Merchandise,Baby Essentials,MFG001,Manufacturer 001,SUP003,Supplier 003,REG-528378,Generic Ingredient 062,General Sale,29,24,9,2386.56,780.41,894.96,Not Zero Sales,0.0,Medium 25-99,1
SKU00818,Sample Product 00818,Active,2026-06,27.58,0.372,OTC & Wellness,Vitamins,MFG004,Manufacturer 004,SUP008,Supplier 008,REG-420670,Generic Ingredient 101,General Sale,58,32,21,882.56,328.31,579.18,Not Zero Sales,0.0,Medium 25-99,1
SKU00819,Sample Product 00819,Active,2026-04,45.34,0.476,Personal Care,Skin Care,MFG011,Manufacturer 011,SUP030,Supplier 030,REG-824161,Generic Ingredient 022,General Sale,39,16,0,725.44,345.31,0.0,Not Zero Sales,0.0,Medium 25-99,1
SKU00820,Sample Product 00820,Active,2026-03,50.72,0.273,OTC & Wellness,Vitamins,MFG020,Manufacturer 020,SUP021,Supplier 021,REG-583818,Generic Ingredient 168,General Sale,83,18,25,912.96,249.24,1268.0,Not Zero Sales,0.0,Medium 25-99,1
SKU00821,Sample Product 00821,Active,2026-01,14.46,0.396,Medical Devices,Monitoring Supplies,MFG019,Manufacturer 019,SUP003,Supplier 003,REG-131361,Generic Ingredient 045,General Sale,45,23,7,332.58,131.7,101.22,Not Zero Sales,0.0,Low < 25,1
SKU00822,Sample Product 00822,Active,2026-01,403.99,0.33,OTC & Wellness,Digestive Care,MFG004,Manufacturer 004,SUP013,Supplier 013,REG-903901,Generic Ingredient 138,General Sale,75,33,0,13331.67,4399.45,0.0,Not Zero Sales,0.0,Premium 300+,1
SKU00823,Sample Product 00823,Active,2026-02,8.24,0.389,Personal Care,Oral Care,MFG009,Manufacturer 009,SUP027,Supplier 027,REG-732874,Generic Ingredient 045,General Sale,36,19,5,156.56,60.9,41.2,Not Zero Sales,0.0,Low < 25,1
SKU00824,Sample Product 00824,Active,2026-05,642.72,0.416,OTC & Wellness,Cold & Allergy,MFG008,Manufacturer 008,SUP005,Supplier 005,REG-203617,Generic Ingredient 156,General Sale,59,23,0,14782.56,6149.54,0.0,Not Zero Sales,0.0,Premium 300+,1
SKU00825,Sample Product 00825,Active,2026-04,101.57,0.366,Personal Care,Oral Care,MFG009,Manufacturer 009,SUP030,Supplier 030,REG-421374,Generic Ingredient 073,General Sale,17,13,0,1320.41,483.27,0.0,Not Zero Sales,0.0,High 100-299,1
SKU00826,Sample Product 00826,Active,2026-04,296.65,0.271,Medical Devices,Mobility Aids,MFG004,Manufacturer 004,SUP011,Supplier 011,REG-141068,Generic Ingredient 066,General Sale,13,16,0,4746.4,1286.27,0.0,Not Zero Sales,0.0,High 100-299,1
SKU00827,Sample Product 00827,Active,2026-01,14.63,0.214,OTC & Wellness,Vitamins,MFG010,Manufacturer 010,SUP012,Supplier 012,REG-343668,Generic Ingredient 045,Pharmacy Only,86,21,16,307.23,65.75,234.08,Not Zero Sales,0.0,Low < 25,1
SKU00828,Sample Product 00828,Active,2026-02,118.19,0.283,Medical Devices,First Aid,MFG002,Manufacturer 002,SUP014,Supplier 014,REG-738982,Generic Ingredient 166,General Sale,9,11,0,1300.09,367.93,0.0,Not Zero Sales,0.0,High 100-299,1
SKU00829,Sample Product 00829,Active,2026-02,6.62,0.428,OTC & Wellness,Cold & Allergy,MFG014,Manufacturer 014,SUP027,Supplier 027,REG-316158,Generic Ingredient 029,General Sale,41,32,3,211.84,90.67,19.86,Not Zero Sales,0.0,Low < 25,1
SKU00830,Sample Product 00830,Active,2026-01,211.85,0.347,Nutrition,Adult Nutrition,MFG004,Manufacturer 004,SUP013,Supplier 013,REG-590624,Generic Ingredient 176,General Sale,24,15,10,3177.75,1102.68,2118.5,Not Zero Sales,0.0,High 100-299,1
SKU00831,Sample Product 00831,Active,2026-03,62.79,0.396,Personal Care,Oral Care,MFG012,Manufacturer 012,SUP028,Supplier 028,REG-274435,Generic Ingredient 007,General Sale,66,28,11,1758.12,696.22,690.69,Not Zero Sales,0.0,Medium 25-99,1
SKU00832,Sample Product 00832,Active,2026-03,186.45,0.211,Medical Devices,First Aid,MFG008,Manufacturer 008,SUP013,Supplier 013,REG-483255,Generic Ingredient 091,General Sale,48,15,2,2796.75,590.11,372.9,Not Zero Sales,0.0,High 100-299,1
SKU00833,Sample Product 00833,Active,2026-02,157.48,0.315,Personal Care,Hygiene,MFG020,Manufacturer 020,SUP022,Supplier 022,REG-838830,Generic Ingredient 145,General Sale,23,6,8,944.88,297.64,1259.84,Not Zero Sales,0.0,High 100-299,1
SKU00834,Sample Product 00834,Active,2026-02,23.28,0.306,Medical Devices,Home Diagnostics,MFG010,Manufacturer 010,SUP003,Supplier 003,REG-196638,Generic Ingredient 152,General Sale,54,13,8,302.64,92.61,186.24,Not Zero Sales,0.0,Low < 25,1
SKU00835,Sample Product 00835,Active,2026-02,49.53,0.375,General Merchandise,Baby Essentials,MFG002,Manufacturer 002,SUP012,Supplier 012,REG-244520,Generic Ingredient 077,General Sale,133,66,41,3268.98,1225.87,2030.73,Not Zero Sales,0.0,Medium 25-99,1
SKU00836,Sample Product 00836,Active,2026-06,84.42,0.27,Medical Devices,First Aid,MFG007,Manufacturer 007,SUP020,Supplier 020,REG-721721,Generic Ingredient 021,General Sale,40,14,17,1181.88,319.11,1435.14,Not Zero Sales,0.0,Medium 25-99,1
SKU00837,Sample Product 00837,Active,2026-05,14.0,0.346,General Merchandise,Accessories,MFG007,Manufacturer 007,SUP023,Supplier 023,REG-162206,Generic Ingredient 125,General Sale,93,0,62,0.0,0.0,868.0,Active Zero Sales,868.0,Low < 25,1
SKU00838,Sample Product 00838,Blocked,2026-06,34.55,0.332,Personal Care,Oral Care,MFG020,Manufacturer 020,SUP001,Supplier 001,REG-609395,Generic Ingredient 096,Pharmacy Only,32,0,0,0.0,0.0,0.0,Not Zero Sales,0.0,Medium 25-99,0
SKU00839,Sample Product 00839,Active,2026-04,19.17,0.266,OTC & Wellness,Digestive Care,MFG014,Manufacturer 014,SUP007,Supplier 007,REG-997345,Generic Ingredient 037,General Sale,99,47,22,900.99,239.66,421.74,Not Zero Sales,0.0,Low < 25,1
SKU00840,Sample Product 00840,Blocked,2026-05,55.2,0.361,Personal Care,Hygiene,MFG005,Manufacturer 005,SUP002,Supplier 002,REG-104049,Generic Ingredient 099,Pharmacy Only,13,2,0,110.4,39.85,0.0,Not Zero Sales,0.0,Medium 25-99,0
SKU00841,Sample Product 00841,Active,2026-06,232.82,0.247,OTC & Wellness,Digestive Care,MFG018,Manufacturer 018,SUP027,Supplier 027,REG-246543,Generic Ingredient 169,Pharmacy Only,50,0,45,0.0,0.0,10476.9,Active Zero Sales,10476.9,High 100-299,1
SKU00842,Sample Product 00842,Active,2026-05,275.11,0.357,Medical Devices,Home Diagnostics,MFG011,Manufacturer 011,SUP003,Supplier 003,REG-996281,Generic Ingredient 157,General Sale,26,12,12,3301.32,1178.57,3301.32,Not Zero Sales,0.0,High 100-299,1
SKU00843,Sample Product 00843,Blocked,2026-04,219.39,0.398,Personal Care,Oral Care,MFG013,Manufacturer 013,SUP006,Supplier 006,REG-800851,Generic Ingredient 103,Pharmacy Only,57,13,0,2852.07,1135.12,0.0,Not Zero Sales,0.0,High 100-299,0
SKU00844,Sample Product 00844,Active,2026-05,241.17,0.423,OTC & Wellness,Pain Relief,MFG006,Manufacturer 006,SUP030,Supplier 030,REG-132514,Generic Ingredient 062,Pharmacy Only,16,21,5,5064.57,2142.31,1205.85,Not Zero Sales,0.0,High 100-299,1
SKU00845,Sample Product 00845,Active,2026-01,13.62,0.329,Personal Care,Hygiene,MFG009,Manufacturer 009,SUP003,Supplier 003,REG-156635,Generic Ingredient 069,General Sale,36,12,9,163.44,53.77,122.58,Not Zero Sales,0.0,Low < 25,1
SKU00846,Sample Product 00846,Active,2026-05,151.09,0.306,Nutrition,Hydration,MFG019,Manufacturer 019,SUP008,Supplier 008,REG-856561,Generic Ingredient 069,General Sale,80,43,29,6496.87,1988.04,4381.61,Not Zero Sales,0.0,High 100-299,1
SKU00847,Sample Product 00847,Active,2026-06,20.63,0.465,OTC & Wellness,Digestive Care,MFG011,Manufacturer 011,SUP004,Supplier 004,REG-226066,Generic Ingredient 136,General Sale,43,5,0,103.15,47.96,0.0,Not Zero Sales,0.0,Low < 25,1
SKU00848,Sample Product 00848,Active,2026-03,78.52,0.337,OTC & Wellness,Digestive Care,MFG019,Manufacturer 019,SUP007,Supplier 007,REG-249480,Generic Ingredient 055,Pharmacy Only,33,6,0,471.12,158.77,0.0,Not Zero Sales,0.0,Medium 25-99,1
SKU00849,Sample Product 00849,Active,2026-04,296.41,0.192,Medical Devices,Monitoring Supplies,MFG005,Manufacturer 005,SUP007,Supplier 007,REG-656184,Generic Ingredient 162,General Sale,31,13,12,3853.33,739.84,3556.92,Not Zero Sales,0.0,High 100-299,1
SKU00850,Sample Product 00850,Active,2026-02,164.6,0.233,General Merchandise,Seasonal Care,MFG011,Manufacturer 011,SUP019,Supplier 019,REG-877658,Generic Ingredient 030,Pharmacy Only,4,0,1,0.0,0.0,164.6,Active Zero Sales,164.6,High 100-299,1
SKU00851,Sample Product 00851,Active,2026-06,98.1,0.4,Nutrition,Hydration,MFG016,Manufacturer 016,SUP026,Supplier 026,REG-300904,Generic Ingredient 137,General Sale,73,50,20,4905.0,1962.0,1962.0,Not Zero Sales,0.0,Medium 25-99,1
SKU00852,Sample Product 00852,Active,2026-06,51.0,0.365,General Merchandise,Seasonal Care,MFG003,Manufacturer 003,SUP013,Supplier 013,REG-480205,Generic Ingredient 055,Pharmacy Only,26,14,1,714.0,260.61,51.0,Not Zero Sales,0.0,Medium 25-99,1
SKU00853,Sample Product 00853,Active,2026-02,8.45,0.337,Medical Devices,Home Diagnostics,MFG001,Manufacturer 001,SUP003,Supplier 003,REG-640544,Generic Ingredient 115,General Sale,63,14,47,118.3,39.87,397.15,Not Zero Sales,0.0,Low < 25,1
SKU00854,Sample Product 00854,Active,2026-06,22.96,0.313,OTC & Wellness,Vitamins,MFG014,Manufacturer 014,SUP019,Supplier 019,REG-128091,Generic Ingredient 099,Pharmacy Only,56,36,6,826.56,258.71,137.76,Not Zero Sales,0.0,Low < 25,1
SKU00855,Sample Product 00855,Blocked,2026-06,89.03,0.404,Personal Care,Skin Care,MFG015,Manufacturer 015,SUP030,Supplier 030,REG-523884,Generic Ingredient 049,General Sale,31,34,0,3027.02,1222.92,0.0,Not Zero Sales,0.0,Medium 25-99,0
SKU00856,Sample Product 00856,Blocked,2026-06,23.58,0.294,General Merchandise,Seasonal Care,MFG013,Manufacturer 013,SUP028,Supplier 028,REG-803827,Generic Ingredient 087,General Sale,12,0,0,0.0,0.0,0.0,Not Zero Sales,0.0,Low < 25,0
SKU00857,Sample Product 00857,Blocked,2026-06,57.79,0.318,OTC & Wellness,Digestive Care,MFG016,Manufacturer 016,SUP001,Supplier 001,REG-189762,Generic Ingredient 078,General Sale,42,32,0,1849.28,588.07,0.0,Not Zero Sales,0.0,Medium 25-99,0
SKU00858,Sample Product 00858,Active,2026-06,36.19,0.371,General Merchandise,Seasonal Care,MFG016,Manufacturer 016,SUP010,Supplier 010,REG-781448,Generic Ingredient 032,Pharmacy Only,49,10,1,361.9,134.26,36.19,Not Zero Sales,0.0,Medium 25-99,1
SKU00859,Sample Product 00859,Active,2026-06,19.28,0.268,Nutrition,Hydration,MFG019,Manufacturer 019,SUP004,Supplier 004,REG-236956,Generic Ingredient 004,Pharmacy Only,109,72,16,1388.16,372.03,308.48,Not Zero Sales,0.0,Low < 25,1
SKU00860,Sample Product 00860,Active,2026-06,211.52,0.329,General Merchandise,Accessories,MFG010,Manufacturer 010,SUP021,Supplier 021,REG-385919,Generic Ingredient 108,General Sale,43,14,16,2961.28,974.26,3384.32,Not Zero Sales,0.0,High 100-299,1
SKU00861,Sample Product 00861,Active,2026-06,93.0,0.404,Personal Care,Skin Care,MFG012,Manufacturer 012,SUP027,Supplier 027,REG-272460,Generic Ingredient 006,Pharmacy Only,31,9,5,837.0,338.15,465.0,Not Zero Sales,0.0,Medium 25-99,1
SKU00862,Sample Product 00862,Active,2026-05,101.8,0.235,Medical Devices,First Aid,MFG007,Manufacturer 007,SUP023,Supplier 023,REG-811017,Generic Ingredient 097,General Sale,95,55,9,5599.0,1315.77,916.2,Not Zero Sales,0.0,High 100-299,1
SKU00863,Sample Product 00863,Blocked,2026-02,66.08,0.303,OTC & Wellness,Pain Relief,MFG007,Manufacturer 007,SUP013,Supplier 013,REG-774681,Generic Ingredient 001,Pharmacy Only,20,0,0,0.0,0.0,0.0,Not Zero Sales,0.0,Medium 25-99,0
SKU00864,Sample Product 00864,Active,2026-03,43.9,0.358,General Merchandise,Seasonal Care,MFG014,Manufacturer 014,SUP008,Supplier 008,REG-568147,Generic Ingredient 044,General Sale,105,62,43,2721.8,974.4,1887.7,Not Zero Sales,0.0,Medium 25-99,1
SKU00865,Sample Product 00865,Active,2026-03,20.18,0.391,General Merchandise,Seasonal Care,MFG011,Manufacturer 011,SUP011,Supplier 011,REG-860027,Generic Ingredient 068,Pharmacy Only,17,13,0,262.34,102.57,0.0,Not Zero Sales,0.0,Low < 25,1
SKU00866,Sample Product 00866,Active,2026-03,63.94,0.248,OTC & Wellness,Pain Relief,MFG015,Manufacturer 015,SUP022,Supplier 022,REG-349636,Generic Ingredient 075,Pharmacy Only,53,31,3,1982.14,491.57,191.82,Not Zero Sales,0.0,Medium 25-99,1
SKU00867,Sample Product 00867,Active,2026-04,225.99,0.367,Personal Care,Hair Care,MFG011,Manufacturer 011,SUP005,Supplier 005,REG-537078,Generic Ingredient 055,General Sale,134,70,51,15819.3,5805.68,11525.49,Not Zero Sales,0.0,High 100-299,1
SKU00868,Sample Product 00868,Blocked,2026-03,14.46,0.498,Personal Care,Hair Care,MFG018,Manufacturer 018,SUP005,Supplier 005,REG-763922,Generic Ingredient 116,General Sale,28,15,0,216.9,108.02,0.0,Not Zero Sales,0.0,Low < 25,0
SKU00869,Sample Product 00869,Active,2026-03,31.42,0.442,Nutrition,Hydration,MFG005,Manufacturer 005,SUP029,Supplier 029,REG-582012,Generic Ingredient 161,General Sale,88,26,23,816.92,361.08,722.66,Not Zero Sales,0.0,Medium 25-99,1
SKU00870,Sample Product 00870,Active,2026-03,77.12,0.288,General Merchandise,Baby Essentials,MFG015,Manufacturer 015,SUP023,Supplier 023,REG-154411,Generic Ingredient 153,General Sale,67,7,22,539.84,155.47,1696.64,Not Zero Sales,0.0,Medium 25-99,1
SKU00871,Sample Product 00871,Active,2026-05,18.89,0.242,General Merchandise,Accessories,MFG020,Manufacturer 020,SUP001,Supplier 001,REG-136128,Generic Ingredient 132,General Sale,5,6,0,113.34,27.43,0.0,Not Zero Sales,0.0,Low < 25,1
SKU00872,Sample Product 00872,Active,2026-05,98.08,0.3,General Merchandise,Baby Essentials,MFG012,Manufacturer 012,SUP027,Supplier 027,REG-250039,Generic Ingredient 065,Restricted Sale,64,35,13,3432.8,1029.84,1275.04,Not Zero Sales,0.0,Medium 25-99,1
SKU00873,Sample Product 00873,Active,2026-03,216.04,0.474,OTC & Wellness,Vitamins,MFG004,Manufacturer 004,SUP010,Supplier 010,REG-491567,Generic Ingredient 091,General Sale,15,0,23,0.0,0.0,4968.92,Active Zero Sales,4968.92,High 100-299,1
SKU00874,Sample Product 00874,Active,2026-04,99.13,0.521,Nutrition,Adult Nutrition,MFG004,Manufacturer 004,SUP022,Supplier 022,REG-283180,Generic Ingredient 060,General Sale,49,14,33,1387.82,723.05,3271.29,Not Zero Sales,0.0,Medium 25-99,1
SKU00875,Sample Product 00875,Blocked,2026-01,85.58,0.202,Medical Devices,Mobility Aids,MFG015,Manufacturer 015,SUP011,Supplier 011,REG-151019,Generic Ingredient 043,General Sale,34,0,0,0.0,0.0,0.0,Not Zero Sales,0.0,Medium 25-99,0
SKU00876,Sample Product 00876,Active,2026-05,4.65,0.173,Medical Devices,Mobility Aids,MFG006,Manufacturer 006,SUP011,Supplier 011,REG-381307,Generic Ingredient 011,Pharmacy Only,46,13,0,60.45,10.46,0.0,Not Zero Sales,0.0,Low < 25,1
SKU00877,Sample Product 00877,Active,2026-01,12.03,0.275,Medical Devices,Monitoring Supplies,MFG004,Manufacturer 004,SUP030,Supplier 030,REG-851213,Generic Ingredient 028,General Sale,118,52,29,625.56,172.03,348.87,Not Zero Sales,0.0,Low < 25,1
SKU00878,Sample Product 00878,Active,2026-06,48.89,0.38,General Merchandise,Accessories,MFG016,Manufacturer 016,SUP007,Supplier 007,REG-483561,Generic Ingredient 033,General Sale,38,0,36,0.0,0.0,1760.04,Active Zero Sales,1760.04,Medium 25-99,1
SKU00879,Sample Product 00879,Active,2026-03,59.48,0.407,Nutrition,Sports Nutrition,MFG006,Manufacturer 006,SUP005,Supplier 005,REG-301013,Generic Ingredient 155,General Sale,30,11,10,654.28,266.29,594.8,Not Zero Sales,0.0,Medium 25-99,1
SKU00880,Sample Product 00880,Blocked,2026-01,279.81,0.297,Nutrition,Healthy Snacks,MFG011,Manufacturer 011,SUP007,Supplier 007,REG-593400,Generic Ingredient 087,General Sale,21,0,0,0.0,0.0,0.0,Not Zero Sales,0.0,High 100-299,0
SKU00881,Sample Product 00881,Active,2026-06,18.33,0.38,Personal Care,Oral Care,MFG003,Manufacturer 003,SUP020,Supplier 020,REG-117136,Generic Ingredient 038,General Sale,74,20,27,366.6,139.31,494.91,Not Zero Sales,0.0,Low < 25,1
SKU00882,Sample Product 00882,Blocked,2026-06,78.44,0.375,Nutrition,Healthy Snacks,MFG008,Manufacturer 008,SUP006,Supplier 006,REG-473489,Generic Ingredient 165,General Sale,14,0,0,0.0,0.0,0.0,Not Zero Sales,0.0,Medium 25-99,0
SKU00883,Sample Product 00883,Blocked,2026-04,21.65,0.234,Medical Devices,Monitoring Supplies,MFG011,Manufacturer 011,SUP004,Supplier 004,REG-277476,Generic Ingredient 165,General Sale,0,0,0,0.0,0.0,0.0,Not Zero Sales,0.0,Low < 25,0
SKU00884,Sample Product 00884,Blocked,2026-04,16.57,0.519,Personal Care,Hair Care,MFG011,Manufacturer 011,SUP004,Supplier 004,REG-243749,Generic Ingredient 017,Pharmacy Only,21,0,0,0.0,0.0,0.0,Not Zero Sales,0.0,Low < 25,0
SKU00885,Sample Product 00885,Active,2026-05,82.11,0.489,OTC & Wellness,Vitamins,MFG017,Manufacturer 017,SUP010,Supplier 010,REG-992991,Generic Ingredient 062,Pharmacy Only,32,9,0,738.99,361.37,0.0,Not Zero Sales,0.0,Medium 25-99,1
SKU00886,Sample Product 00886,Active,2026-01,86.85,0.402,Nutrition,Sports Nutrition,MFG011,Manufacturer 011,SUP022,Supplier 022,REG-326594,Generic Ingredient 082,General Sale,63,17,0,1476.45,593.53,0.0,Not Zero Sales,0.0,Medium 25-99,1
SKU00887,Sample Product 00887,Active,2026-01,44.12,0.336,Personal Care,Hair Care,MFG001,Manufacturer 001,SUP026,Supplier 026,REG-352147,Generic Ingredient 130,Pharmacy Only,34,41,1,1808.92,607.8,44.12,Not Zero Sales,0.0,Medium 25-99,1
SKU00888,Sample Product 00888,Active,2026-03,94.63,0.504,Personal Care,Skin Care,MFG001,Manufacturer 001,SUP016,Supplier 016,REG-537447,Generic Ingredient 050,General Sale,100,29,21,2744.27,1383.11,1987.23,Not Zero Sales,0.0,Medium 25-99,1
SKU00889,Sample Product 00889,Active,2026-05,13.94,0.36,General Merchandise,Baby Essentials,MFG001,Manufacturer 001,SUP017,Supplier 017,REG-531395,Generic Ingredient 007,General Sale,41,0,11,0.0,0.0,153.34,Active Zero Sales,153.34,Low < 25,1
SKU00890,Sample Product 00890,Active,2026-03,65.38,0.361,Personal Care,Hair Care,MFG013,Manufacturer 013,SUP018,Supplier 018,REG-936373,Generic Ingredient 099,General Sale,84,43,16,2811.34,1014.89,1046.08,Not Zero Sales,0.0,Medium 25-99,1
SKU00891,Sample Product 00891,Active,2026-02,79.62,0.305,Nutrition,Healthy Snacks,MFG013,Manufacturer 013,SUP018,Supplier 018,REG-749291,Generic Ingredient 138,General Sale,35,5,0,398.1,121.42,0.0,Not Zero Sales,0.0,Medium 25-99,1
SKU00892,Sample Product 00892,Blocked,2026-01,33.76,0.325,General Merchandise,Travel Health,MFG007,Manufacturer 007,SUP019,Supplier 019,REG-613030,Generic Ingredient 058,General Sale,11,0,0,0.0,0.0,0.0,Not Zero Sales,0.0,Medium 25-99,0
SKU00893,Sample Product 00893,Blocked,2026-06,82.62,0.318,Medical Devices,Monitoring Supplies,MFG005,Manufacturer 005,SUP013,Supplier 013,REG-399788,Generic Ingredient 146,General Sale,12,0,0,0.0,0.0,0.0,Not Zero Sales,0.0,Medium 25-99,0
SKU00894,Sample Product 00894,Active,2026-01,84.62,0.263,Nutrition,Adult Nutrition,MFG011,Manufacturer 011,SUP008,Supplier 008,REG-561625,Generic Ingredient 101,General Sale,62,0,16,0.0,0.0,1353.92,Active Zero Sales,1353.92,Medium 25-99,1
SKU00895,Sample Product 00895,Blocked,2026-04,161.51,0.41,General Merchandise,Accessories,MFG014,Manufacturer 014,SUP004,Supplier 004,REG-883399,Generic Ingredient 035,General Sale,10,0,0,0.0,0.0,0.0,Not Zero Sales,0.0,High 100-299,0
SKU00896,Sample Product 00896,Active,2026-04,7.7,0.218,Medical Devices,Mobility Aids,MFG013,Manufacturer 013,SUP011,Supplier 011,REG-121004,Generic Ingredient 052,General Sale,36,15,27,115.5,25.18,207.9,Not Zero Sales,0.0,Low < 25,1
SKU00897,Sample Product 00897,Active,2026-05,263.37,0.346,Nutrition,Sports Nutrition,MFG008,Manufacturer 008,SUP025,Supplier 025,REG-320424,Generic Ingredient 143,General Sale,56,38,22,10008.06,3462.79,5794.14,Not Zero Sales,0.0,High 100-299,1
SKU00898,Sample Product 00898,Active,2026-04,20.3,0.243,Nutrition,Adult Nutrition,MFG011,Manufacturer 011,SUP009,Supplier 009,REG-215161,Generic Ingredient 142,General Sale,30,28,1,568.4,138.12,20.3,Not Zero Sales,0.0,Low < 25,1
SKU00899,Sample Product 00899,Blocked,2026-06,31.41,0.277,Medical Devices,Monitoring Supplies,MFG019,Manufacturer 019,SUP011,Supplier 011,REG-240753,Generic Ingredient 039,General Sale,63,33,18,1036.53,287.12,565.38,Not Zero Sales,0.0,Medium 25-99,0
SKU00900,Sample Product 00900,Active,2026-01,6.67,0.384,Medical Devices,Monitoring Supplies,MFG015,Manufacturer 015,SUP022,Supplier 022,REG-297824,Generic Ingredient 111,General Sale,130,64,29,426.88,163.92,193.43,Not Zero Sales,0.0,Low < 25,1
SKU00901,Sample Product 00901,Active,2026-04,106.94,0.32,Medical Devices,First Aid,MFG004,Manufacturer 004,SUP008,Supplier 008,REG-694417,Generic Ingredient 158,General Sale,238,141,57,15078.54,4825.13,6095.58,Not Zero Sales,0.0,High 100-299,1
SKU00902,Sample Product 00902,Active,2026-04,5.8,0.456,Personal Care,Skin Care,MFG011,Manufacturer 011,SUP023,Supplier 023,REG-603054,Generic Ingredient 121,General Sale,278,203,65,1177.4,536.89,377.0,Not Zero Sales,0.0,Low < 25,1
SKU00903,Sample Product 00903,Active,2026-06,67.62,0.313,General Merchandise,Baby Essentials,MFG004,Manufacturer 004,SUP022,Supplier 022,REG-482192,Generic Ingredient 037,General Sale,29,20,4,1352.4,423.3,270.48,Not Zero Sales,0.0,Medium 25-99,1
SKU00904,Sample Product 00904,Active,2026-02,67.01,0.387,Personal Care,Hygiene,MFG013,Manufacturer 013,SUP020,Supplier 020,REG-229887,Generic Ingredient 078,General Sale,82,35,4,2345.35,907.65,268.04,Not Zero Sales,0.0,Medium 25-99,1
SKU00905,Sample Product 00905,Active,2026-06,36.36,0.274,Medical Devices,Mobility Aids,MFG005,Manufacturer 005,SUP011,Supplier 011,REG-739531,Generic Ingredient 075,General Sale,55,15,1,545.4,149.44,36.36,Not Zero Sales,0.0,Medium 25-99,1
SKU00906,Sample Product 00906,Active,2026-04,4.19,0.424,General Merchandise,Accessories,MFG008,Manufacturer 008,SUP015,Supplier 015,REG-979151,Generic Ingredient 096,General Sale,83,47,1,196.93,83.5,4.19,Not Zero Sales,0.0,Low < 25,1
SKU00907,Sample Product 00907,Blocked,2026-04,68.69,0.427,Medical Devices,Home Diagnostics,MFG002,Manufacturer 002,SUP003,Supplier 003,REG-236058,Generic Ingredient 140,Pharmacy Only,20,0,0,0.0,0.0,0.0,Not Zero Sales,0.0,Medium 25-99,0
SKU00908,Sample Product 00908,Active,2026-04,49.95,0.258,General Merchandise,Baby Essentials,MFG001,Manufacturer 001,SUP023,Supplier 023,REG-228983,Generic Ingredient 066,General Sale,11,10,9,499.5,128.87,449.55,Not Zero Sales,0.0,Medium 25-99,1
SKU00909,Sample Product 00909,Active,2026-04,210.38,0.343,OTC & Wellness,Pain Relief,MFG001,Manufacturer 001,SUP021,Supplier 021,REG-604079,Generic Ingredient 102,Pharmacy Only,61,30,16,6311.4,2164.81,3366.08,Not Zero Sales,0.0,High 100-299,1
SKU00910,Sample Product 00910,Active,2026-01,21.07,0.34,General Merchandise,Seasonal Care,MFG011,Manufacturer 011,SUP027,Supplier 027,REG-286539,Generic Ingredient 034,General Sale,25,0,0,0.0,0.0,0.0,Active Zero Sales,0.0,Low < 25,1
SKU00911,Sample Product 00911,Active,2026-01,18.05,0.246,Nutrition,Hydration,MFG004,Manufacturer 004,SUP011,Supplier 011,REG-285438,Generic Ingredient 153,General Sale,67,52,12,938.6,230.9,216.6,Not Zero Sales,0.0,Low < 25,1
SKU00912,Sample Product 00912,Blocked,2026-02,250.35,0.343,OTC & Wellness,Digestive Care,MFG001,Manufacturer 001,SUP006,Supplier 006,REG-966006,Generic Ingredient 021,General Sale,18,0,0,0.0,0.0,0.0,Not Zero Sales,0.0,High 100-299,0
SKU00913,Sample Product 00913,Blocked,2026-03,83.38,0.356,General Merchandise,Baby Essentials,MFG015,Manufacturer 015,SUP020,Supplier 020,REG-423338,Generic Ingredient 107,Pharmacy Only,0,0,0,0.0,0.0,0.0,Not Zero Sales,0.0,Medium 25-99,0
SKU00914,Sample Product 00914,Blocked,2026-02,62.56,0.353,Personal Care,Hygiene,MFG015,Manufacturer 015,SUP009,Supplier 009,REG-434813,Generic Ingredient 148,General Sale,59,17,0,1063.52,375.42,0.0,Not Zero Sales,0.0,Medium 25-99,0
SKU00915,Sample Product 00915,Active,2026-05,8.65,0.262,Nutrition,Adult Nutrition,MFG012,Manufacturer 012,SUP023,Supplier 023,REG-706718,Generic Ingredient 146,General Sale,20,22,2,190.3,49.86,17.3,Not Zero Sales,0.0,Low < 25,1
SKU00916,Sample Product 00916,Active,2026-03,54.67,0.388,General Merchandise,Travel Health,MFG011,Manufacturer 011,SUP019,Supplier 019,REG-686081,Generic Ingredient 126,General Sale,35,7,0,382.69,148.48,0.0,Not Zero Sales,0.0,Medium 25-99,1
SKU00917,Sample Product 00917,Active,2026-01,75.86,0.309,OTC & Wellness,Vitamins,MFG015,Manufacturer 015,SUP019,Supplier 019,REG-308453,Generic Ingredient 115,General Sale,46,30,17,2275.8,703.22,1289.62,Not Zero Sales,0.0,Medium 25-99,1
SKU00918,Sample Product 00918,Active,2026-01,282.94,0.227,Nutrition,Adult Nutrition,MFG016,Manufacturer 016,SUP013,Supplier 013,REG-615442,Generic Ingredient 122,General Sale,97,0,56,0.0,0.0,15844.64,Active Zero Sales,15844.64,High 100-299,1
SKU00919,Sample Product 00919,Active,2026-05,22.29,0.361,Medical Devices,Home Diagnostics,MFG010,Manufacturer 010,SUP003,Supplier 003,REG-708083,Generic Ingredient 086,General Sale,72,15,22,334.35,120.7,490.38,Not Zero Sales,0.0,Low < 25,1
SKU00920,Sample Product 00920,Blocked,2026-05,4.04,0.302,Personal Care,Oral Care,MFG014,Manufacturer 014,SUP001,Supplier 001,REG-948265,Generic Ingredient 076,Pharmacy Only,20,21,5,84.84,25.62,20.2,Not Zero Sales,0.0,Low < 25,0
SKU00921,Sample Product 00921,Active,2026-05,23.43,0.349,General Merchandise,Travel Health,MFG001,Manufacturer 001,SUP019,Supplier 019,REG-380223,Generic Ingredient 121,Pharmacy Only,71,35,37,820.05,286.2,866.91,Not Zero Sales,0.0,Low < 25,1
SKU00922,Sample Product 00922,Active,2026-04,29.73,0.236,General Merchandise,Seasonal Care,MFG019,Manufacturer 019,SUP014,Supplier 014,REG-977866,Generic Ingredient 034,General Sale,26,29,4,862.17,203.47,118.92,Not Zero Sales,0.0,Medium 25-99,1
SKU00923,Sample Product 00923,Active,2026-01,46.17,0.338,OTC & Wellness,Cold & Allergy,MFG005,Manufacturer 005,SUP008,Supplier 008,REG-524317,Generic Ingredient 147,General Sale,84,39,10,1800.63,608.61,461.7,Not Zero Sales,0.0,Medium 25-99,1
SKU00924,Sample Product 00924,Active,2026-01,50.18,0.393,General Merchandise,Travel Health,MFG020,Manufacturer 020,SUP019,Supplier 019,REG-518953,Generic Ingredient 159,Pharmacy Only,46,23,15,1154.14,453.58,752.7,Not Zero Sales,0.0,Medium 25-99,1
SKU00925,Sample Product 00925,Active,2026-03,170.69,0.366,Nutrition,Healthy Snacks,MFG015,Manufacturer 015,SUP029,Supplier 029,REG-338566,Generic Ingredient 042,General Sale,27,14,11,2389.66,874.62,1877.59,Not Zero Sales,0.0,High 100-299,1
SKU00926,Sample Product 00926,Active,2026-04,646.09,0.432,General Merchandise,Accessories,MFG016,Manufacturer 016,SUP025,Supplier 025,REG-150952,Generic Ingredient 083,General Sale,47,32,1,20674.88,8931.55,646.09,Not Zero Sales,0.0,Premium 300+,1
SKU00927,Sample Product 00927,Active,2026-04,24.35,0.266,Nutrition,Sports Nutrition,MFG002,Manufacturer 002,SUP006,Supplier 006,REG-646901,Generic Ingredient 058,General Sale,36,21,22,511.35,136.02,535.7,Not Zero Sales,0.0,Low < 25,1
SKU00928,Sample Product 00928,Active,2026-06,93.36,0.346,Personal Care,Hygiene,MFG018,Manufacturer 018,SUP011,Supplier 011,REG-621582,Generic Ingredient 176,General Sale,60,47,20,4387.92,1518.22,1867.2,Not Zero Sales,0.0,Medium 25-99,1
SKU00929,Sample Product 00929,Active,2026-06,264.83,0.417,General Merchandise,Travel Health,MFG003,Manufacturer 003,SUP019,Supplier 019,REG-333733,Generic Ingredient 054,General Sale,173,92,35,24364.36,10159.94,9269.05,Not Zero Sales,0.0,High 100-299,1
SKU00930,Sample Product 00930,Active,2026-03,94.97,0.314,Nutrition,Adult Nutrition,MFG005,Manufacturer 005,SUP011,Supplier 011,REG-923618,Generic Ingredient 164,Pharmacy Only,72,24,12,2279.28,715.69,1139.64,Not Zero Sales,0.0,Medium 25-99,1
SKU00931,Sample Product 00931,Active,2026-04,8.33,0.177,Medical Devices,Monitoring Supplies,MFG010,Manufacturer 010,SUP024,Supplier 024,REG-880100,Generic Ingredient 028,General Sale,24,21,0,174.93,30.96,0.0,Not Zero Sales,0.0,Low < 25,1
SKU00932,Sample Product 00932,Active,2026-04,161.57,0.349,General Merchandise,Baby Essentials,MFG003,Manufacturer 003,SUP022,Supplier 022,REG-439529,Generic Ingredient 003,Pharmacy Only,37,30,4,4847.1,1691.64,646.28,Not Zero Sales,0.0,High 100-299,1
SKU00933,Sample Product 00933,Active,2026-01,52.7,0.194,Medical Devices,First Aid,MFG009,Manufacturer 009,SUP022,Supplier 022,REG-735745,Generic Ingredient 177,Pharmacy Only,58,40,5,2108.0,408.95,263.5,Not Zero Sales,0.0,Medium 25-99,1
SKU00934,Sample Product 00934,Active,2026-04,261.21,0.378,Personal Care,Oral Care,MFG020,Manufacturer 020,SUP027,Supplier 027,REG-944884,Generic Ingredient 059,General Sale,37,24,13,6269.04,2369.7,3395.73,Not Zero Sales,0.0,High 100-299,1
SKU00935,Sample Product 00935,Active,2026-05,77.43,0.289,Medical Devices,Home Diagnostics,MFG002,Manufacturer 002,SUP003,Supplier 003,REG-463695,Generic Ingredient 090,Pharmacy Only,63,27,9,2090.61,604.19,696.87,Not Zero Sales,0.0,Medium 25-99,1
SKU00936,Sample Product 00936,Active,2026-05,41.71,0.309,OTC & Wellness,Pain Relief,MFG010,Manufacturer 010,SUP016,Supplier 016,REG-912709,Generic Ingredient 028,General Sale,36,18,28,750.78,231.99,1167.88,Not Zero Sales,0.0,Medium 25-99,1
SKU00937,Sample Product 00937,Active,2026-02,12.63,0.232,Nutrition,Healthy Snacks,MFG019,Manufacturer 019,SUP018,Supplier 018,REG-680154,Generic Ingredient 059,General Sale,42,13,3,164.19,38.09,37.89,Not Zero Sales,0.0,Low < 25,1
SKU00938,Sample Product 00938,Active,2026-04,625.57,0.192,OTC & Wellness,Pain Relief,MFG008,Manufacturer 008,SUP001,Supplier 001,REG-960912,Generic Ingredient 011,General Sale,42,5,8,3127.85,600.55,5004.56,Not Zero Sales,0.0,Premium 300+,1
SKU00939,Sample Product 00939,Active,2026-06,12.11,0.345,OTC & Wellness,Pain Relief,MFG009,Manufacturer 009,SUP021,Supplier 021,REG-956500,Generic Ingredient 152,General Sale,82,44,34,532.84,183.83,411.74,Not Zero Sales,0.0,Low < 25,1
SKU00940,Sample Product 00940,Active,2026-02,161.51,0.389,Personal Care,Oral Care,MFG011,Manufacturer 011,SUP019,Supplier 019,REG-495088,Generic Ingredient 048,General Sale,21,10,3,1615.1,628.27,484.53,Not Zero Sales,0.0,High 100-299,1
SKU00941,Sample Product 00941,Active,2026-03,43.34,0.361,OTC & Wellness,Cold & Allergy,MFG004,Manufacturer 004,SUP002,Supplier 002,REG-780785,Generic Ingredient 155,General Sale,42,13,0,563.42,203.39,0.0,Not Zero Sales,0.0,Medium 25-99,1
SKU00942,Sample Product 00942,Active,2026-02,188.01,0.424,OTC & Wellness,Vitamins,MFG012,Manufacturer 012,SUP027,Supplier 027,REG-759714,Generic Ingredient 010,General Sale,63,15,0,2820.15,1195.74,0.0,Not Zero Sales,0.0,High 100-299,1
SKU00943,Sample Product 00943,Active,2026-05,45.31,0.322,General Merchandise,Travel Health,MFG016,Manufacturer 016,SUP019,Supplier 019,REG-719277,Generic Ingredient 154,General Sale,94,56,32,2537.36,817.03,1449.92,Not Zero Sales,0.0,Medium 25-99,1
SKU00944,Sample Product 00944,Active,2026-04,34.4,0.38,Personal Care,Skin Care,MFG019,Manufacturer 019,SUP029,Supplier 029,REG-891208,Generic Ingredient 151,General Sale,24,20,8,688.0,261.44,275.2,Not Zero Sales,0.0,Medium 25-99,1
SKU00945,Sample Product 00945,Active,2026-05,16.53,0.259,Medical Devices,First Aid,MFG010,Manufacturer 010,SUP025,Supplier 025,REG-102420,Generic Ingredient 080,General Sale,171,106,51,1752.18,453.81,843.03,Not Zero Sales,0.0,Low < 25,1
SKU00946,Sample Product 00946,Active,2026-04,78.5,0.31,OTC & Wellness,Digestive Care,MFG005,Manufacturer 005,SUP025,Supplier 025,REG-766229,Generic Ingredient 158,Pharmacy Only,43,25,14,1962.5,608.38,1099.0,Not Zero Sales,0.0,Medium 25-99,1
SKU00947,Sample Product 00947,Active,2026-05,260.05,0.237,OTC & Wellness,Pain Relief,MFG012,Manufacturer 012,SUP007,Supplier 007,REG-215999,Generic Ingredient 133,General Sale,72,37,9,9621.85,2280.38,2340.45,Not Zero Sales,0.0,High 100-299,1
SKU00948,Sample Product 00948,Blocked,2026-06,19.73,0.333,Personal Care,Hygiene,MFG002,Manufacturer 002,SUP021,Supplier 021,REG-550428,Generic Ingredient 156,General Sale,28,0,0,0.0,0.0,0.0,Not Zero Sales,0.0,Low < 25,0
SKU00949,Sample Product 00949,Active,2026-04,4.14,0.31,Medical Devices,Mobility Aids,MFG010,Manufacturer 010,SUP011,Supplier 011,REG-770210,Generic Ingredient 177,General Sale,24,16,2,66.24,20.53,8.28,Not Zero Sales,0.0,Low < 25,1
SKU00950,Sample Product 00950,Active,2026-06,91.73,0.257,Medical Devices,Home Diagnostics,MFG005,Manufacturer 005,SUP003,Supplier 003,REG-670947,Generic Ingredient 149,General Sale,36,40,0,3669.2,942.98,0.0,Not Zero Sales,0.0,Medium 25-99,1
SKU00951,Sample Product 00951,Active,2026-01,39.84,0.297,OTC & Wellness,Vitamins,MFG012,Manufacturer 012,SUP013,Supplier 013,REG-689598,Generic Ingredient 036,General Sale,50,9,14,358.56,106.49,557.76,Not Zero Sales,0.0,Medium 25-99,1
SKU00952,Sample Product 00952,Active,2026-01,39.6,0.354,General Merchandise,Travel Health,MFG008,Manufacturer 008,SUP019,Supplier 019,REG-958172,Generic Ingredient 002,Pharmacy Only,106,38,35,1504.8,532.7,1386.0,Not Zero Sales,0.0,Medium 25-99,1
SKU00953,Sample Product 00953,Active,2026-04,135.67,0.413,OTC & Wellness,Vitamins,MFG020,Manufacturer 020,SUP027,Supplier 027,REG-630896,Generic Ingredient 102,General Sale,19,19,5,2577.73,1064.6,678.35,Not Zero Sales,0.0,High 100-299,1
SKU00954,Sample Product 00954,Blocked,2026-04,29.21,0.362,OTC & Wellness,Vitamins,MFG011,Manufacturer 011,SUP007,Supplier 007,REG-584223,Generic Ingredient 076,General Sale,8,0,0,0.0,0.0,0.0,Not Zero Sales,0.0,Medium 25-99,0
SKU00955,Sample Product 00955,Active,2026-04,47.77,0.262,Nutrition,Adult Nutrition,MFG014,Manufacturer 014,SUP010,Supplier 010,REG-286328,Generic Ingredient 033,Pharmacy Only,51,19,0,907.63,237.8,0.0,Not Zero Sales,0.0,Medium 25-99,1
SKU00956,Sample Product 00956,Active,2026-01,152.02,0.284,Personal Care,Skin Care,MFG013,Manufacturer 013,SUP029,Supplier 029,REG-491307,Generic Ingredient 120,General Sale,85,32,25,4864.64,1381.56,3800.5,Not Zero Sales,0.0,High 100-299,1
SKU00957,Sample Product 00957,Blocked,2026-04,62.71,0.399,Personal Care,Oral Care,MFG004,Manufacturer 004,SUP006,Supplier 006,REG-708382,Generic Ingredient 177,General Sale,17,0,0,0.0,0.0,0.0,Not Zero Sales,0.0,Medium 25-99,0
SKU00958,Sample Product 00958,Active,2026-02,19.89,0.382,Personal Care,Skin Care,MFG008,Manufacturer 008,SUP023,Supplier 023,REG-351718,Generic Ingredient 164,General Sale,103,40,17,795.6,303.92,338.13,Not Zero Sales,0.0,Low < 25,1
SKU00959,Sample Product 00959,Active,2026-03,49.51,0.276,Medical Devices,Mobility Aids,MFG006,Manufacturer 006,SUP011,Supplier 011,REG-560579,Generic Ingredient 128,Pharmacy Only,48,29,0,1435.79,396.28,0.0,Not Zero Sales,0.0,Medium 25-99,1
SKU00960,Sample Product 00960,Active,2026-01,39.19,0.335,Personal Care,Oral Care,MFG017,Manufacturer 017,SUP001,Supplier 001,REG-862374,Generic Ingredient 157,General Sale,64,15,0,587.85,196.93,0.0,Not Zero Sales,0.0,Medium 25-99,1
SKU00961,Sample Product 00961,Active,2026-02,290.81,0.516,Personal Care,Oral Care,MFG009,Manufacturer 009,SUP007,Supplier 007,REG-346582,Generic Ingredient 098,General Sale,110,49,15,14249.69,7352.84,4362.15,Not Zero Sales,0.0,High 100-299,1
SKU00962,Sample Product 00962,Active,2026-06,122.68,0.443,Personal Care,Skin Care,MFG018,Manufacturer 018,SUP007,Supplier 007,REG-902229,Generic Ingredient 161,General Sale,31,12,11,1472.16,652.17,1349.48,Not Zero Sales,0.0,High 100-299,1
SKU00963,Sample Product 00963,Active,2026-02,16.33,0.4,OTC & Wellness,Vitamins,MFG009,Manufacturer 009,SUP019,Supplier 019,REG-986695,Generic Ingredient 132,General Sale,29,24,0,391.92,156.77,0.0,Not Zero Sales,0.0,Low < 25,1
SKU00964,Sample Product 00964,Blocked,2026-06,18.4,0.195,Medical Devices,Monitoring Supplies,MFG010,Manufacturer 010,SUP030,Supplier 030,REG-449628,Generic Ingredient 165,General Sale,11,4,0,73.6,14.35,0.0,Not Zero Sales,0.0,Low < 25,0
SKU00965,Sample Product 00965,Active,2026-01,17.68,0.37,Medical Devices,Home Diagnostics,MFG016,Manufacturer 016,SUP003,Supplier 003,REG-681360,Generic Ingredient 175,General Sale,125,59,46,1043.12,385.95,813.28,Not Zero Sales,0.0,Low < 25,1
SKU00966,Sample Product 00966,Blocked,2026-02,11.23,0.285,OTC & Wellness,Vitamins,MFG012,Manufacturer 012,SUP023,Supplier 023,REG-137133,Generic Ingredient 090,Pharmacy Only,10,0,0,0.0,0.0,0.0,Not Zero Sales,0.0,Low < 25,0
SKU00967,Sample Product 00967,Active,2026-06,73.2,0.341,Medical Devices,Mobility Aids,MFG007,Manufacturer 007,SUP011,Supplier 011,REG-525759,Generic Ingredient 116,General Sale,76,74,10,5416.8,1847.13,732.0,Not Zero Sales,0.0,Medium 25-99,1
SKU00968,Sample Product 00968,Blocked,2026-03,22.75,0.279,Nutrition,Healthy Snacks,MFG007,Manufacturer 007,SUP011,Supplier 011,REG-855488,Generic Ingredient 036,Pharmacy Only,34,0,0,0.0,0.0,0.0,Not Zero Sales,0.0,Low < 25,0
SKU00969,Sample Product 00969,Active,2026-01,8.05,0.464,OTC & Wellness,Digestive Care,MFG007,Manufacturer 007,SUP017,Supplier 017,REG-242826,Generic Ingredient 100,General Sale,74,0,29,0.0,0.0,233.45,Active Zero Sales,233.45,Low < 25,1
SKU00970,Sample Product 00970,Active,2026-01,12.03,0.414,OTC & Wellness,Digestive Care,MFG007,Manufacturer 007,SUP002,Supplier 002,REG-314395,Generic Ingredient 004,Pharmacy Only,65,15,18,180.45,74.71,216.54,Not Zero Sales,0.0,Low < 25,1
SKU00971,Sample Product 00971,Active,2026-06,63.13,0.265,OTC & Wellness,Pain Relief,MFG007,Manufacturer 007,SUP021,Supplier 021,REG-293223,Generic Ingredient 063,General Sale,81,20,13,1262.6,334.59,820.69,Not Zero Sales,0.0,Medium 25-99,1
SKU00972,Sample Product 00972,Active,2026-01,29.96,0.305,OTC & Wellness,Digestive Care,MFG009,Manufacturer 009,SUP020,Supplier 020,REG-219037,Generic Ingredient 112,General Sale,65,20,2,599.2,182.76,59.92,Not Zero Sales,0.0,Medium 25-99,1
SKU00973,Sample Product 00973,Active,2026-04,295.7,0.216,Personal Care,Oral Care,MFG003,Manufacturer 003,SUP007,Supplier 007,REG-363894,Generic Ingredient 007,General Sale,14,6,10,1774.2,383.23,2957.0,Not Zero Sales,0.0,High 100-299,1
SKU00974,Sample Product 00974,Active,2026-06,14.14,0.325,General Merchandise,Travel Health,MFG013,Manufacturer 013,SUP019,Supplier 019,REG-777940,Generic Ingredient 156,General Sale,88,39,15,551.46,179.22,212.1,Not Zero Sales,0.0,Low < 25,1
SKU00975,Sample Product 00975,Blocked,2026-06,18.27,0.338,Personal Care,Skin Care,MFG006,Manufacturer 006,SUP016,Supplier 016,REG-947685,Generic Ingredient 071,Pharmacy Only,35,0,0,0.0,0.0,0.0,Not Zero Sales,0.0,Low < 25,0
SKU00976,Sample Product 00976,Blocked,2026-06,136.52,0.205,Medical Devices,Home Diagnostics,MFG007,Manufacturer 007,SUP003,Supplier 003,REG-807501,Generic Ingredient 008,Pharmacy Only,50,0,0,0.0,0.0,0.0,Not Zero Sales,0.0,High 100-299,0
SKU00977,Sample Product 00977,Active,2026-06,60.2,0.443,Personal Care,Hair Care,MFG008,Manufacturer 008,SUP010,Supplier 010,REG-108214,Generic Ingredient 113,General Sale,76,31,10,1866.2,826.73,602.0,Not Zero Sales,0.0,Medium 25-99,1
SKU00978,Sample Product 00978,Blocked,2026-02,10.47,0.204,Medical Devices,Mobility Aids,MFG014,Manufacturer 014,SUP011,Supplier 011,REG-467220,Generic Ingredient 104,Pharmacy Only,20,0,11,0.0,0.0,115.17,Not Zero Sales,0.0,Low < 25,0
SKU00979,Sample Product 00979,Active,2026-03,31.03,0.22,Nutrition,Adult Nutrition,MFG008,Manufacturer 008,SUP018,Supplier 018,REG-899191,Generic Ingredient 109,General Sale,34,8,2,248.24,54.61,62.06,Not Zero Sales,0.0,Medium 25-99,1
SKU00980,Sample Product 00980,Blocked,2026-02,48.38,0.356,Nutrition,Sports Nutrition,MFG008,Manufacturer 008,SUP029,Supplier 029,REG-809873,Generic Ingredient 119,Pharmacy Only,56,14,0,677.32,241.13,0.0,Not Zero Sales,0.0,Medium 25-99,0
SKU00981,Sample Product 00981,Active,2026-01,290.9,0.262,Personal Care,Hair Care,MFG014,Manufacturer 014,SUP013,Supplier 013,REG-983380,Generic Ingredient 126,General Sale,107,60,0,17454.0,4572.95,0.0,Not Zero Sales,0.0,High 100-299,1
SKU00982,Sample Product 00982,Blocked,2026-06,14.99,0.294,Medical Devices,Mobility Aids,MFG008,Manufacturer 008,SUP011,Supplier 011,REG-921251,Generic Ingredient 108,Pharmacy Only,26,0,0,0.0,0.0,0.0,Not Zero Sales,0.0,Low < 25,0
SKU00983,Sample Product 00983,Active,2026-04,25.36,0.269,Medical Devices,Home Diagnostics,MFG016,Manufacturer 016,SUP003,Supplier 003,REG-866732,Generic Ingredient 147,Pharmacy Only,43,33,5,836.88,225.12,126.8,Not Zero Sales,0.0,Medium 25-99,1
SKU00984,Sample Product 00984,Active,2026-06,21.71,0.305,Nutrition,Healthy Snacks,MFG012,Manufacturer 012,SUP017,Supplier 017,REG-801125,Generic Ingredient 037,General Sale,87,0,61,0.0,0.0,1324.31,Active Zero Sales,1324.31,Low < 25,1
SKU00985,Sample Product 00985,Active,2026-06,20.24,0.428,Personal Care,Skin Care,MFG001,Manufacturer 001,SUP018,Supplier 018,REG-254051,Generic Ingredient 144,General Sale,72,29,5,586.96,251.22,101.2,Not Zero Sales,0.0,Low < 25,1
SKU00986,Sample Product 00986,Active,2026-03,22.66,0.206,Nutrition,Sports Nutrition,MFG008,Manufacturer 008,SUP024,Supplier 024,REG-578266,Generic Ingredient 071,Pharmacy Only,60,33,14,747.78,154.04,317.24,Not Zero Sales,0.0,Low < 25,1
SKU00987,Sample Product 00987,Blocked,2026-05,21.85,0.209,General Merchandise,Baby Essentials,MFG004,Manufacturer 004,SUP027,Supplier 027,REG-311836,Generic Ingredient 162,General Sale,23,0,0,0.0,0.0,0.0,Not Zero Sales,0.0,Low < 25,0
SKU00988,Sample Product 00988,Active,2026-03,93.56,0.454,Personal Care,Oral Care,MFG016,Manufacturer 016,SUP016,Supplier 016,REG-794150,Generic Ingredient 096,General Sale,143,100,13,9356.0,4247.62,1216.28,Not Zero Sales,0.0,Medium 25-99,1
SKU00989,Sample Product 00989,Blocked,2026-02,286.63,0.506,Personal Care,Hair Care,MFG005,Manufacturer 005,SUP019,Supplier 019,REG-444331,Generic Ingredient 133,General Sale,0,0,0,0.0,0.0,0.0,Not Zero Sales,0.0,High 100-299,0
SKU00990,Sample Product 00990,Active,2026-01,36.08,0.472,General Merchandise,Seasonal Care,MFG004,Manufacturer 004,SUP009,Supplier 009,REG-730523,Generic Ingredient 012,Pharmacy Only,39,12,13,432.96,204.36,469.04,Not Zero Sales,0.0,Medium 25-99,1
SKU00991,Sample Product 00991,Active,2026-03,70.31,0.179,Medical Devices,Home Diagnostics,MFG020,Manufacturer 020,SUP003,Supplier 003,REG-601508,Generic Ingredient 075,Pharmacy Only,48,4,23,281.24,50.34,1617.13,Not Zero Sales,0.0,Medium 25-99,1
SKU00992,Sample Product 00992,Active,2026-05,81.8,0.228,General Merchandise,Travel Health,MFG008,Manufacturer 008,SUP019,Supplier 019,REG-583113,Generic Ingredient 144,General Sale,64,17,24,1390.6,317.06,1963.2,Not Zero Sales,0.0,Medium 25-99,1
SKU00993,Sample Product 00993,Active,2026-04,28.6,0.306,Personal Care,Skin Care,MFG018,Manufacturer 018,SUP010,Supplier 010,REG-885906,Generic Ingredient 029,General Sale,123,59,19,1687.4,516.34,543.4,Not Zero Sales,0.0,Medium 25-99,1
SKU00994,Sample Product 00994,Active,2026-06,142.63,0.371,Personal Care,Hygiene,MFG019,Manufacturer 019,SUP006,Supplier 006,REG-452044,Generic Ingredient 101,General Sale,0,4,0,570.52,211.66,0.0,Not Zero Sales,0.0,High 100-299,1
SKU00995,Sample Product 00995,Active,2026-03,441.16,0.265,Medical Devices,Home Diagnostics,MFG006,Manufacturer 006,SUP003,Supplier 003,REG-682266,Generic Ingredient 172,General Sale,41,7,5,3088.12,818.35,2205.8,Not Zero Sales,0.0,Premium 300+,1
SKU00996,Sample Product 00996,Active,2026-01,156.19,0.388,General Merchandise,Accessories,MFG013,Manufacturer 013,SUP015,Supplier 015,REG-254205,Generic Ingredient 077,General Sale,8,6,9,937.14,363.61,1405.71,Not Zero Sales,0.0,High 100-299,1
SKU00997,Sample Product 00997,Active,2026-05,86.82,0.248,Medical Devices,Mobility Aids,MFG015,Manufacturer 015,SUP011,Supplier 011,REG-350125,Generic Ingredient 042,General Sale,30,9,0,781.38,193.78,0.0,Not Zero Sales,0.0,Medium 25-99,1
SKU00998,Sample Product 00998,Blocked,2026-06,22.14,0.414,OTC & Wellness,Vitamins,MFG019,Manufacturer 019,SUP013,Supplier 013,REG-868577,Generic Ingredient 066,General Sale,5,0,0,0.0,0.0,0.0,Not Zero Sales,0.0,Low < 25,0
SKU00999,Sample Product 00999,Active,2026-06,14.25,0.371,OTC & Wellness,Digestive Care,MFG015,Manufacturer 015,SUP022,Supplier 022,REG-870009,Generic Ingredient 158,Pharmacy Only,125,72,18,1026.0,380.65,256.5,Not Zero Sales,0.0,Low < 25,1
SKU01000,Sample Product 01000,Active,2026-04,11.44,0.41,Personal Care,Oral Care,MFG010,Manufacturer 010,SUP018,Supplier 018,REG-525179,Generic Ingredient 020,Pharmacy Only,67,36,16,411.84,168.85,183.04,Not Zero Sales,0.0,Low < 25,1
SKU01001,Sample Product 01001,Active,2026-02,8.67,0.225,Personal Care,Hygiene,MFG011,Manufacturer 011,SUP030,Supplier 030,REG-957695,Generic Ingredient 141,General Sale,22,19,0,164.73,37.06,0.0,Not Zero Sales,0.0,Low < 25,1
SKU01002,Sample Product 01002,Active,2026-06,43.89,0.346,Personal Care,Hygiene,MFG013,Manufacturer 013,SUP002,Supplier 002,REG-280194,Generic Ingredient 047,Pharmacy Only,83,0,42,0.0,0.0,1843.38,Active Zero Sales,1843.38,Medium 25-99,1
SKU01003,Sample Product 01003,Active,2026-05,89.78,0.338,General Merchandise,Seasonal Care,MFG006,Manufacturer 006,SUP002,Supplier 002,REG-512113,Generic Ingredient 125,Pharmacy Only,64,25,14,2244.5,758.64,1256.92,Not Zero Sales,0.0,Medium 25-99,1
SKU01004,Sample Product 01004,Active,2026-01,14.69,0.336,OTC & Wellness,Pain Relief,MFG017,Manufacturer 017,SUP014,Supplier 014,REG-744508,Generic Ingredient 136,General Sale,63,31,0,455.39,153.01,0.0,Not Zero Sales,0.0,Low < 25,1
SKU01005,Sample Product 01005,Active,2026-04,91.28,0.392,General Merchandise,Travel Health,MFG014,Manufacturer 014,SUP019,Supplier 019,REG-374558,Generic Ingredient 099,General Sale,66,37,9,3377.36,1323.93,821.52,Not Zero Sales,0.0,Medium 25-99,1
SKU01006,Sample Product 01006,Active,2026-06,50.07,0.481,Personal Care,Skin Care,MFG003,Manufacturer 003,SUP009,Supplier 009,REG-930151,Generic Ingredient 131,General Sale,108,47,14,2353.29,1131.93,700.98,Not Zero Sales,0.0,Medium 25-99,1
SKU01007,Sample Product 01007,Active,2026-03,77.11,0.411,General Merchandise,Accessories,MFG007,Manufacturer 007,SUP009,Supplier 009,REG-804706,Generic Ingredient 150,General Sale,67,24,8,1850.64,760.61,616.88,Not Zero Sales,0.0,Medium 25-99,1
SKU01008,Sample Product 01008,Active,2026-06,12.03,0.213,Medical Devices,First Aid,MFG001,Manufacturer 001,SUP003,Supplier 003,REG-996823,Generic Ingredient 089,General Sale,117,90,6,1082.7,230.62,72.18,Not Zero Sales,0.0,Low < 25,1
SKU01009,Sample Product 01009,Active,2026-05,42.48,0.394,Medical Devices,First Aid,MFG009,Manufacturer 009,SUP019,Supplier 019,REG-986786,Generic Ingredient 004,General Sale,20,10,7,424.8,167.37,297.36,Not Zero Sales,0.0,Medium 25-99,1
SKU01010,Sample Product 01010,Active,2026-01,12.29,0.263,OTC & Wellness,Vitamins,MFG019,Manufacturer 019,SUP004,Supplier 004,REG-956151,Generic Ingredient 050,General Sale,69,51,26,626.79,164.85,319.54,Not Zero Sales,0.0,Low < 25,1
SKU01011,Sample Product 01011,Active,2026-04,7.28,0.265,Personal Care,Hygiene,MFG015,Manufacturer 015,SUP029,Supplier 029,REG-287216,Generic Ingredient 053,General Sale,61,34,31,247.52,65.59,225.68,Not Zero Sales,0.0,Low < 25,1
SKU01012,Sample Product 01012,Active,2026-04,21.97,0.441,General Merchandise,Seasonal Care,MFG020,Manufacturer 020,SUP021,Supplier 021,REG-982922,Generic Ingredient 146,Pharmacy Only,103,0,61,0.0,0.0,1340.17,Active Zero Sales,1340.17,Low < 25,1
SKU01013,Sample Product 01013,Active,2026-02,57.86,0.467,General Merchandise,Seasonal Care,MFG006,Manufacturer 006,SUP007,Supplier 007,REG-904917,Generic Ingredient 134,General Sale,34,17,0,983.62,459.35,0.0,Not Zero Sales,0.0,Medium 25-99,1
SKU01014,Sample Product 01014,Active,2026-05,74.81,0.401,Medical Devices,Monitoring Supplies,MFG008,Manufacturer 008,SUP028,Supplier 028,REG-114027,Generic Ingredient 081,General Sale,64,16,1,1196.96,479.98,74.81,Not Zero Sales,0.0,Medium 25-99,1
SKU01015,Sample Product 01015,Active,2026-03,14.27,0.231,OTC & Wellness,Digestive Care,MFG012,Manufacturer 012,SUP022,Supplier 022,REG-819301,Generic Ingredient 005,Pharmacy Only,13,12,0,171.24,39.56,0.0,Not Zero Sales,0.0,Low < 25,1
SKU01016,Sample Product 01016,Active,2026-05,22.98,0.388,General Merchandise,Accessories,MFG006,Manufacturer 006,SUP020,Supplier 020,REG-338500,Generic Ingredient 111,Pharmacy Only,99,49,27,1126.02,436.9,620.46,Not Zero Sales,0.0,Low < 25,1
SKU01017,Sample Product 01017,Active,2026-06,188.95,0.342,Personal Care,Oral Care,MFG013,Manufacturer 013,SUP023,Supplier 023,REG-976991,Generic Ingredient 138,General Sale,53,0,5,0.0,0.0,944.75,Active Zero Sales,944.75,High 100-299,1
SKU01018,Sample Product 01018,Active,2026-06,75.34,0.19,General Merchandise,Accessories,MFG019,Manufacturer 019,SUP010,Supplier 010,REG-956430,Generic Ingredient 051,General Sale,89,58,26,4369.72,830.25,1958.84,Not Zero Sales,0.0,Medium 25-99,1
SKU01019,Sample Product 01019,Active,2026-05,75.91,0.443,OTC & Wellness,Digestive Care,MFG009,Manufacturer 009,SUP019,Supplier 019,REG-249245,Generic Ingredient 080,General Sale,35,0,21,0.0,0.0,1594.11,Active Zero Sales,1594.11,Medium 25-99,1
SKU01020,Sample Product 01020,Active,2026-03,99.63,0.151,Nutrition,Healthy Snacks,MFG007,Manufacturer 007,SUP012,Supplier 012,REG-856047,Generic Ingredient 179,General Sale,55,16,4,1594.08,240.71,398.52,Not Zero Sales,0.0,Medium 25-99,1
SKU01021,Sample Product 01021,Active,2026-01,79.68,0.306,Medical Devices,First Aid,MFG015,Manufacturer 015,SUP005,Supplier 005,REG-282957,Generic Ingredient 178,General Sale,81,44,13,3505.92,1072.81,1035.84,Not Zero Sales,0.0,Medium 25-99,1
SKU01022,Sample Product 01022,Active,2026-05,7.38,0.188,Medical Devices,Monitoring Supplies,MFG010,Manufacturer 010,SUP002,Supplier 002,REG-460703,Generic Ingredient 111,General Sale,68,0,27,0.0,0.0,199.26,Active Zero Sales,199.26,Low < 25,1
SKU01023,Sample Product 01023,Active,2026-01,92.82,0.439,Nutrition,Hydration,MFG017,Manufacturer 017,SUP022,Supplier 022,REG-197661,Generic Ingredient 095,Pharmacy Only,1,6,5,556.92,244.49,464.1,Not Zero Sales,0.0,Medium 25-99,1
SKU01024,Sample Product 01024,Active,2026-05,152.83,0.291,Nutrition,Healthy Snacks,MFG010,Manufacturer 010,SUP014,Supplier 014,REG-673339,Generic Ingredient 104,General Sale,52,21,0,3209.43,933.94,0.0,Not Zero Sales,0.0,High 100-299,1
SKU01025,Sample Product 01025,Active,2026-05,116.11,0.402,Personal Care,Oral Care,MFG014,Manufacturer 014,SUP006,Supplier 006,REG-905675,Generic Ingredient 107,General Sale,45,0,41,0.0,0.0,4760.51,Active Zero Sales,4760.51,High 100-299,1
SKU01026,Sample Product 01026,Active,2026-02,27.01,0.185,Nutrition,Hydration,MFG020,Manufacturer 020,SUP013,Supplier 013,REG-466800,Generic Ingredient 124,General Sale,65,56,12,1512.56,279.82,324.12,Not Zero Sales,0.0,Medium 25-99,1
SKU01027,Sample Product 01027,Active,2026-02,58.82,0.375,Medical Devices,Home Diagnostics,MFG011,Manufacturer 011,SUP003,Supplier 003,REG-919070,Generic Ingredient 029,General Sale,43,17,0,999.94,374.98,0.0,Not Zero Sales,0.0,Medium 25-99,1
SKU01028,Sample Product 01028,Active,2026-03,23.99,0.431,OTC & Wellness,Digestive Care,MFG003,Manufacturer 003,SUP023,Supplier 023,REG-287560,Generic Ingredient 059,General Sale,19,12,0,287.88,124.08,0.0,Not Zero Sales,0.0,Low < 25,1
SKU01029,Sample Product 01029,Active,2026-02,400.14,0.326,Medical Devices,Home Diagnostics,MFG007,Manufacturer 007,SUP003,Supplier 003,REG-644621,Generic Ingredient 138,Pharmacy Only,10,17,0,6802.38,2217.58,0.0,Not Zero Sales,0.0,Premium 300+,1
SKU01030,Sample Product 01030,Active,2026-01,34.49,0.492,OTC & Wellness,Vitamins,MFG018,Manufacturer 018,SUP024,Supplier 024,REG-944502,Generic Ingredient 146,General Sale,60,15,9,517.35,254.54,310.41,Not Zero Sales,0.0,Medium 25-99,1
SKU01031,Sample Product 01031,Active,2026-01,192.1,0.302,General Merchandise,Seasonal Care,MFG006,Manufacturer 006,SUP004,Supplier 004,REG-971685,Generic Ingredient 127,General Sale,60,28,0,5378.8,1624.4,0.0,Not Zero Sales,0.0,High 100-299,1
SKU01032,Sample Product 01032,Blocked,2026-01,270.68,0.345,OTC & Wellness,Pain Relief,MFG015,Manufacturer 015,SUP020,Supplier 020,REG-762983,Generic Ingredient 062,General Sale,0,0,0,0.0,0.0,0.0,Not Zero Sales,0.0,High 100-299,0
SKU01033,Sample Product 01033,Active,2026-06,87.34,0.373,Nutrition,Sports Nutrition,MFG020,Manufacturer 020,SUP024,Supplier 024,REG-247161,Generic Ingredient 038,General Sale,57,20,20,1746.8,651.56,1746.8,Not Zero Sales,0.0,Medium 25-99,1
SKU01034,Sample Product 01034,Active,2026-02,7.77,0.201,OTC & Wellness,Vitamins,MFG007,Manufacturer 007,SUP009,Supplier 009,REG-393151,Generic Ingredient 122,General Sale,65,25,2,194.25,39.04,15.54,Not Zero Sales,0.0,Low < 25,1
SKU01035,Sample Product 01035,Active,2026-03,9.83,0.265,Nutrition,Hydration,MFG018,Manufacturer 018,SUP012,Supplier 012,REG-373862,Generic Ingredient 120,General Sale,29,28,3,275.24,72.94,29.49,Not Zero Sales,0.0,Low < 25,1
SKU01036,Sample Product 01036,Active,2026-03,21.56,0.396,Nutrition,Adult Nutrition,MFG018,Manufacturer 018,SUP030,Supplier 030,REG-739615,Generic Ingredient 011,Pharmacy Only,44,45,1,970.2,384.2,21.56,Not Zero Sales,0.0,Low < 25,1
SKU01037,Sample Product 01037,Active,2026-04,4.51,0.305,Personal Care,Hygiene,MFG007,Manufacturer 007,SUP026,Supplier 026,REG-994982,Generic Ingredient 122,General Sale,19,12,0,54.12,16.51,0.0,Not Zero Sales,0.0,Low < 25,1
SKU01038,Sample Product 01038,Active,2026-01,21.2,0.403,Personal Care,Skin Care,MFG016,Manufacturer 016,SUP028,Supplier 028,REG-278536,Generic Ingredient 062,General Sale,41,17,8,360.4,145.24,169.6,Not Zero Sales,0.0,Low < 25,1
SKU01039,Sample Product 01039,Blocked,2026-05,58.0,0.434,Personal Care,Hygiene,MFG010,Manufacturer 010,SUP014,Supplier 014,REG-629073,Generic Ingredient 001,General Sale,51,0,12,0.0,0.0,696.0,Not Zero Sales,0.0,Medium 25-99,0
SKU01040,Sample Product 01040,Active,2026-05,253.66,0.24,Medical Devices,Home Diagnostics,MFG002,Manufacturer 002,SUP003,Supplier 003,REG-978504,Generic Ingredient 060,General Sale,61,25,10,6341.5,1521.96,2536.6,Not Zero Sales,0.0,High 100-299,1
SKU01041,Sample Product 01041,Active,2026-03,4.58,0.309,Nutrition,Adult Nutrition,MFG019,Manufacturer 019,SUP003,Supplier 003,REG-275510,Generic Ingredient 076,General Sale,159,74,35,338.92,104.73,160.3,Not Zero Sales,0.0,Low < 25,1
SKU01042,Sample Product 01042,Active,2026-06,57.5,0.308,OTC & Wellness,Vitamins,MFG012,Manufacturer 012,SUP006,Supplier 006,REG-101548,Generic Ingredient 056,General Sale,26,4,3,230.0,70.84,172.5,Not Zero Sales,0.0,Medium 25-99,1
SKU01043,Sample Product 01043,Active,2026-01,23.6,0.468,Personal Care,Hair Care,MFG011,Manufacturer 011,SUP005,Supplier 005,REG-881116,Generic Ingredient 005,Pharmacy Only,64,8,18,188.8,88.36,424.8,Not Zero Sales,0.0,Low < 25,1
SKU01044,Sample Product 01044,Active,2026-04,241.09,0.412,Personal Care,Oral Care,MFG006,Manufacturer 006,SUP016,Supplier 016,REG-169598,Generic Ingredient 160,Pharmacy Only,21,10,6,2410.9,993.29,1446.54,Not Zero Sales,0.0,High 100-299,1
SKU01045,Sample Product 01045,Active,2026-03,35.44,0.366,Personal Care,Hair Care,MFG018,Manufacturer 018,SUP020,Supplier 020,REG-599469,Generic Ingredient 138,General Sale,59,10,0,354.4,129.71,0.0,Not Zero Sales,0.0,Medium 25-99,1
SKU01046,Sample Product 01046,Active,2026-06,20.63,0.236,Nutrition,Healthy Snacks,MFG007,Manufacturer 007,SUP015,Supplier 015,REG-725041,Generic Ingredient 170,General Sale,115,85,11,1753.55,413.84,226.93,Not Zero Sales,0.0,Low < 25,1
SKU01047,Sample Product 01047,Active,2026-05,58.28,0.446,Personal Care,Hair Care,MFG004,Manufacturer 004,SUP003,Supplier 003,REG-308036,Generic Ingredient 003,General Sale,129,43,40,2506.04,1117.69,2331.2,Not Zero Sales,0.0,Medium 25-99,1
SKU01048,Sample Product 01048,Active,2026-06,92.56,0.288,OTC & Wellness,Cold & Allergy,MFG013,Manufacturer 013,SUP021,Supplier 021,REG-962283,Generic Ingredient 059,General Sale,105,69,12,6386.64,1839.35,1110.72,Not Zero Sales,0.0,Medium 25-99,1
SKU01049,Sample Product 01049,Active,2026-06,138.74,0.354,Personal Care,Oral Care,MFG019,Manufacturer 019,SUP015,Supplier 015,REG-566099,Generic Ingredient 126,Pharmacy Only,59,9,0,1248.66,442.03,0.0,Not Zero Sales,0.0,High 100-299,1
SKU01050,Sample Product 01050,Active,2026-01,56.91,0.442,Personal Care,Skin Care,MFG019,Manufacturer 019,SUP007,Supplier 007,REG-814196,Generic Ingredient 126,General Sale,16,22,2,1252.02,553.39,113.82,Not Zero Sales,0.0,Medium 25-99,1
SKU01051,Sample Product 01051,Blocked,2026-04,20.88,0.406,OTC & Wellness,Digestive Care,MFG001,Manufacturer 001,SUP027,Supplier 027,REG-137162,Generic Ingredient 123,General Sale,30,0,0,0.0,0.0,0.0,Not Zero Sales,0.0,Low < 25,0
SKU01052,Sample Product 01052,Active,2026-03,42.01,0.342,Medical Devices,Home Diagnostics,MFG011,Manufacturer 011,SUP003,Supplier 003,REG-642535,Generic Ingredient 170,General Sale,13,19,0,798.19,272.98,0.0,Not Zero Sales,0.0,Medium 25-99,1
SKU01053,Sample Product 01053,Active,2026-01,14.83,0.266,Nutrition,Healthy Snacks,MFG004,Manufacturer 004,SUP027,Supplier 027,REG-675791,Generic Ingredient 094,General Sale,13,13,3,192.79,51.28,44.49,Not Zero Sales,0.0,Low < 25,1
SKU01054,Sample Product 01054,Active,2026-02,54.71,0.364,Nutrition,Hydration,MFG015,Manufacturer 015,SUP023,Supplier 023,REG-171408,Generic Ingredient 131,Pharmacy Only,26,0,1,0.0,0.0,54.71,Active Zero Sales,54.71,Medium 25-99,1
SKU01055,Sample Product 01055,Active,2026-02,63.92,0.258,Nutrition,Sports Nutrition,MFG001,Manufacturer 001,SUP018,Supplier 018,REG-994728,Generic Ingredient 068,General Sale,94,43,13,2748.56,709.13,830.96,Not Zero Sales,0.0,Medium 25-99,1
SKU01056,Sample Product 01056,Blocked,2026-06,22.34,0.348,OTC & Wellness,Pain Relief,MFG012,Manufacturer 012,SUP018,Supplier 018,REG-543285,Generic Ingredient 007,General Sale,42,1,0,22.34,7.77,0.0,Not Zero Sales,0.0,Low < 25,0
SKU01057,Sample Product 01057,Blocked,2026-04,93.44,0.345,Nutrition,Healthy Snacks,MFG017,Manufacturer 017,SUP016,Supplier 016,REG-453114,Generic Ingredient 156,General Sale,0,0,0,0.0,0.0,0.0,Not Zero Sales,0.0,Medium 25-99,0
SKU01058,Sample Product 01058,Active,2026-04,16.9,0.453,General Merchandise,Accessories,MFG013,Manufacturer 013,SUP014,Supplier 014,REG-378797,Generic Ingredient 023,General Sale,30,6,31,101.4,45.93,523.9,Not Zero Sales,0.0,Low < 25,1
SKU01059,Sample Product 01059,Blocked,2026-05,12.25,0.251,Medical Devices,First Aid,MFG004,Manufacturer 004,SUP026,Supplier 026,REG-982513,Generic Ingredient 032,General Sale,25,16,0,196.0,49.2,0.0,Not Zero Sales,0.0,Low < 25,0
SKU01060,Sample Product 01060,Blocked,2026-02,59.17,0.211,Medical Devices,Monitoring Supplies,MFG010,Manufacturer 010,SUP016,Supplier 016,REG-441454,Generic Ingredient 153,General Sale,2,0,0,0.0,0.0,0.0,Not Zero Sales,0.0,Medium 25-99,0
SKU01061,Sample Product 01061,Active,2026-02,12.24,0.364,Personal Care,Skin Care,MFG003,Manufacturer 003,SUP016,Supplier 016,REG-971225,Generic Ingredient 033,Restricted Sale,59,33,9,403.92,147.03,110.16,Not Zero Sales,0.0,Low < 25,1
SKU01062,Sample Product 01062,Active,2026-01,276.2,0.337,Personal Care,Oral Care,MFG009,Manufacturer 009,SUP010,Supplier 010,REG-663823,Generic Ingredient 053,Pharmacy Only,74,60,15,16572.0,5584.76,4143.0,Not Zero Sales,0.0,High 100-299,1
SKU01063,Sample Product 01063,Active,2026-02,45.58,0.306,Nutrition,Adult Nutrition,MFG020,Manufacturer 020,SUP016,Supplier 016,REG-154970,Generic Ingredient 172,General Sale,30,12,0,546.96,167.37,0.0,Not Zero Sales,0.0,Medium 25-99,1
SKU01064,Sample Product 01064,Active,2026-01,21.25,0.238,Nutrition,Hydration,MFG004,Manufacturer 004,SUP011,Supplier 011,REG-628963,Generic Ingredient 137,General Sale,55,16,0,340.0,80.92,0.0,Not Zero Sales,0.0,Low < 25,1
SKU01065,Sample Product 01065,Active,2026-01,128.87,0.33,Nutrition,Adult Nutrition,MFG005,Manufacturer 005,SUP006,Supplier 006,REG-177763,Generic Ingredient 063,General Sale,33,15,0,1933.05,637.91,0.0,Not Zero Sales,0.0,High 100-299,1
SKU01066,Sample Product 01066,Active,2026-03,28.02,0.363,OTC & Wellness,Pain Relief,MFG018,Manufacturer 018,SUP006,Supplier 006,REG-397181,Generic Ingredient 027,General Sale,79,23,18,644.46,233.94,504.36,Not Zero Sales,0.0,Medium 25-99,1
SKU01067,Sample Product 01067,Active,2026-04,70.71,0.293,OTC & Wellness,Cold & Allergy,MFG003,Manufacturer 003,SUP006,Supplier 006,REG-294453,Generic Ingredient 143,General Sale,106,53,18,3747.63,1098.06,1272.78,Not Zero Sales,0.0,Medium 25-99,1
SKU01068,Sample Product 01068,Active,2026-04,10.51,0.445,Personal Care,Oral Care,MFG001,Manufacturer 001,SUP028,Supplier 028,REG-567915,Generic Ingredient 109,General Sale,62,16,18,168.16,74.83,189.18,Not Zero Sales,0.0,Low < 25,1
SKU01069,Sample Product 01069,Active,2026-05,23.42,0.295,Nutrition,Hydration,MFG011,Manufacturer 011,SUP018,Supplier 018,REG-184379,Generic Ingredient 172,General Sale,35,10,15,234.2,69.09,351.3,Not Zero Sales,0.0,Low < 25,1
SKU01070,Sample Product 01070,Active,2026-06,126.11,0.313,OTC & Wellness,Vitamins,MFG010,Manufacturer 010,SUP030,Supplier 030,REG-704441,Generic Ingredient 069,General Sale,22,0,16,0.0,0.0,2017.76,Active Zero Sales,2017.76,High 100-299,1
SKU01071,Sample Product 01071,Active,2026-02,40.1,0.17,Medical Devices,First Aid,MFG002,Manufacturer 002,SUP014,Supplier 014,REG-511468,Generic Ingredient 024,Restricted Sale,63,19,0,761.9,129.52,0.0,Not Zero Sales,0.0,Medium 25-99,1
SKU01072,Sample Product 01072,Active,2026-05,17.11,0.265,Medical Devices,First Aid,MFG006,Manufacturer 006,SUP009,Supplier 009,REG-440822,Generic Ingredient 023,General Sale,132,58,29,992.38,262.98,496.19,Not Zero Sales,0.0,Low < 25,1
SKU01073,Sample Product 01073,Blocked,2026-05,10.24,0.315,Medical Devices,Monitoring Supplies,MFG013,Manufacturer 013,SUP010,Supplier 010,REG-824712,Generic Ingredient 162,Pharmacy Only,11,0,0,0.0,0.0,0.0,Not Zero Sales,0.0,Low < 25,0
SKU01074,Sample Product 01074,Active,2026-01,64.97,0.2,Medical Devices,First Aid,MFG002,Manufacturer 002,SUP001,Supplier 001,REG-876208,Generic Ingredient 176,General Sale,104,72,26,4677.84,935.57,1689.22,Not Zero Sales,0.0,Medium 25-99,1
SKU01075,Sample Product 01075,Blocked,2026-05,23.08,0.389,Personal Care,Oral Care,MFG009,Manufacturer 009,SUP017,Supplier 017,REG-800653,Generic Ingredient 069,General Sale,36,0,10,0.0,0.0,230.8,Not Zero Sales,0.0,Low < 25,0
SKU01076,Sample Product 01076,Blocked,2026-04,82.7,0.301,Nutrition,Adult Nutrition,MFG019,Manufacturer 019,SUP005,Supplier 005,REG-477767,Generic Ingredient 076,General Sale,39,0,0,0.0,0.0,0.0,Not Zero Sales,0.0,Medium 25-99,0
SKU01077,Sample Product 01077,Active,2026-05,149.7,0.457,General Merchandise,Baby Essentials,MFG004,Manufacturer 004,SUP006,Supplier 006,REG-962481,Generic Ingredient 095,General Sale,74,63,3,9431.1,4310.01,449.1,Not Zero Sales,0.0,High 100-299,1
SKU01078,Sample Product 01078,Active,2026-06,447.21,0.27,Nutrition,Healthy Snacks,MFG015,Manufacturer 015,SUP020,Supplier 020,REG-646133,Generic Ingredient 042,General Sale,62,36,1,16099.56,4346.88,447.21,Not Zero Sales,0.0,Premium 300+,1
SKU01079,Sample Product 01079,Active,2026-04,355.76,0.146,Medical Devices,Monitoring Supplies,MFG010,Manufacturer 010,SUP002,Supplier 002,REG-951650,Generic Ingredient 029,General Sale,99,44,10,15653.44,2285.4,3557.6,Not Zero Sales,0.0,Premium 300+,1
SKU01080,Sample Product 01080,Active,2026-06,176.64,0.554,Personal Care,Hair Care,MFG005,Manufacturer 005,SUP007,Supplier 007,REG-157058,Generic Ingredient 106,Pharmacy Only,123,69,22,12188.16,6752.24,3886.08,Not Zero Sales,0.0,High 100-299,1
SKU01081,Sample Product 01081,Active,2026-04,15.74,0.218,OTC & Wellness,Vitamins,MFG003,Manufacturer 003,SUP015,Supplier 015,REG-362402,Generic Ingredient 176,General Sale,71,29,10,456.46,99.51,157.4,Not Zero Sales,0.0,Low < 25,1
SKU01082,Sample Product 01082,Blocked,2026-04,62.67,0.294,OTC & Wellness,Digestive Care,MFG015,Manufacturer 015,SUP029,Supplier 029,REG-823459,Generic Ingredient 091,General Sale,55,0,13,0.0,0.0,814.71,Not Zero Sales,0.0,Medium 25-99,0
SKU01083,Sample Product 01083,Blocked,2026-05,129.05,0.396,Nutrition,Hydration,MFG006,Manufacturer 006,SUP025,Supplier 025,REG-562293,Generic Ingredient 009,General Sale,24,10,8,1290.5,511.04,1032.4,Not Zero Sales,0.0,High 100-299,0
SKU01084,Sample Product 01084,Active,2026-02,20.79,0.482,General Merchandise,Accessories,MFG009,Manufacturer 009,SUP027,Supplier 027,REG-632095,Generic Ingredient 110,General Sale,66,15,15,311.85,150.31,311.85,Not Zero Sales,0.0,Low < 25,1
SKU01085,Sample Product 01085,Active,2026-02,242.89,0.296,OTC & Wellness,Digestive Care,MFG012,Manufacturer 012,SUP017,Supplier 017,REG-348647,Generic Ingredient 168,General Sale,46,10,0,2428.9,718.95,0.0,Not Zero Sales,0.0,High 100-299,1
SKU01086,Sample Product 01086,Active,2026-04,21.35,0.397,Personal Care,Hygiene,MFG004,Manufacturer 004,SUP009,Supplier 009,REG-933150,Generic Ingredient 031,General Sale,14,15,0,320.25,127.14,0.0,Not Zero Sales,0.0,Low < 25,1
SKU01087,Sample Product 01087,Active,2026-06,154.36,0.392,Personal Care,Skin Care,MFG017,Manufacturer 017,SUP001,Supplier 001,REG-459546,Generic Ingredient 104,General Sale,120,68,20,10496.48,4114.62,3087.2,Not Zero Sales,0.0,High 100-299,1
SKU01088,Sample Product 01088,Active,2026-03,157.15,0.245,Nutrition,Healthy Snacks,MFG006,Manufacturer 006,SUP002,Supplier 002,REG-130473,Generic Ingredient 065,Pharmacy Only,56,8,9,1257.2,308.01,1414.35,Not Zero Sales,0.0,High 100-299,1
SKU01089,Sample Product 01089,Active,2026-02,235.17,0.323,Medical Devices,First Aid,MFG008,Manufacturer 008,SUP009,Supplier 009,REG-584849,Generic Ingredient 121,General Sale,30,36,0,8466.12,2734.56,0.0,Not Zero Sales,0.0,High 100-299,1
SKU01090,Sample Product 01090,Active,2026-02,435.5,0.435,Personal Care,Oral Care,MFG003,Manufacturer 003,SUP022,Supplier 022,REG-442638,Generic Ingredient 165,General Sale,31,20,7,8710.0,3788.85,3048.5,Not Zero Sales,0.0,Premium 300+,1
SKU01091,Sample Product 01091,Active,2026-01,68.68,0.392,Nutrition,Sports Nutrition,MFG003,Manufacturer 003,SUP016,Supplier 016,REG-412001,Generic Ingredient 015,General Sale,20,17,0,1167.56,457.68,0.0,Not Zero Sales,0.0,Medium 25-99,1
SKU01092,Sample Product 01092,Active,2026-04,24.17,0.317,Nutrition,Healthy Snacks,MFG002,Manufacturer 002,SUP011,Supplier 011,REG-489756,Generic Ingredient 121,General Sale,54,12,6,290.04,91.94,145.02,Not Zero Sales,0.0,Low < 25,1
SKU01093,Sample Product 01093,Active,2026-02,57.48,0.354,Medical Devices,Mobility Aids,MFG018,Manufacturer 018,SUP011,Supplier 011,REG-733468,Generic Ingredient 076,General Sale,29,9,24,517.32,183.13,1379.52,Not Zero Sales,0.0,Medium 25-99,1
SKU01094,Sample Product 01094,Active,2026-01,48.07,0.195,Medical Devices,Monitoring Supplies,MFG009,Manufacturer 009,SUP020,Supplier 020,REG-498563,Generic Ingredient 146,General Sale,87,38,3,1826.66,356.2,144.21,Not Zero Sales,0.0,Medium 25-99,1
SKU01095,Sample Product 01095,Active,2026-04,198.05,0.415,Personal Care,Oral Care,MFG010,Manufacturer 010,SUP015,Supplier 015,REG-434180,Generic Ingredient 066,General Sale,31,37,0,7327.85,3041.06,0.0,Not Zero Sales,0.0,High 100-299,1
SKU01096,Sample Product 01096,Active,2026-06,72.87,0.408,Personal Care,Skin Care,MFG003,Manufacturer 003,SUP008,Supplier 008,REG-158993,Generic Ingredient 037,General Sale,28,33,3,2404.71,981.12,218.61,Not Zero Sales,0.0,Medium 25-99,1
SKU01097,Sample Product 01097,Active,2026-02,186.53,0.454,OTC & Wellness,Cold & Allergy,MFG014,Manufacturer 014,SUP004,Supplier 004,REG-826540,Generic Ingredient 173,General Sale,76,31,10,5782.43,2625.22,1865.3,Not Zero Sales,0.0,High 100-299,1
SKU01098,Sample Product 01098,Blocked,2026-02,47.85,0.347,General Merchandise,Accessories,MFG011,Manufacturer 011,SUP020,Supplier 020,REG-587757,Generic Ingredient 104,General Sale,38,0,0,0.0,0.0,0.0,Not Zero Sales,0.0,Medium 25-99,0
SKU01099,Sample Product 01099,Active,2026-02,54.52,0.336,Nutrition,Hydration,MFG014,Manufacturer 014,SUP017,Supplier 017,REG-616555,Generic Ingredient 172,Pharmacy Only,97,58,45,3162.16,1062.49,2453.4,Not Zero Sales,0.0,Medium 25-99,1
SKU01100,Sample Product 01100,Blocked,2026-02,12.43,0.333,Personal Care,Skin Care,MFG005,Manufacturer 005,SUP005,Supplier 005,REG-527959,Generic Ingredient 098,General Sale,3,0,0,0.0,0.0,0.0,Not Zero Sales,0.0,Low < 25,0
SKU01101,Sample Product 01101,Active,2026-04,6.97,0.428,Personal Care,Hygiene,MFG013,Manufacturer 013,SUP020,Supplier 020,REG-913034,Generic Ingredient 141,General Sale,122,47,25,327.59,140.21,174.25,Not Zero Sales,0.0,Low < 25,1
SKU01102,Sample Product 01102,Active,2026-05,8.58,0.269,Medical Devices,First Aid,MFG008,Manufacturer 008,SUP013,Supplier 013,REG-817053,Generic Ingredient 051,Pharmacy Only,20,7,0,60.06,16.16,0.0,Not Zero Sales,0.0,Low < 25,1
SKU01103,Sample Product 01103,Active,2026-03,262.69,0.34,OTC & Wellness,Vitamins,MFG019,Manufacturer 019,SUP025,Supplier 025,REG-193262,Generic Ingredient 028,General Sale,0,3,0,788.07,267.94,0.0,Not Zero Sales,0.0,High 100-299,1
SKU01104,Sample Product 01104,Blocked,2026-03,150.24,0.296,General Merchandise,Travel Health,MFG015,Manufacturer 015,SUP019,Supplier 019,REG-724634,Generic Ingredient 119,General Sale,31,0,0,0.0,0.0,0.0,Not Zero Sales,0.0,High 100-299,0
SKU01105,Sample Product 01105,Active,2026-01,79.15,0.324,OTC & Wellness,Pain Relief,MFG008,Manufacturer 008,SUP022,Supplier 022,REG-631309,Generic Ingredient 118,General Sale,104,43,30,3403.45,1102.72,2374.5,Not Zero Sales,0.0,Medium 25-99,1
SKU01106,Sample Product 01106,Blocked,2026-06,156.55,0.269,Medical Devices,First Aid,MFG005,Manufacturer 005,SUP017,Supplier 017,REG-361685,Generic Ingredient 024,Pharmacy Only,34,0,0,0.0,0.0,0.0,Not Zero Sales,0.0,High 100-299,0
SKU01107,Sample Product 01107,Active,2026-04,277.16,0.315,Nutrition,Hydration,MFG017,Manufacturer 017,SUP004,Supplier 004,REG-137825,Generic Ingredient 091,General Sale,40,0,18,0.0,0.0,4988.88,Active Zero Sales,4988.88,High 100-299,1
SKU01108,Sample Product 01108,Active,2026-02,119.39,0.34,Nutrition,Adult Nutrition,MFG011,Manufacturer 011,SUP014,Supplier 014,REG-215316,Generic Ingredient 080,Pharmacy Only,116,62,26,7402.18,2516.74,3104.14,Not Zero Sales,0.0,High 100-299,1
SKU01109,Sample Product 01109,Blocked,2026-04,97.58,0.32,General Merchandise,Accessories,MFG017,Manufacturer 017,SUP020,Supplier 020,REG-369337,Generic Ingredient 160,General Sale,0,0,0,0.0,0.0,0.0,Not Zero Sales,0.0,Medium 25-99,0
SKU01110,Sample Product 01110,Blocked,2026-06,354.97,0.459,General Merchandise,Seasonal Care,MFG020,Manufacturer 020,SUP014,Supplier 014,REG-386592,Generic Ingredient 067,General Sale,26,0,0,0.0,0.0,0.0,Not Zero Sales,0.0,Premium 300+,0
SKU01111,Sample Product 01111,Blocked,2026-03,26.45,0.236,Medical Devices,Monitoring Supplies,MFG003,Manufacturer 003,SUP009,Supplier 009,REG-893181,Generic Ingredient 179,Pharmacy Only,6,0,0,0.0,0.0,0.0,Not Zero Sales,0.0,Medium 25-99,0
SKU01112,Sample Product 01112,Active,2026-01,244.76,0.327,Personal Care,Hair Care,MFG010,Manufacturer 010,SUP009,Supplier 009,REG-439548,Generic Ingredient 121,Pharmacy Only,64,32,0,7832.32,2561.17,0.0,Not Zero Sales,0.0,High 100-299,1
SKU01113,Sample Product 01113,Active,2026-01,10.18,0.392,Medical Devices,Home Diagnostics,MFG010,Manufacturer 010,SUP003,Supplier 003,REG-407791,Generic Ingredient 023,General Sale,97,68,23,692.24,271.36,234.14,Not Zero Sales,0.0,Low < 25,1
SKU01114,Sample Product 01114,Blocked,2026-02,24.54,0.36,Personal Care,Hair Care,MFG011,Manufacturer 011,SUP002,Supplier 002,REG-852708,Generic Ingredient 005,General Sale,36,0,9,0.0,0.0,220.86,Not Zero Sales,0.0,Low < 25,0
SKU01115,Sample Product 01115,Active,2026-05,8.84,0.317,General Merchandise,Travel Health,MFG020,Manufacturer 020,SUP019,Supplier 019,REG-665434,Generic Ingredient 078,Pharmacy Only,36,12,0,106.08,33.63,0.0,Not Zero Sales,0.0,Low < 25,1
SKU01116,Sample Product 01116,Active,2026-03,19.24,0.411,Nutrition,Healthy Snacks,MFG002,Manufacturer 002,SUP007,Supplier 007,REG-385498,Generic Ingredient 160,General Sale,79,29,0,557.96,229.32,0.0,Not Zero Sales,0.0,Low < 25,1
SKU01117,Sample Product 01117,Blocked,2026-03,74.92,0.297,Medical Devices,First Aid,MFG016,Manufacturer 016,SUP004,Supplier 004,REG-113527,Generic Ingredient 043,Pharmacy Only,10,0,0,0.0,0.0,0.0,Not Zero Sales,0.0,Medium 25-99,0
SKU01118,Sample Product 01118,Active,2026-06,73.26,0.434,OTC & Wellness,Cold & Allergy,MFG001,Manufacturer 001,SUP024,Supplier 024,REG-515156,Generic Ingredient 110,Pharmacy Only,38,29,16,2124.54,922.05,1172.16,Not Zero Sales,0.0,Medium 25-99,1
SKU01119,Sample Product 01119,Active,2026-02,99.31,0.36,General Merchandise,Travel Health,MFG015,Manufacturer 015,SUP019,Supplier 019,REG-308208,Generic Ingredient 174,General Sale,50,22,0,2184.82,786.54,0.0,Not Zero Sales,0.0,Medium 25-99,1
SKU01120,Sample Product 01120,Active,2026-06,49.86,0.424,Personal Care,Hair Care,MFG008,Manufacturer 008,SUP001,Supplier 001,REG-662625,Generic Ingredient 028,Pharmacy Only,24,15,0,747.9,317.11,0.0,Not Zero Sales,0.0,Medium 25-99,1
SKU01121,Sample Product 01121,Blocked,2026-02,63.5,0.264,Medical Devices,First Aid,MFG007,Manufacturer 007,SUP024,Supplier 024,REG-289666,Generic Ingredient 039,General Sale,33,25,0,1587.5,419.1,0.0,Not Zero Sales,0.0,Medium 25-99,0
SKU01122,Sample Product 01122,Active,2026-02,5.08,0.34,OTC & Wellness,Pain Relief,MFG005,Manufacturer 005,SUP001,Supplier 001,REG-453558,Generic Ingredient 053,Pharmacy Only,81,46,32,233.68,79.45,162.56,Not Zero Sales,0.0,Low < 25,1
SKU01123,Sample Product 01123,Active,2026-01,8.15,0.36,Nutrition,Healthy Snacks,MFG006,Manufacturer 006,SUP009,Supplier 009,REG-413316,Generic Ingredient 014,General Sale,46,10,0,81.5,29.34,0.0,Not Zero Sales,0.0,Low < 25,1
SKU01124,Sample Product 01124,Active,2026-02,491.89,0.443,OTC & Wellness,Pain Relief,MFG010,Manufacturer 010,SUP002,Supplier 002,REG-539544,Generic Ingredient 072,Pharmacy Only,67,37,0,18199.93,8062.57,0.0,Not Zero Sales,0.0,Premium 300+,1
SKU01125,Sample Product 01125,Active,2026-01,17.55,0.388,General Merchandise,Seasonal Care,MFG016,Manufacturer 016,SUP021,Supplier 021,REG-316481,Generic Ingredient 036,General Sale,52,20,2,351.0,136.19,35.1,Not Zero Sales,0.0,Low < 25,1
SKU01126,Sample Product 01126,Active,2026-03,155.96,0.566,Personal Care,Oral Care,MFG009,Manufacturer 009,SUP029,Supplier 029,REG-949100,Generic Ingredient 050,General Sale,130,81,19,12632.76,7150.14,2963.24,Not Zero Sales,0.0,High 100-299,1
SKU01127,Sample Product 01127,Blocked,2026-05,469.59,0.312,Medical Devices,Monitoring Supplies,MFG017,Manufacturer 017,SUP006,Supplier 006,REG-690459,Generic Ingredient 011,Pharmacy Only,13,0,0,0.0,0.0,0.0,Not Zero Sales,0.0,Premium 300+,0
SKU01128,Sample Product 01128,Blocked,2026-05,211.64,0.289,Medical Devices,First Aid,MFG004,Manufacturer 004,SUP010,Supplier 010,REG-381205,Generic Ingredient 119,General Sale,0,0,0,0.0,0.0,0.0,Not Zero Sales,0.0,High 100-299,0
SKU01129,Sample Product 01129,Active,2026-04,265.73,0.342,Medical Devices,Home Diagnostics,MFG004,Manufacturer 004,SUP003,Supplier 003,REG-430478,Generic Ingredient 099,General Sale,91,37,20,9832.01,3362.55,5314.6,Not Zero Sales,0.0,High 100-299,1
SKU01130,Sample Product 01130,Active,2026-01,8.35,0.466,OTC & Wellness,Pain Relief,MFG019,Manufacturer 019,SUP020,Supplier 020,REG-852106,Generic Ingredient 003,Pharmacy Only,28,20,18,167.0,77.82,150.3,Not Zero Sales,0.0,Low < 25,1
SKU01131,Sample Product 01131,Active,2026-06,10.73,0.356,OTC & Wellness,Vitamins,MFG014,Manufacturer 014,SUP009,Supplier 009,REG-364996,Generic Ingredient 176,General Sale,44,38,14,407.74,145.16,150.22,Not Zero Sales,0.0,Low < 25,1
SKU01132,Sample Product 01132,Active,2026-01,53.77,0.259,OTC & Wellness,Cold & Allergy,MFG016,Manufacturer 016,SUP022,Supplier 022,REG-234290,Generic Ingredient 112,General Sale,44,5,10,268.85,69.63,537.7,Not Zero Sales,0.0,Medium 25-99,1
SKU01133,Sample Product 01133,Active,2026-06,19.04,0.375,OTC & Wellness,Vitamins,MFG017,Manufacturer 017,SUP012,Supplier 012,REG-129064,Generic Ingredient 091,General Sale,48,12,3,228.48,85.68,57.12,Not Zero Sales,0.0,Low < 25,1
SKU01134,Sample Product 01134,Active,2026-04,34.29,0.301,General Merchandise,Travel Health,MFG016,Manufacturer 016,SUP019,Supplier 019,REG-152534,Generic Ingredient 080,General Sale,86,56,27,1920.24,577.99,925.83,Not Zero Sales,0.0,Medium 25-99,1
SKU01135,Sample Product 01135,Blocked,2026-04,10.64,0.417,OTC & Wellness,Pain Relief,MFG014,Manufacturer 014,SUP014,Supplier 014,REG-909326,Generic Ingredient 080,General Sale,0,0,0,0.0,0.0,0.0,Not Zero Sales,0.0,Low < 25,0
SKU01136,Sample Product 01136,Active,2026-05,4.65,0.299,Medical Devices,Monitoring Supplies,MFG013,Manufacturer 013,SUP001,Supplier 001,REG-226483,Generic Ingredient 061,Restricted Sale,43,0,48,0.0,0.0,223.2,Active Zero Sales,223.2,Low < 25,1
SKU01137,Sample Product 01137,Active,2026-01,9.71,0.262,OTC & Wellness,Pain Relief,MFG006,Manufacturer 006,SUP013,Supplier 013,REG-958550,Generic Ingredient 075,Restricted Sale,26,11,6,106.81,27.98,58.26,Not Zero Sales,0.0,Low < 25,1
SKU01138,Sample Product 01138,Active,2026-05,39.54,0.279,Nutrition,Sports Nutrition,MFG012,Manufacturer 012,SUP017,Supplier 017,REG-820486,Generic Ingredient 131,General Sale,35,16,1,632.64,176.51,39.54,Not Zero Sales,0.0,Medium 25-99,1
SKU01139,Sample Product 01139,Active,2026-04,286.49,0.312,OTC & Wellness,Digestive Care,MFG016,Manufacturer 016,SUP027,Supplier 027,REG-305237,Generic Ingredient 171,General Sale,12,20,0,5729.8,1787.7,0.0,Not Zero Sales,0.0,High 100-299,1
SKU01140,Sample Product 01140,Active,2026-01,27.38,0.361,Personal Care,Hair Care,MFG009,Manufacturer 009,SUP007,Supplier 007,REG-345477,Generic Ingredient 136,General Sale,71,0,64,0.0,0.0,1752.32,Active Zero Sales,1752.32,Medium 25-99,1
SKU01141,Sample Product 01141,Active,2026-03,21.15,0.228,Medical Devices,Monitoring Supplies,MFG018,Manufacturer 018,SUP012,Supplier 012,REG-726337,Generic Ingredient 037,General Sale,50,5,10,105.75,24.11,211.5,Not Zero Sales,0.0,Low < 25,1
SKU01142,Sample Product 01142,Active,2026-06,256.4,0.374,OTC & Wellness,Vitamins,MFG002,Manufacturer 002,SUP025,Supplier 025,REG-273529,Generic Ingredient 134,General Sale,9,5,0,1282.0,479.47,0.0,Not Zero Sales,0.0,High 100-299,1
SKU01143,Sample Product 01143,Active,2026-02,139.55,0.332,Nutrition,Sports Nutrition,MFG001,Manufacturer 001,SUP009,Supplier 009,REG-226174,Generic Ingredient 165,General Sale,54,2,8,279.1,92.66,1116.4,Not Zero Sales,0.0,High 100-299,1
SKU01144,Sample Product 01144,Active,2026-06,16.28,0.352,OTC & Wellness,Vitamins,MFG016,Manufacturer 016,SUP009,Supplier 009,REG-726461,Generic Ingredient 103,General Sale,94,68,0,1107.04,389.68,0.0,Not Zero Sales,0.0,Low < 25,1
SKU01145,Sample Product 01145,Active,2026-04,23.95,0.229,Medical Devices,Monitoring Supplies,MFG007,Manufacturer 007,SUP026,Supplier 026,REG-784508,Generic Ingredient 017,General Sale,62,24,14,574.8,131.63,335.3,Not Zero Sales,0.0,Low < 25,1
SKU01146,Sample Product 01146,Active,2026-03,4.73,0.355,OTC & Wellness,Cold & Allergy,MFG020,Manufacturer 020,SUP024,Supplier 024,REG-534264,Generic Ingredient 138,General Sale,68,50,0,236.5,83.96,0.0,Not Zero Sales,0.0,Low < 25,1
SKU01147,Sample Product 01147,Active,2026-06,18.27,0.351,Personal Care,Hair Care,MFG010,Manufacturer 010,SUP014,Supplier 014,REG-789772,Generic Ingredient 155,General Sale,106,57,18,1041.39,365.53,328.86,Not Zero Sales,0.0,Low < 25,1
SKU01148,Sample Product 01148,Active,2026-04,12.7,0.386,General Merchandise,Travel Health,MFG017,Manufacturer 017,SUP019,Supplier 019,REG-561666,Generic Ingredient 159,General Sale,18,16,0,203.2,78.44,0.0,Not Zero Sales,0.0,Low < 25,1
SKU01149,Sample Product 01149,Active,2026-06,33.64,0.286,General Merchandise,Baby Essentials,MFG001,Manufacturer 001,SUP028,Supplier 028,REG-322054,Generic Ingredient 123,Pharmacy Only,50,13,0,437.32,125.07,0.0,Not Zero Sales,0.0,Medium 25-99,1
SKU01150,Sample Product 01150,Active,2026-05,66.23,0.391,OTC & Wellness,Pain Relief,MFG005,Manufacturer 005,SUP020,Supplier 020,REG-163609,Generic Ingredient 090,General Sale,54,10,0,662.3,258.96,0.0,Not Zero Sales,0.0,Medium 25-99,1
SKU01151,Sample Product 01151,Blocked,2026-01,239.45,0.479,OTC & Wellness,Digestive Care,MFG020,Manufacturer 020,SUP008,Supplier 008,REG-932018,Generic Ingredient 167,General Sale,63,31,0,7422.95,3555.59,0.0,Not Zero Sales,0.0,High 100-299,0
SKU01152,Sample Product 01152,Active,2026-06,4.92,0.391,Medical Devices,Monitoring Supplies,MFG002,Manufacturer 002,SUP026,Supplier 026,REG-174073,Generic Ingredient 166,General Sale,110,66,16,324.72,126.97,78.72,Not Zero Sales,0.0,Low < 25,1
SKU01153,Sample Product 01153,Active,2026-06,14.24,0.258,General Merchandise,Accessories,MFG014,Manufacturer 014,SUP027,Supplier 027,REG-931569,Generic Ingredient 043,General Sale,38,18,10,256.32,66.13,142.4,Not Zero Sales,0.0,Low < 25,1
SKU01154,Sample Product 01154,Active,2026-01,162.1,0.322,OTC & Wellness,Pain Relief,MFG020,Manufacturer 020,SUP021,Supplier 021,REG-260530,Generic Ingredient 041,General Sale,184,137,47,22207.7,7150.88,7618.7,Not Zero Sales,0.0,High 100-299,1
SKU01155,Sample Product 01155,Active,2026-01,270.0,0.283,Nutrition,Adult Nutrition,MFG003,Manufacturer 003,SUP001,Supplier 001,REG-296904,Generic Ingredient 100,General Sale,30,15,0,4050.0,1146.15,0.0,Not Zero Sales,0.0,High 100-299,1
SKU01156,Sample Product 01156,Blocked,2026-04,14.77,0.296,Personal Care,Oral Care,MFG007,Manufacturer 007,SUP022,Supplier 022,REG-822269,Generic Ingredient 140,General Sale,17,0,0,0.0,0.0,0.0,Not Zero Sales,0.0,Low < 25,0
SKU01157,Sample Product 01157,Active,2026-05,49.2,0.384,OTC & Wellness,Pain Relief,MFG015,Manufacturer 015,SUP024,Supplier 024,REG-702339,Generic Ingredient 144,General Sale,133,62,22,3050.4,1171.35,1082.4,Not Zero Sales,0.0,Medium 25-99,1
SKU01158,Sample Product 01158,Active,2026-03,48.65,0.301,General Merchandise,Seasonal Care,MFG013,Manufacturer 013,SUP013,Supplier 013,REG-387796,Generic Ingredient 133,General Sale,22,12,0,583.8,175.72,0.0,Not Zero Sales,0.0,Medium 25-99,1
SKU01159,Sample Product 01159,Blocked,2026-04,359.54,0.391,General Merchandise,Baby Essentials,MFG017,Manufacturer 017,SUP023,Supplier 023,REG-847343,Generic Ingredient 092,General Sale,13,0,0,0.0,0.0,0.0,Not Zero Sales,0.0,Premium 300+,0
SKU01160,Sample Product 01160,Active,2026-02,254.58,0.366,OTC & Wellness,Vitamins,MFG019,Manufacturer 019,SUP022,Supplier 022,REG-130985,Generic Ingredient 055,General Sale,32,30,12,7637.4,2795.29,3054.96,Not Zero Sales,0.0,High 100-299,1
SKU01161,Sample Product 01161,Active,2026-03,12.92,0.357,Personal Care,Hair Care,MFG014,Manufacturer 014,SUP017,Supplier 017,REG-132643,Generic Ingredient 020,General Sale,37,9,15,116.28,41.51,193.8,Not Zero Sales,0.0,Low < 25,1
SKU01162,Sample Product 01162,Active,2026-05,44.28,0.257,Personal Care,Oral Care,MFG005,Manufacturer 005,SUP011,Supplier 011,REG-982265,Generic Ingredient 008,General Sale,82,0,44,0.0,0.0,1948.32,Active Zero Sales,1948.32,Medium 25-99,1
SKU01163,Sample Product 01163,Active,2026-04,13.39,0.456,Personal Care,Oral Care,MFG007,Manufacturer 007,SUP014,Supplier 014,REG-286811,Generic Ingredient 134,General Sale,26,4,0,53.56,24.42,0.0,Not Zero Sales,0.0,Low < 25,1
SKU01164,Sample Product 01164,Active,2026-04,51.18,0.407,Personal Care,Hygiene,MFG014,Manufacturer 014,SUP022,Supplier 022,REG-712783,Generic Ingredient 130,General Sale,22,19,3,972.42,395.77,153.54,Not Zero Sales,0.0,Medium 25-99,1
SKU01165,Sample Product 01165,Active,2026-01,99.66,0.493,Personal Care,Hygiene,MFG010,Manufacturer 010,SUP022,Supplier 022,REG-881861,Generic Ingredient 145,General Sale,42,22,13,2192.52,1080.91,1295.58,Not Zero Sales,0.0,Medium 25-99,1
SKU01166,Sample Product 01166,Active,2026-04,607.85,0.306,OTC & Wellness,Pain Relief,MFG005,Manufacturer 005,SUP004,Supplier 004,REG-898008,Generic Ingredient 100,General Sale,44,9,10,5470.65,1674.02,6078.5,Not Zero Sales,0.0,Premium 300+,1
SKU01167,Sample Product 01167,Active,2026-05,9.02,0.375,Personal Care,Skin Care,MFG017,Manufacturer 017,SUP002,Supplier 002,REG-772515,Generic Ingredient 006,General Sale,54,22,0,198.44,74.42,0.0,Not Zero Sales,0.0,Low < 25,1
SKU01168,Sample Product 01168,Active,2026-05,139.71,0.469,Medical Devices,Monitoring Supplies,MFG019,Manufacturer 019,SUP012,Supplier 012,REG-155408,Generic Ingredient 155,General Sale,38,19,7,2654.49,1244.96,977.97,Not Zero Sales,0.0,High 100-299,1
SKU01169,Sample Product 01169,Active,2026-04,251.61,0.22,Medical Devices,Home Diagnostics,MFG004,Manufacturer 004,SUP003,Supplier 003,REG-634585,Generic Ingredient 029,General Sale,48,5,0,1258.05,276.77,0.0,Not Zero Sales,0.0,High 100-299,1
SKU01170,Sample Product 01170,Active,2026-03,188.21,0.313,General Merchandise,Baby Essentials,MFG011,Manufacturer 011,SUP026,Supplier 026,REG-954232,Generic Ingredient 133,General Sale,70,0,20,0.0,0.0,3764.2,Active Zero Sales,3764.2,High 100-299,1
SKU01171,Sample Product 01171,Active,2026-05,179.75,0.171,Medical Devices,Home Diagnostics,MFG011,Manufacturer 011,SUP003,Supplier 003,REG-999254,Generic Ingredient 013,Pharmacy Only,96,56,27,10066.0,1721.29,4853.25,Not Zero Sales,0.0,High 100-299,1
SKU01172,Sample Product 01172,Active,2026-03,60.18,0.566,Personal Care,Oral Care,MFG009,Manufacturer 009,SUP011,Supplier 011,REG-270641,Generic Ingredient 012,General Sale,59,35,16,2106.3,1192.17,962.88,Not Zero Sales,0.0,Medium 25-99,1
SKU01173,Sample Product 01173,Active,2026-04,267.1,0.35,General Merchandise,Travel Health,MFG006,Manufacturer 006,SUP019,Supplier 019,REG-620447,Generic Ingredient 141,Pharmacy Only,141,64,33,17094.4,5983.04,8814.3,Not Zero Sales,0.0,High 100-299,1
SKU01174,Sample Product 01174,Active,2026-03,190.39,0.268,OTC & Wellness,Pain Relief,MFG010,Manufacturer 010,SUP017,Supplier 017,REG-428127,Generic Ingredient 072,General Sale,79,29,21,5521.31,1479.71,3998.19,Not Zero Sales,0.0,High 100-299,1
SKU01175,Sample Product 01175,Active,2026-06,16.52,0.175,Medical Devices,Home Diagnostics,MFG005,Manufacturer 005,SUP003,Supplier 003,REG-774166,Generic Ingredient 172,Pharmacy Only,66,54,2,892.08,156.11,33.04,Not Zero Sales,0.0,Low < 25,1
SKU01176,Sample Product 01176,Active,2026-01,99.73,0.342,OTC & Wellness,Pain Relief,MFG004,Manufacturer 004,SUP025,Supplier 025,REG-896340,Generic Ingredient 123,General Sale,45,0,53,0.0,0.0,5285.69,Active Zero Sales,5285.69,Medium 25-99,1
SKU01177,Sample Product 01177,Active,2026-03,624.23,0.339,OTC & Wellness,Pain Relief,MFG009,Manufacturer 009,SUP016,Supplier 016,REG-728907,Generic Ingredient 167,General Sale,67,26,1,16229.98,5501.96,624.23,Not Zero Sales,0.0,Premium 300+,1
SKU01178,Sample Product 01178,Active,2026-05,37.74,0.321,Personal Care,Skin Care,MFG020,Manufacturer 020,SUP006,Supplier 006,REG-611741,Generic Ingredient 167,General Sale,60,15,0,566.1,181.72,0.0,Not Zero Sales,0.0,Medium 25-99,1
SKU01179,Sample Product 01179,Active,2026-01,126.06,0.264,Nutrition,Sports Nutrition,MFG013,Manufacturer 013,SUP005,Supplier 005,REG-395144,Generic Ingredient 070,General Sale,74,57,12,7185.42,1896.95,1512.72,Not Zero Sales,0.0,High 100-299,1
SKU01180,Sample Product 01180,Active,2026-06,270.86,0.36,General Merchandise,Accessories,MFG008,Manufacturer 008,SUP028,Supplier 028,REG-905176,Generic Ingredient 100,General Sale,61,16,25,4333.76,1560.15,6771.5,Not Zero Sales,0.0,High 100-299,1
SKU01181,Sample Product 01181,Blocked,2026-04,229.54,0.402,General Merchandise,Baby Essentials,MFG013,Manufacturer 013,SUP002,Supplier 002,REG-565968,Generic Ingredient 014,General Sale,0,0,4,0.0,0.0,918.16,Not Zero Sales,0.0,High 100-299,0
SKU01182,Sample Product 01182,Active,2026-02,97.42,0.412,Nutrition,Sports Nutrition,MFG020,Manufacturer 020,SUP011,Supplier 011,REG-670435,Generic Ingredient 137,General Sale,74,44,17,4286.48,1766.03,1656.14,Not Zero Sales,0.0,Medium 25-99,1
SKU01183,Sample Product 01183,Active,2026-05,29.45,0.17,General Merchandise,Seasonal Care,MFG017,Manufacturer 017,SUP014,Supplier 014,REG-534559,Generic Ingredient 141,General Sale,39,22,9,647.9,110.14,265.05,Not Zero Sales,0.0,Medium 25-99,1
SKU01184,Sample Product 01184,Active,2026-01,88.16,0.324,Personal Care,Skin Care,MFG020,Manufacturer 020,SUP030,Supplier 030,REG-807906,Generic Ingredient 089,General Sale,34,13,6,1146.08,371.33,528.96,Not Zero Sales,0.0,Medium 25-99,1
SKU01185,Sample Product 01185,Active,2026-01,83.52,0.241,Medical Devices,Home Diagnostics,MFG016,Manufacturer 016,SUP003,Supplier 003,REG-370437,Generic Ingredient 043,General Sale,82,20,17,1670.4,402.57,1419.84,Not Zero Sales,0.0,Medium 25-99,1
SKU01186,Sample Product 01186,Active,2026-03,20.74,0.253,Nutrition,Sports Nutrition,MFG016,Manufacturer 016,SUP005,Supplier 005,REG-659559,Generic Ingredient 096,General Sale,50,25,6,518.5,131.18,124.44,Not Zero Sales,0.0,Low < 25,1
SKU01187,Sample Product 01187,Active,2026-04,120.88,0.405,Nutrition,Sports Nutrition,MFG006,Manufacturer 006,SUP018,Supplier 018,REG-664034,Generic Ingredient 001,General Sale,164,89,31,10758.32,4357.12,3747.28,Not Zero Sales,0.0,High 100-299,1
SKU01188,Sample Product 01188,Active,2026-05,53.84,0.398,Nutrition,Adult Nutrition,MFG013,Manufacturer 013,SUP006,Supplier 006,REG-768623,Generic Ingredient 076,Pharmacy Only,65,15,4,807.6,321.42,215.36,Not Zero Sales,0.0,Medium 25-99,1
SKU01189,Sample Product 01189,Blocked,2026-04,6.23,0.23,OTC & Wellness,Cold & Allergy,MFG015,Manufacturer 015,SUP028,Supplier 028,REG-924497,Generic Ingredient 168,General Sale,37,0,0,0.0,0.0,0.0,Not Zero Sales,0.0,Low < 25,0
SKU01190,Sample Product 01190,Active,2026-04,95.08,0.208,Nutrition,Healthy Snacks,MFG019,Manufacturer 019,SUP025,Supplier 025,REG-818532,Generic Ingredient 132,General Sale,69,20,21,1901.6,395.53,1996.68,Not Zero Sales,0.0,Medium 25-99,1
SKU01191,Sample Product 01191,Blocked,2026-05,7.31,0.274,Medical Devices,Monitoring Supplies,MFG018,Manufacturer 018,SUP015,Supplier 015,REG-931137,Generic Ingredient 167,General Sale,39,3,9,21.93,6.01,65.79,Not Zero Sales,0.0,Low < 25,0
SKU01192,Sample Product 01192,Blocked,2026-03,60.42,0.385,Personal Care,Oral Care,MFG020,Manufacturer 020,SUP022,Supplier 022,REG-645829,Generic Ingredient 122,General Sale,4,0,0,0.0,0.0,0.0,Not Zero Sales,0.0,Medium 25-99,0
SKU01193,Sample Product 01193,Active,2026-06,20.18,0.294,General Merchandise,Baby Essentials,MFG019,Manufacturer 019,SUP009,Supplier 009,REG-873425,Generic Ingredient 156,Pharmacy Only,90,0,58,0.0,0.0,1170.44,Active Zero Sales,1170.44,Low < 25,1
SKU01194,Sample Product 01194,Active,2026-05,230.11,0.4,General Merchandise,Baby Essentials,MFG007,Manufacturer 007,SUP018,Supplier 018,REG-320768,Generic Ingredient 027,General Sale,30,8,13,1840.88,736.35,2991.43,Not Zero Sales,0.0,High 100-299,1
SKU01195,Sample Product 01195,Blocked,2026-05,4.62,0.388,OTC & Wellness,Digestive Care,MFG012,Manufacturer 012,SUP029,Supplier 029,REG-344039,Generic Ingredient 179,General Sale,34,22,0,101.64,39.44,0.0,Not Zero Sales,0.0,Low < 25,0
SKU01196,Sample Product 01196,Active,2026-04,11.65,0.394,General Merchandise,Seasonal Care,MFG008,Manufacturer 008,SUP002,Supplier 002,REG-123194,Generic Ingredient 021,General Sale,57,26,14,302.9,119.34,163.1,Not Zero Sales,0.0,Low < 25,1
SKU01197,Sample Product 01197,Active,2026-01,595.03,0.41,General Merchandise,Baby Essentials,MFG012,Manufacturer 012,SUP010,Supplier 010,REG-318322,Generic Ingredient 015,General Sale,51,21,0,12495.63,5123.21,0.0,Not Zero Sales,0.0,Premium 300+,1
SKU01198,Sample Product 01198,Active,2026-05,293.7,0.347,Nutrition,Healthy Snacks,MFG014,Manufacturer 014,SUP006,Supplier 006,REG-343281,Generic Ingredient 106,General Sale,26,0,11,0.0,0.0,3230.7,Active Zero Sales,3230.7,High 100-299,1
SKU01199,Sample Product 01199,Active,2026-06,254.64,0.27,General Merchandise,Accessories,MFG020,Manufacturer 020,SUP015,Supplier 015,REG-162117,Generic Ingredient 098,General Sale,100,73,19,18588.72,5018.95,4838.16,Not Zero Sales,0.0,High 100-299,1
SKU01200,Sample Product 01200,Active,2026-02,60.34,0.299,Nutrition,Sports Nutrition,MFG009,Manufacturer 009,SUP028,Supplier 028,REG-663305,Generic Ingredient 074,General Sale,96,73,24,4404.82,1317.04,1448.16,Not Zero Sales,0.0,Medium 25-99,1
SKU01201,Sample Product 01201,Active,2026-04,20.6,0.365,Medical Devices,Monitoring Supplies,MFG005,Manufacturer 005,SUP009,Supplier 009,REG-262564,Generic Ingredient 026,General Sale,84,0,55,0.0,0.0,1133.0,Active Zero Sales,1133.0,Low < 25,1
SKU01202,Sample Product 01202,Active,2026-05,59.96,0.468,Personal Care,Hair Care,MFG014,Manufacturer 014,SUP026,Supplier 026,REG-632098,Generic Ingredient 044,General Sale,37,7,0,419.72,196.43,0.0,Not Zero Sales,0.0,Medium 25-99,1
SKU01203,Sample Product 01203,Blocked,2026-05,5.71,0.379,General Merchandise,Travel Health,MFG013,Manufacturer 013,SUP019,Supplier 019,REG-701924,Generic Ingredient 082,General Sale,53,0,7,0.0,0.0,39.97,Not Zero Sales,0.0,Low < 25,0
SKU01204,Sample Product 01204,Active,2026-04,14.71,0.307,Personal Care,Hygiene,MFG010,Manufacturer 010,SUP030,Supplier 030,REG-882624,Generic Ingredient 046,General Sale,52,2,4,29.42,9.03,58.84,Not Zero Sales,0.0,Low < 25,1
SKU01205,Sample Product 01205,Active,2026-06,106.91,0.348,Personal Care,Oral Care,MFG001,Manufacturer 001,SUP013,Supplier 013,REG-937855,Generic Ingredient 114,General Sale,55,15,0,1603.65,558.07,0.0,Not Zero Sales,0.0,High 100-299,1
SKU01206,Sample Product 01206,Active,2026-05,17.9,0.377,Personal Care,Hygiene,MFG004,Manufacturer 004,SUP024,Supplier 024,REG-818426,Generic Ingredient 148,General Sale,105,32,30,572.8,215.95,537.0,Not Zero Sales,0.0,Low < 25,1
SKU01207,Sample Product 01207,Active,2026-06,6.02,0.313,Nutrition,Sports Nutrition,MFG001,Manufacturer 001,SUP005,Supplier 005,REG-679810,Generic Ingredient 101,General Sale,43,23,0,138.46,43.34,0.0,Not Zero Sales,0.0,Low < 25,1
SKU01208,Sample Product 01208,Blocked,2026-04,15.33,0.414,General Merchandise,Travel Health,MFG016,Manufacturer 016,SUP019,Supplier 019,REG-501459,Generic Ingredient 180,Pharmacy Only,45,0,4,0.0,0.0,61.32,Not Zero Sales,0.0,Low < 25,0
SKU01209,Sample Product 01209,Active,2026-04,83.83,0.369,Nutrition,Healthy Snacks,MFG019,Manufacturer 019,SUP029,Supplier 029,REG-129954,Generic Ingredient 168,General Sale,13,16,2,1341.28,494.93,167.66,Not Zero Sales,0.0,Medium 25-99,1
SKU01210,Sample Product 01210,Active,2026-03,284.51,0.426,Nutrition,Hydration,MFG019,Manufacturer 019,SUP018,Supplier 018,REG-397426,Generic Ingredient 116,General Sale,55,14,5,3983.14,1696.82,1422.55,Not Zero Sales,0.0,High 100-299,1
SKU01211,Sample Product 01211,Active,2026-06,15.65,0.328,OTC & Wellness,Pain Relief,MFG010,Manufacturer 010,SUP005,Supplier 005,REG-743296,Generic Ingredient 098,General Sale,39,40,0,626.0,205.33,0.0,Not Zero Sales,0.0,Low < 25,1
SKU01212,Sample Product 01212,Blocked,2026-03,5.12,0.344,Personal Care,Hygiene,MFG015,Manufacturer 015,SUP021,Supplier 021,REG-417749,Generic Ingredient 044,General Sale,9,9,0,46.08,15.85,0.0,Not Zero Sales,0.0,Low < 25,0
SKU01213,Sample Product 01213,Active,2026-04,15.66,0.436,General Merchandise,Baby Essentials,MFG008,Manufacturer 008,SUP023,Supplier 023,REG-579067,Generic Ingredient 135,General Sale,25,23,11,360.18,157.04,172.26,Not Zero Sales,0.0,Low < 25,1
SKU01214,Sample Product 01214,Active,2026-06,8.71,0.389,Personal Care,Hygiene,MFG018,Manufacturer 018,SUP007,Supplier 007,REG-470217,Generic Ingredient 170,General Sale,82,37,14,322.27,125.36,121.94,Not Zero Sales,0.0,Low < 25,1
SKU01215,Sample Product 01215,Active,2026-05,289.37,0.466,Medical Devices,First Aid,MFG002,Manufacturer 002,SUP022,Supplier 022,REG-522540,Generic Ingredient 094,General Sale,193,120,23,34724.4,16181.57,6655.51,Not Zero Sales,0.0,High 100-299,1
SKU01216,Sample Product 01216,Blocked,2026-04,277.21,0.209,Personal Care,Hygiene,MFG020,Manufacturer 020,SUP017,Supplier 017,REG-586414,Generic Ingredient 120,General Sale,18,24,2,6653.04,1390.49,554.42,Not Zero Sales,0.0,High 100-299,0
SKU01217,Sample Product 01217,Active,2026-04,245.22,0.273,Nutrition,Hydration,MFG018,Manufacturer 018,SUP004,Supplier 004,REG-633852,Generic Ingredient 114,Pharmacy Only,115,67,20,16429.74,4485.32,4904.4,Not Zero Sales,0.0,High 100-299,1
SKU01218,Sample Product 01218,Active,2026-03,137.17,0.39,OTC & Wellness,Pain Relief,MFG007,Manufacturer 007,SUP007,Supplier 007,REG-922218,Generic Ingredient 179,General Sale,155,95,42,13031.15,5082.15,5761.14,Not Zero Sales,0.0,High 100-299,1
SKU01219,Sample Product 01219,Active,2026-06,14.65,0.215,Medical Devices,Monitoring Supplies,MFG016,Manufacturer 016,SUP006,Supplier 006,REG-872625,Generic Ingredient 008,General Sale,28,14,24,205.1,44.1,351.6,Not Zero Sales,0.0,Low < 25,1
SKU01220,Sample Product 01220,Blocked,2026-04,30.0,0.233,Personal Care,Skin Care,MFG004,Manufacturer 004,SUP019,Supplier 019,REG-977738,Generic Ingredient 093,General Sale,98,35,15,1050.0,244.65,450.0,Not Zero Sales,0.0,Medium 25-99,0
SKU01221,Sample Product 01221,Active,2026-04,25.19,0.303,OTC & Wellness,Vitamins,MFG008,Manufacturer 008,SUP023,Supplier 023,REG-484206,Generic Ingredient 146,General Sale,50,29,14,730.51,221.34,352.66,Not Zero Sales,0.0,Medium 25-99,1
SKU01222,Sample Product 01222,Active,2026-05,43.09,0.326,Nutrition,Hydration,MFG018,Manufacturer 018,SUP019,Supplier 019,REG-684995,Generic Ingredient 051,Pharmacy Only,7,17,0,732.53,238.8,0.0,Not Zero Sales,0.0,Medium 25-99,1
SKU01223,Sample Product 01223,Active,2026-02,155.4,0.38,OTC & Wellness,Pain Relief,MFG011,Manufacturer 011,SUP029,Supplier 029,REG-202892,Generic Ingredient 122,Pharmacy Only,47,0,5,0.0,0.0,777.0,Active Zero Sales,777.0,High 100-299,1
SKU01224,Sample Product 01224,Active,2026-06,17.68,0.508,Personal Care,Hair Care,MFG003,Manufacturer 003,SUP003,Supplier 003,REG-887797,Generic Ingredient 162,General Sale,85,35,0,618.8,314.35,0.0,Not Zero Sales,0.0,Low < 25,1
SKU01225,Sample Product 01225,Blocked,2026-03,8.35,0.278,Nutrition,Sports Nutrition,MFG014,Manufacturer 014,SUP010,Supplier 010,REG-996204,Generic Ingredient 051,General Sale,0,0,0,0.0,0.0,0.0,Not Zero Sales,0.0,Low < 25,0
SKU01226,Sample Product 01226,Active,2026-03,10.34,0.329,Personal Care,Hair Care,MFG011,Manufacturer 011,SUP003,Supplier 003,REG-349829,Generic Ingredient 164,General Sale,70,26,13,268.84,88.45,134.42,Not Zero Sales,0.0,Low < 25,1
SKU01227,Sample Product 01227,Active,2026-02,11.83,0.499,OTC & Wellness,Cold & Allergy,MFG016,Manufacturer 016,SUP029,Supplier 029,REG-925314,Generic Ingredient 123,General Sale,14,6,17,70.98,35.42,201.11,Not Zero Sales,0.0,Low < 25,1
SKU01228,Sample Product 01228,Active,2026-06,51.13,0.381,OTC & Wellness,Digestive Care,MFG004,Manufacturer 004,SUP015,Supplier 015,REG-429763,Generic Ingredient 044,General Sale,69,21,0,1073.73,409.09,0.0,Not Zero Sales,0.0,Medium 25-99,1
SKU01229,Sample Product 01229,Blocked,2026-04,16.6,0.297,Personal Care,Hygiene,MFG002,Manufacturer 002,SUP013,Supplier 013,REG-384060,Generic Ingredient 105,Pharmacy Only,35,0,0,0.0,0.0,0.0,Not Zero Sales,0.0,Low < 25,0
SKU01230,Sample Product 01230,Active,2026-04,23.7,0.271,Nutrition,Hydration,MFG020,Manufacturer 020,SUP008,Supplier 008,REG-661637,Generic Ingredient 026,General Sale,73,15,10,355.5,96.34,237.0,Not Zero Sales,0.0,Low < 25,1
SKU01231,Sample Product 01231,Blocked,2026-06,55.62,0.259,Nutrition,Adult Nutrition,MFG012,Manufacturer 012,SUP028,Supplier 028,REG-382454,Generic Ingredient 134,Pharmacy Only,29,0,8,0.0,0.0,444.96,Not Zero Sales,0.0,Medium 25-99,0
SKU01232,Sample Product 01232,Active,2026-04,23.91,0.325,Personal Care,Skin Care,MFG005,Manufacturer 005,SUP024,Supplier 024,REG-526827,Generic Ingredient 044,General Sale,115,43,46,1028.13,334.14,1099.86,Not Zero Sales,0.0,Low < 25,1
SKU01233,Sample Product 01233,Blocked,2026-04,83.66,0.269,Medical Devices,Monitoring Supplies,MFG013,Manufacturer 013,SUP015,Supplier 015,REG-272070,Generic Ingredient 018,General Sale,21,0,0,0.0,0.0,0.0,Not Zero Sales,0.0,Medium 25-99,0
SKU01234,Sample Product 01234,Active,2026-06,55.38,0.273,Nutrition,Adult Nutrition,MFG014,Manufacturer 014,SUP004,Supplier 004,REG-449944,Generic Ingredient 080,General Sale,27,0,6,0.0,0.0,332.28,Active Zero Sales,332.28,Medium 25-99,1
SKU01235,Sample Product 01235,Active,2026-05,22.87,0.22,Medical Devices,First Aid,MFG018,Manufacturer 018,SUP007,Supplier 007,REG-288667,Generic Ingredient 016,General Sale,74,40,20,914.8,201.26,457.4,Not Zero Sales,0.0,Low < 25,1
SKU01236,Sample Product 01236,Blocked,2026-01,10.09,0.435,General Merchandise,Travel Health,MFG017,Manufacturer 017,SUP019,Supplier 019,REG-146305,Generic Ingredient 175,General Sale,0,0,0,0.0,0.0,0.0,Not Zero Sales,0.0,Low < 25,0
SKU01237,Sample Product 01237,Active,2026-06,13.0,0.43,Medical Devices,Home Diagnostics,MFG001,Manufacturer 001,SUP003,Supplier 003,REG-485387,Generic Ingredient 146,General Sale,12,22,0,286.0,122.98,0.0,Not Zero Sales,0.0,Low < 25,1
SKU01238,Sample Product 01238,Active,2026-03,9.6,0.292,Personal Care,Hygiene,MFG002,Manufacturer 002,SUP020,Supplier 020,REG-445325,Generic Ingredient 158,General Sale,81,0,49,0.0,0.0,470.4,Active Zero Sales,470.4,Low < 25,1
SKU01239,Sample Product 01239,Active,2026-05,16.64,0.303,General Merchandise,Seasonal Care,MFG015,Manufacturer 015,SUP001,Supplier 001,REG-636177,Generic Ingredient 089,General Sale,21,15,9,249.6,75.63,149.76,Not Zero Sales,0.0,Low < 25,1
SKU01240,Sample Product 01240,Active,2026-03,18.27,0.418,Personal Care,Skin Care,MFG012,Manufacturer 012,SUP002,Supplier 002,REG-562043,Generic Ingredient 165,General Sale,82,48,27,876.96,366.57,493.29,Not Zero Sales,0.0,Low < 25,1
SKU01241,Sample Product 01241,Active,2026-06,18.27,0.39,Nutrition,Sports Nutrition,MFG007,Manufacturer 007,SUP005,Supplier 005,REG-275072,Generic Ingredient 156,General Sale,33,35,0,639.45,249.39,0.0,Not Zero Sales,0.0,Low < 25,1
SKU01242,Sample Product 01242,Active,2026-03,6.01,0.373,Medical Devices,Mobility Aids,MFG019,Manufacturer 019,SUP011,Supplier 011,REG-595823,Generic Ingredient 019,General Sale,39,13,17,78.13,29.14,102.17,Not Zero Sales,0.0,Low < 25,1
SKU01243,Sample Product 01243,Active,2026-02,169.24,0.47,Personal Care,Skin Care,MFG016,Manufacturer 016,SUP027,Supplier 027,REG-483656,Generic Ingredient 153,General Sale,55,30,1,5077.2,2386.28,169.24,Not Zero Sales,0.0,High 100-299,1
SKU01244,Sample Product 01244,Blocked,2026-01,47.73,0.364,OTC & Wellness,Digestive Care,MFG010,Manufacturer 010,SUP020,Supplier 020,REG-488087,Generic Ingredient 010,General Sale,0,3,0,143.19,52.12,0.0,Not Zero Sales,0.0,Medium 25-99,0
SKU01245,Sample Product 01245,Active,2026-06,12.93,0.34,General Merchandise,Baby Essentials,MFG001,Manufacturer 001,SUP012,Supplier 012,REG-611717,Generic Ingredient 166,General Sale,1,11,0,142.23,48.36,0.0,Not Zero Sales,0.0,Low < 25,1
SKU01246,Sample Product 01246,Active,2026-04,79.08,0.204,Medical Devices,First Aid,MFG002,Manufacturer 002,SUP014,Supplier 014,REG-932053,Generic Ingredient 150,General Sale,90,34,24,2688.72,548.5,1897.92,Not Zero Sales,0.0,Medium 25-99,1
SKU01247,Sample Product 01247,Active,2026-05,90.16,0.286,General Merchandise,Accessories,MFG009,Manufacturer 009,SUP007,Supplier 007,REG-760983,Generic Ingredient 128,Pharmacy Only,91,36,34,3245.76,928.29,3065.44,Not Zero Sales,0.0,Medium 25-99,1
SKU01248,Sample Product 01248,Active,2026-03,52.19,0.292,Nutrition,Adult Nutrition,MFG009,Manufacturer 009,SUP021,Supplier 021,REG-327829,Generic Ingredient 024,General Sale,54,31,3,1617.89,472.42,156.57,Not Zero Sales,0.0,Medium 25-99,1
SKU01249,Sample Product 01249,Active,2026-02,19.88,0.244,Personal Care,Hygiene,MFG004,Manufacturer 004,SUP004,Supplier 004,REG-239282,Generic Ingredient 019,Restricted Sale,52,15,0,298.2,72.76,0.0,Not Zero Sales,0.0,Low < 25,1
SKU01250,Sample Product 01250,Active,2026-03,46.49,0.36,Nutrition,Adult Nutrition,MFG015,Manufacturer 015,SUP016,Supplier 016,REG-963661,Generic Ingredient 020,Pharmacy Only,54,33,14,1534.17,552.3,650.86,Not Zero Sales,0.0,Medium 25-99,1
SKU01251,Sample Product 01251,Blocked,2026-05,12.76,0.389,General Merchandise,Baby Essentials,MFG013,Manufacturer 013,SUP020,Supplier 020,REG-182292,Generic Ingredient 142,General Sale,44,0,0,0.0,0.0,0.0,Not Zero Sales,0.0,Low < 25,0
SKU01252,Sample Product 01252,Active,2026-05,152.78,0.396,Nutrition,Adult Nutrition,MFG018,Manufacturer 018,SUP027,Supplier 027,REG-230128,Generic Ingredient 138,Pharmacy Only,46,15,0,2291.7,907.51,0.0,Not Zero Sales,0.0,High 100-299,1
SKU01253,Sample Product 01253,Active,2026-03,210.32,0.419,Personal Care,Hygiene,MFG003,Manufacturer 003,SUP010,Supplier 010,REG-973671,Generic Ingredient 151,Pharmacy Only,19,5,23,1051.6,440.62,4837.36,Not Zero Sales,0.0,High 100-299,1
SKU01254,Sample Product 01254,Active,2026-02,55.4,0.331,General Merchandise,Seasonal Care,MFG011,Manufacturer 011,SUP021,Supplier 021,REG-511786,Generic Ingredient 087,General Sale,67,16,3,886.4,293.4,166.2,Not Zero Sales,0.0,Medium 25-99,1
SKU01255,Sample Product 01255,Active,2026-01,188.3,0.437,General Merchandise,Accessories,MFG006,Manufacturer 006,SUP016,Supplier 016,REG-609400,Generic Ingredient 109,General Sale,39,32,15,6025.6,2633.19,2824.5,Not Zero Sales,0.0,High 100-299,1
SKU01256,Sample Product 01256,Active,2026-02,10.64,0.374,Personal Care,Hair Care,MFG019,Manufacturer 019,SUP012,Supplier 012,REG-380424,Generic Ingredient 055,General Sale,112,46,24,489.44,183.05,255.36,Not Zero Sales,0.0,Low < 25,1
SKU01257,Sample Product 01257,Active,2026-03,237.31,0.325,Medical Devices,Monitoring Supplies,MFG020,Manufacturer 020,SUP004,Supplier 004,REG-847012,Generic Ingredient 133,General Sale,37,9,0,2135.79,694.13,0.0,Not Zero Sales,0.0,High 100-299,1
SKU01258,Sample Product 01258,Active,2026-02,165.5,0.466,General Merchandise,Baby Essentials,MFG006,Manufacturer 006,SUP025,Supplier 025,REG-365743,Generic Ingredient 058,General Sale,60,27,6,4468.5,2082.32,993.0,Not Zero Sales,0.0,High 100-299,1
SKU01259,Sample Product 01259,Blocked,2026-02,85.28,0.299,OTC & Wellness,Vitamins,MFG010,Manufacturer 010,SUP012,Supplier 012,REG-472377,Generic Ingredient 045,Pharmacy Only,32,0,0,0.0,0.0,0.0,Not Zero Sales,0.0,Medium 25-99,0
SKU01260,Sample Product 01260,Active,2026-05,22.19,0.599,Personal Care,Hair Care,MFG015,Manufacturer 015,SUP027,Supplier 027,REG-653703,Generic Ingredient 106,General Sale,84,50,13,1109.5,664.59,288.47,Not Zero Sales,0.0,Low < 25,1
SKU01261,Sample Product 01261,Blocked,2026-06,12.86,0.308,Nutrition,Healthy Snacks,MFG017,Manufacturer 017,SUP014,Supplier 014,REG-766758,Generic Ingredient 105,General Sale,2,0,0,0.0,0.0,0.0,Not Zero Sales,0.0,Low < 25,0
SKU01262,Sample Product 01262,Active,2026-05,192.42,0.345,General Merchandise,Seasonal Care,MFG011,Manufacturer 011,SUP027,Supplier 027,REG-544292,Generic Ingredient 003,General Sale,51,11,0,2116.62,730.23,0.0,Not Zero Sales,0.0,High 100-299,1
SKU01263,Sample Product 01263,Active,2026-02,220.14,0.32,OTC & Wellness,Cold & Allergy,MFG014,Manufacturer 014,SUP004,Supplier 004,REG-662596,Generic Ingredient 023,General Sale,71,72,9,15850.08,5072.03,1981.26,Not Zero Sales,0.0,High 100-299,1
SKU01264,Sample Product 01264,Active,2026-05,73.07,0.329,Nutrition,Adult Nutrition,MFG003,Manufacturer 003,SUP009,Supplier 009,REG-624414,Generic Ingredient 062,Pharmacy Only,44,35,15,2557.45,841.4,1096.05,Not Zero Sales,0.0,Medium 25-99,1
SKU01265,Sample Product 01265,Active,2026-01,20.58,0.368,Personal Care,Hair Care,MFG018,Manufacturer 018,SUP019,Supplier 019,REG-532609,Generic Ingredient 061,General Sale,62,5,13,102.9,37.87,267.54,Not Zero Sales,0.0,Low < 25,1
SKU01266,Sample Product 01266,Active,2026-01,67.54,0.371,OTC & Wellness,Cold & Allergy,MFG002,Manufacturer 002,SUP001,Supplier 001,REG-684135,Generic Ingredient 068,Pharmacy Only,54,14,0,945.56,350.8,0.0,Not Zero Sales,0.0,Medium 25-99,1
SKU01267,Sample Product 01267,Active,2026-03,202.28,0.245,Medical Devices,Home Diagnostics,MFG005,Manufacturer 005,SUP003,Supplier 003,REG-869152,Generic Ingredient 157,General Sale,53,24,0,4854.72,1189.41,0.0,Not Zero Sales,0.0,High 100-299,1
SKU01268,Sample Product 01268,Active,2026-01,367.61,0.413,Personal Care,Hygiene,MFG020,Manufacturer 020,SUP010,Supplier 010,REG-365020,Generic Ingredient 161,General Sale,76,26,15,9557.86,3947.4,5514.15,Not Zero Sales,0.0,Premium 300+,1
SKU01269,Sample Product 01269,Active,2026-01,284.09,0.404,OTC & Wellness,Vitamins,MFG013,Manufacturer 013,SUP018,Supplier 018,REG-915471,Generic Ingredient 045,General Sale,45,22,14,6249.98,2524.99,3977.26,Not Zero Sales,0.0,High 100-299,1
SKU01270,Sample Product 01270,Active,2026-01,20.72,0.328,OTC & Wellness,Cold & Allergy,MFG015,Manufacturer 015,SUP011,Supplier 011,REG-978998,Generic Ingredient 162,General Sale,48,29,10,600.88,197.09,207.2,Not Zero Sales,0.0,Low < 25,1
SKU01271,Sample Product 01271,Active,2026-04,71.17,0.294,Medical Devices,Home Diagnostics,MFG005,Manufacturer 005,SUP003,Supplier 003,REG-580075,Generic Ingredient 056,General Sale,60,0,41,0.0,0.0,2917.97,Active Zero Sales,2917.97,Medium 25-99,1
SKU01272,Sample Product 01272,Active,2026-05,126.77,0.275,Medical Devices,Mobility Aids,MFG002,Manufacturer 002,SUP011,Supplier 011,REG-443139,Generic Ingredient 134,General Sale,50,0,24,0.0,0.0,3042.48,Active Zero Sales,3042.48,High 100-299,1
SKU01273,Sample Product 01273,Active,2026-05,10.25,0.384,OTC & Wellness,Pain Relief,MFG004,Manufacturer 004,SUP004,Supplier 004,REG-999299,Generic Ingredient 107,General Sale,61,23,13,235.75,90.53,133.25,Not Zero Sales,0.0,Low < 25,1
SKU01274,Sample Product 01274,Active,2026-02,69.48,0.392,Personal Care,Skin Care,MFG013,Manufacturer 013,SUP026,Supplier 026,REG-381942,Generic Ingredient 016,General Sale,45,21,3,1459.08,571.96,208.44,Not Zero Sales,0.0,Medium 25-99,1
SKU01275,Sample Product 01275,Active,2026-06,66.12,0.259,Medical Devices,Home Diagnostics,MFG004,Manufacturer 004,SUP003,Supplier 003,REG-165373,Generic Ingredient 061,General Sale,26,7,0,462.84,119.88,0.0,Not Zero Sales,0.0,Medium 25-99,1
SKU01276,Sample Product 01276,Active,2026-01,625.37,0.244,Medical Devices,First Aid,MFG013,Manufacturer 013,SUP009,Supplier 009,REG-972309,Generic Ingredient 084,General Sale,106,54,24,33769.98,8239.88,15008.88,Not Zero Sales,0.0,Premium 300+,1
SKU01277,Sample Product 01277,Blocked,2026-04,5.83,0.306,Medical Devices,Monitoring Supplies,MFG007,Manufacturer 007,SUP014,Supplier 014,REG-597836,Generic Ingredient 061,General Sale,0,0,0,0.0,0.0,0.0,Not Zero Sales,0.0,Low < 25,0
SKU01278,Sample Product 01278,Blocked,2026-05,81.94,0.19,Nutrition,Healthy Snacks,MFG006,Manufacturer 006,SUP022,Supplier 022,REG-684344,Generic Ingredient 042,Pharmacy Only,28,0,10,0.0,0.0,819.4,Not Zero Sales,0.0,Medium 25-99,0
SKU01279,Sample Product 01279,Active,2026-06,11.09,0.448,Medical Devices,Mobility Aids,MFG003,Manufacturer 003,SUP011,Supplier 011,REG-575596,Generic Ingredient 082,Pharmacy Only,58,13,8,144.17,64.59,88.72,Not Zero Sales,0.0,Low < 25,1
SKU01280,Sample Product 01280,Active,2026-01,63.46,0.375,General Merchandise,Travel Health,MFG011,Manufacturer 011,SUP019,Supplier 019,REG-914051,Generic Ingredient 039,General Sale,81,46,18,2919.16,1094.69,1142.28,Not Zero Sales,0.0,Medium 25-99,1
SKU01281,Sample Product 01281,Blocked,2026-03,324.31,0.303,Nutrition,Hydration,MFG012,Manufacturer 012,SUP027,Supplier 027,REG-384125,Generic Ingredient 006,General Sale,26,0,1,0.0,0.0,324.31,Not Zero Sales,0.0,Premium 300+,0
SKU01282,Sample Product 01282,Blocked,2026-04,409.37,0.34,Medical Devices,Home Diagnostics,MFG017,Manufacturer 017,SUP003,Supplier 003,REG-850541,Generic Ingredient 125,Pharmacy Only,42,0,0,0.0,0.0,0.0,Not Zero Sales,0.0,Premium 300+,0
SKU01283,Sample Product 01283,Blocked,2026-01,281.36,0.177,General Merchandise,Accessories,MFG007,Manufacturer 007,SUP021,Supplier 021,REG-442518,Generic Ingredient 001,General Sale,19,0,0,0.0,0.0,0.0,Not Zero Sales,0.0,High 100-299,0
SKU01284,Sample Product 01284,Active,2026-06,195.35,0.255,Nutrition,Hydration,MFG018,Manufacturer 018,SUP026,Supplier 026,REG-146989,Generic Ingredient 037,Pharmacy Only,39,5,0,976.75,249.07,0.0,Not Zero Sales,0.0,High 100-299,1
SKU01285,Sample Product 01285,Blocked,2026-02,182.33,0.391,Personal Care,Oral Care,MFG003,Manufacturer 003,SUP015,Supplier 015,REG-563764,Generic Ingredient 052,Pharmacy Only,22,0,9,0.0,0.0,1640.97,Not Zero Sales,0.0,High 100-299,0
SKU01286,Sample Product 01286,Active,2026-02,163.59,0.295,Nutrition,Hydration,MFG011,Manufacturer 011,SUP027,Supplier 027,REG-937340,Generic Ingredient 116,General Sale,56,5,19,817.95,241.3,3108.21,Not Zero Sales,0.0,High 100-299,1
SKU01287,Sample Product 01287,Active,2026-06,112.49,0.417,Personal Care,Oral Care,MFG003,Manufacturer 003,SUP006,Supplier 006,REG-116655,Generic Ingredient 176,General Sale,75,34,25,3824.66,1594.88,2812.25,Not Zero Sales,0.0,High 100-299,1
SKU01288,Sample Product 01288,Active,2026-03,78.93,0.413,Personal Care,Hygiene,MFG016,Manufacturer 016,SUP006,Supplier 006,REG-752889,Generic Ingredient 073,General Sale,99,56,5,4420.08,1825.49,394.65,Not Zero Sales,0.0,Medium 25-99,1
SKU01289,Sample Product 01289,Active,2026-04,129.77,0.214,Nutrition,Sports Nutrition,MFG001,Manufacturer 001,SUP005,Supplier 005,REG-332312,Generic Ingredient 150,General Sale,58,32,0,4152.64,888.66,0.0,Not Zero Sales,0.0,High 100-299,1
SKU01290,Sample Product 01290,Active,2026-05,19.48,0.167,General Merchandise,Accessories,MFG009,Manufacturer 009,SUP018,Supplier 018,REG-585258,Generic Ingredient 142,General Sale,75,21,24,409.08,68.32,467.52,Not Zero Sales,0.0,Low < 25,1
SKU01291,Sample Product 01291,Active,2026-04,66.69,0.312,Medical Devices,Home Diagnostics,MFG005,Manufacturer 005,SUP003,Supplier 003,REG-426255,Generic Ingredient 023,General Sale,73,23,19,1533.87,478.57,1267.11,Not Zero Sales,0.0,Medium 25-99,1
SKU01292,Sample Product 01292,Active,2026-03,8.44,0.384,Personal Care,Oral Care,MFG012,Manufacturer 012,SUP030,Supplier 030,REG-197874,Generic Ingredient 021,Pharmacy Only,22,26,3,219.44,84.26,25.32,Not Zero Sales,0.0,Low < 25,1
SKU01293,Sample Product 01293,Active,2026-02,11.29,0.354,OTC & Wellness,Cold & Allergy,MFG006,Manufacturer 006,SUP013,Supplier 013,REG-741666,Generic Ingredient 145,General Sale,59,0,57,0.0,0.0,643.53,Active Zero Sales,643.53,Low < 25,1
SKU01294,Sample Product 01294,Active,2026-05,182.32,0.334,OTC & Wellness,Cold & Allergy,MFG020,Manufacturer 020,SUP007,Supplier 007,REG-221346,Generic Ingredient 070,General Sale,168,98,42,17867.36,5967.7,7657.44,Not Zero Sales,0.0,High 100-299,1
SKU01295,Sample Product 01295,Active,2026-06,6.64,0.259,Personal Care,Oral Care,MFG016,Manufacturer 016,SUP001,Supplier 001,REG-221761,Generic Ingredient 125,Pharmacy Only,44,30,17,199.2,51.59,112.88,Not Zero Sales,0.0,Low < 25,1
SKU01296,Sample Product 01296,Active,2026-01,13.24,0.25,General Merchandise,Seasonal Care,MFG002,Manufacturer 002,SUP015,Supplier 015,REG-511880,Generic Ingredient 059,General Sale,58,18,29,238.32,59.58,383.96,Not Zero Sales,0.0,Low < 25,1
SKU01297,Sample Product 01297,Active,2026-03,14.43,0.292,General Merchandise,Seasonal Care,MFG007,Manufacturer 007,SUP021,Supplier 021,REG-214602,Generic Ingredient 015,General Sale,142,104,40,1500.72,438.21,577.2,Not Zero Sales,0.0,Low < 25,1
SKU01298,Sample Product 01298,Active,2026-05,154.81,0.387,Medical Devices,Home Diagnostics,MFG008,Manufacturer 008,SUP003,Supplier 003,REG-137968,Generic Ingredient 025,General Sale,112,52,21,8050.12,3115.4,3251.01,Not Zero Sales,0.0,High 100-299,1
SKU01299,Sample Product 01299,Active,2026-06,263.77,0.249,General Merchandise,Accessories,MFG020,Manufacturer 020,SUP004,Supplier 004,REG-338158,Generic Ingredient 013,Restricted Sale,62,0,32,0.0,0.0,8440.64,Active Zero Sales,8440.64,High 100-299,1
SKU01300,Sample Product 01300,Active,2026-05,6.5,0.266,Nutrition,Adult Nutrition,MFG001,Manufacturer 001,SUP004,Supplier 004,REG-796759,Generic Ingredient 059,General Sale,55,0,57,0.0,0.0,370.5,Active Zero Sales,370.5,Low < 25,1
SKU01301,Sample Product 01301,Active,2026-06,14.18,0.149,OTC & Wellness,Digestive Care,MFG011,Manufacturer 011,SUP012,Supplier 012,REG-264457,Generic Ingredient 062,Restricted Sale,47,27,0,382.86,57.05,0.0,Not Zero Sales,0.0,Low < 25,1
SKU01302,Sample Product 01302,Active,2026-01,21.28,0.477,Personal Care,Skin Care,MFG009,Manufacturer 009,SUP012,Supplier 012,REG-902160,Generic Ingredient 150,Pharmacy Only,46,0,0,0.0,0.0,0.0,Active Zero Sales,0.0,Low < 25,1
SKU01303,Sample Product 01303,Active,2026-02,295.42,0.258,OTC & Wellness,Pain Relief,MFG016,Manufacturer 016,SUP017,Supplier 017,REG-409544,Generic Ingredient 100,Pharmacy Only,103,59,15,17429.78,4496.88,4431.3,Not Zero Sales,0.0,High 100-299,1
SKU01304,Sample Product 01304,Active,2026-05,238.06,0.159,Nutrition,Sports Nutrition,MFG016,Manufacturer 016,SUP009,Supplier 009,REG-868585,Generic Ingredient 149,General Sale,75,14,26,3332.84,529.92,6189.56,Not Zero Sales,0.0,High 100-299,1
SKU01305,Sample Product 01305,Active,2026-05,274.73,0.32,Nutrition,Hydration,MFG008,Manufacturer 008,SUP012,Supplier 012,REG-990533,Generic Ingredient 053,General Sale,73,17,20,4670.41,1494.53,5494.6,Not Zero Sales,0.0,High 100-299,1
SKU01306,Sample Product 01306,Active,2026-01,37.15,0.473,Personal Care,Hygiene,MFG009,Manufacturer 009,SUP009,Supplier 009,REG-708726,Generic Ingredient 068,General Sale,13,0,2,0.0,0.0,74.3,Active Zero Sales,74.3,Medium 25-99,1
SKU01307,Sample Product 01307,Active,2026-05,38.81,0.255,Nutrition,Hydration,MFG009,Manufacturer 009,SUP012,Supplier 012,REG-462440,Generic Ingredient 124,General Sale,70,9,12,349.29,89.07,465.72,Not Zero Sales,0.0,Medium 25-99,1
SKU01308,Sample Product 01308,Active,2026-05,20.23,0.295,Medical Devices,First Aid,MFG002,Manufacturer 002,SUP030,Supplier 030,REG-221658,Generic Ingredient 174,Pharmacy Only,24,10,20,202.3,59.68,404.6,Not Zero Sales,0.0,Low < 25,1
SKU01309,Sample Product 01309,Active,2026-03,40.9,0.338,General Merchandise,Baby Essentials,MFG015,Manufacturer 015,SUP022,Supplier 022,REG-698407,Generic Ingredient 164,General Sale,63,34,25,1390.6,470.02,1022.5,Not Zero Sales,0.0,Medium 25-99,1
SKU01310,Sample Product 01310,Active,2026-02,12.67,0.304,OTC & Wellness,Cold & Allergy,MFG003,Manufacturer 003,SUP009,Supplier 009,REG-491821,Generic Ingredient 070,General Sale,26,30,6,380.1,115.55,76.02,Not Zero Sales,0.0,Low < 25,1
SKU01311,Sample Product 01311,Active,2026-06,5.4,0.192,General Merchandise,Seasonal Care,MFG011,Manufacturer 011,SUP020,Supplier 020,REG-256789,Generic Ingredient 147,General Sale,75,21,17,113.4,21.77,91.8,Not Zero Sales,0.0,Low < 25,1
SKU01312,Sample Product 01312,Active,2026-06,294.41,0.353,General Merchandise,Seasonal Care,MFG020,Manufacturer 020,SUP028,Supplier 028,REG-144170,Generic Ingredient 048,General Sale,164,130,40,38273.3,13510.47,11776.4,Not Zero Sales,0.0,High 100-299,1
SKU01313,Sample Product 01313,Active,2026-03,190.93,0.257,Nutrition,Hydration,MFG017,Manufacturer 017,SUP006,Supplier 006,REG-412804,Generic Ingredient 159,General Sale,90,41,21,7828.13,2011.83,4009.53,Not Zero Sales,0.0,High 100-299,1
SKU01314,Sample Product 01314,Active,2026-05,76.41,0.431,General Merchandise,Travel Health,MFG013,Manufacturer 013,SUP019,Supplier 019,REG-736168,Generic Ingredient 099,Pharmacy Only,40,20,0,1528.2,658.65,0.0,Not Zero Sales,0.0,Medium 25-99,1
SKU01315,Sample Product 01315,Active,2026-02,108.64,0.317,Medical Devices,Home Diagnostics,MFG006,Manufacturer 006,SUP003,Supplier 003,REG-773376,Generic Ingredient 023,General Sale,14,14,0,1520.96,482.14,0.0,Not Zero Sales,0.0,High 100-299,1
SKU01316,Sample Product 01316,Active,2026-04,17.6,0.264,OTC & Wellness,Cold & Allergy,MFG012,Manufacturer 012,SUP003,Supplier 003,REG-823191,Generic Ingredient 036,General Sale,59,13,10,228.8,60.4,176.0,Not Zero Sales,0.0,Low < 25,1
SKU01317,Sample Product 01317,Blocked,2026-02,81.68,0.295,Medical Devices,Home Diagnostics,MFG007,Manufacturer 007,SUP003,Supplier 003,REG-923811,Generic Ingredient 057,General Sale,15,7,12,571.76,168.67,980.16,Not Zero Sales,0.0,Medium 25-99,0
SKU01318,Sample Product 01318,Blocked,2026-04,27.0,0.378,Personal Care,Hair Care,MFG014,Manufacturer 014,SUP020,Supplier 020,REG-126906,Generic Ingredient 047,General Sale,47,0,0,0.0,0.0,0.0,Not Zero Sales,0.0,Medium 25-99,0
SKU01319,Sample Product 01319,Active,2026-04,82.66,0.245,Nutrition,Sports Nutrition,MFG012,Manufacturer 012,SUP007,Supplier 007,REG-553820,Generic Ingredient 089,General Sale,43,16,0,1322.56,324.03,0.0,Not Zero Sales,0.0,Medium 25-99,1
SKU01320,Sample Product 01320,Active,2026-05,54.62,0.283,General Merchandise,Baby Essentials,MFG010,Manufacturer 010,SUP002,Supplier 002,REG-311664,Generic Ingredient 176,General Sale,92,0,50,0.0,0.0,2731.0,Active Zero Sales,2731.0,Medium 25-99,1
SKU01321,Sample Product 01321,Active,2026-01,149.44,0.337,General Merchandise,Travel Health,MFG017,Manufacturer 017,SUP019,Supplier 019,REG-590962,Generic Ingredient 063,General Sale,21,14,1,2092.16,705.06,149.44,Not Zero Sales,0.0,High 100-299,1
SKU01322,Sample Product 01322,Active,2026-02,189.72,0.157,General Merchandise,Travel Health,MFG006,Manufacturer 006,SUP019,Supplier 019,REG-243752,Generic Ingredient 097,General Sale,48,10,11,1897.2,297.86,2086.92,Not Zero Sales,0.0,High 100-299,1
SKU01323,Sample Product 01323,Active,2026-06,40.1,0.22,OTC & Wellness,Cold & Allergy,MFG004,Manufacturer 004,SUP003,Supplier 003,REG-276808,Generic Ingredient 093,Pharmacy Only,88,33,9,1323.3,291.13,360.9,Not Zero Sales,0.0,Medium 25-99,1
SKU01324,Sample Product 01324,Blocked,2026-05,19.95,0.398,Personal Care,Skin Care,MFG013,Manufacturer 013,SUP013,Supplier 013,REG-448511,Generic Ingredient 164,General Sale,27,0,0,0.0,0.0,0.0,Not Zero Sales,0.0,Low < 25,0
SKU01325,Sample Product 01325,Active,2026-03,37.74,0.275,OTC & Wellness,Digestive Care,MFG007,Manufacturer 007,SUP014,Supplier 014,REG-569498,Generic Ingredient 071,General Sale,29,10,8,377.4,103.79,301.92,Not Zero Sales,0.0,Medium 25-99,1
SKU01326,Sample Product 01326,Active,2026-04,40.18,0.493,Personal Care,Hair Care,MFG013,Manufacturer 013,SUP027,Supplier 027,REG-263420,Generic Ingredient 113,General Sale,23,7,6,281.26,138.66,241.08,Not Zero Sales,0.0,Medium 25-99,1
SKU01327,Sample Product 01327,Active,2026-06,598.06,0.214,Medical Devices,Home Diagnostics,MFG014,Manufacturer 014,SUP003,Supplier 003,REG-570914,Generic Ingredient 070,Pharmacy Only,84,56,33,33491.36,7167.15,19735.98,Not Zero Sales,0.0,Premium 300+,1
SKU01328,Sample Product 01328,Active,2026-04,55.77,0.293,Personal Care,Hair Care,MFG009,Manufacturer 009,SUP018,Supplier 018,REG-629246,Generic Ingredient 104,General Sale,206,118,68,6580.86,1928.19,3792.36,Not Zero Sales,0.0,Medium 25-99,1
SKU01329,Sample Product 01329,Active,2026-01,6.74,0.325,Personal Care,Hygiene,MFG003,Manufacturer 003,SUP022,Supplier 022,REG-204100,Generic Ingredient 096,General Sale,77,22,11,148.28,48.19,74.14,Not Zero Sales,0.0,Low < 25,1
SKU01330,Sample Product 01330,Blocked,2026-01,73.72,0.351,Personal Care,Oral Care,MFG015,Manufacturer 015,SUP015,Supplier 015,REG-581014,Generic Ingredient 131,General Sale,71,28,0,2064.16,724.52,0.0,Not Zero Sales,0.0,Medium 25-99,0
SKU01331,Sample Product 01331,Blocked,2026-02,14.88,0.351,Nutrition,Healthy Snacks,MFG008,Manufacturer 008,SUP002,Supplier 002,REG-741972,Generic Ingredient 098,General Sale,41,0,0,0.0,0.0,0.0,Not Zero Sales,0.0,Low < 25,0
SKU01332,Sample Product 01332,Active,2026-06,31.73,0.43,OTC & Wellness,Vitamins,MFG001,Manufacturer 001,SUP028,Supplier 028,REG-892016,Generic Ingredient 046,General Sale,37,32,0,1015.36,436.6,0.0,Not Zero Sales,0.0,Medium 25-99,1
SKU01333,Sample Product 01333,Active,2026-03,109.56,0.309,OTC & Wellness,Vitamins,MFG002,Manufacturer 002,SUP008,Supplier 008,REG-991402,Generic Ingredient 167,General Sale,94,32,20,3505.92,1083.33,2191.2,Not Zero Sales,0.0,High 100-299,1
SKU01334,Sample Product 01334,Active,2026-02,89.86,0.347,Medical Devices,Monitoring Supplies,MFG018,Manufacturer 018,SUP018,Supplier 018,REG-934088,Generic Ingredient 024,General Sale,93,39,10,3504.54,1216.08,898.6,Not Zero Sales,0.0,Medium 25-99,1
SKU01335,Sample Product 01335,Active,2026-04,95.42,0.436,General Merchandise,Travel Health,MFG004,Manufacturer 004,SUP019,Supplier 019,REG-320476,Generic Ingredient 025,Pharmacy Only,38,0,7,0.0,0.0,667.94,Active Zero Sales,667.94,Medium 25-99,1
SKU01336,Sample Product 01336,Active,2026-04,66.91,0.228,Nutrition,Healthy Snacks,MFG014,Manufacturer 014,SUP006,Supplier 006,REG-304461,Generic Ingredient 094,General Sale,294,199,73,13315.09,3035.84,4884.43,Not Zero Sales,0.0,Medium 25-99,1
SKU01337,Sample Product 01337,Active,2026-04,382.07,0.33,Medical Devices,First Aid,MFG017,Manufacturer 017,SUP026,Supplier 026,REG-967886,Generic Ingredient 033,General Sale,195,117,42,44702.19,14751.72,16046.94,Not Zero Sales,0.0,Premium 300+,1
SKU01338,Sample Product 01338,Active,2026-01,16.42,0.34,Nutrition,Hydration,MFG002,Manufacturer 002,SUP004,Supplier 004,REG-954691,Generic Ingredient 172,General Sale,67,10,9,164.2,55.83,147.78,Not Zero Sales,0.0,Low < 25,1
SKU01339,Sample Product 01339,Active,2026-04,19.4,0.404,Personal Care,Hair Care,MFG017,Manufacturer 017,SUP005,Supplier 005,REG-825043,Generic Ingredient 078,General Sale,71,23,0,446.2,180.26,0.0,Not Zero Sales,0.0,Low < 25,1
SKU01340,Sample Product 01340,Active,2026-02,226.11,0.211,OTC & Wellness,Pain Relief,MFG016,Manufacturer 016,SUP008,Supplier 008,REG-289231,Generic Ingredient 113,General Sale,46,25,0,5652.75,1192.73,0.0,Not Zero Sales,0.0,High 100-299,1
SKU01341,Sample Product 01341,Active,2026-01,153.43,0.284,Nutrition,Healthy Snacks,MFG008,Manufacturer 008,SUP013,Supplier 013,REG-332530,Generic Ingredient 151,General Sale,48,12,0,1841.16,522.89,0.0,Not Zero Sales,0.0,High 100-299,1
SKU01342,Sample Product 01342,Blocked,2026-02,91.58,0.422,Personal Care,Skin Care,MFG006,Manufacturer 006,SUP010,Supplier 010,REG-998178,Generic Ingredient 010,Restricted Sale,30,31,0,2838.98,1198.05,0.0,Not Zero Sales,0.0,Medium 25-99,0
SKU01343,Sample Product 01343,Active,2026-03,16.03,0.374,General Merchandise,Accessories,MFG016,Manufacturer 016,SUP022,Supplier 022,REG-864949,Generic Ingredient 130,General Sale,34,34,2,545.02,203.84,32.06,Not Zero Sales,0.0,Low < 25,1
SKU01344,Sample Product 01344,Active,2026-01,423.11,0.35,Nutrition,Hydration,MFG011,Manufacturer 011,SUP023,Supplier 023,REG-687295,Generic Ingredient 056,General Sale,71,38,0,16078.18,5627.36,0.0,Not Zero Sales,0.0,Premium 300+,1
SKU01345,Sample Product 01345,Active,2026-01,49.16,0.346,General Merchandise,Accessories,MFG007,Manufacturer 007,SUP012,Supplier 012,REG-927580,Generic Ingredient 147,General Sale,49,25,4,1229.0,425.23,196.64,Not Zero Sales,0.0,Medium 25-99,1
SKU01346,Sample Product 01346,Blocked,2026-03,43.66,0.333,Personal Care,Hygiene,MFG012,Manufacturer 012,SUP009,Supplier 009,REG-879218,Generic Ingredient 096,General Sale,30,0,0,0.0,0.0,0.0,Not Zero Sales,0.0,Medium 25-99,0
SKU01347,Sample Product 01347,Active,2026-01,93.2,0.219,Nutrition,Adult Nutrition,MFG006,Manufacturer 006,SUP028,Supplier 028,REG-142969,Generic Ingredient 045,Pharmacy Only,25,7,2,652.4,142.88,186.4,Not Zero Sales,0.0,Medium 25-99,1
SKU01348,Sample Product 01348,Active,2026-02,73.58,0.436,Personal Care,Hygiene,MFG012,Manufacturer 012,SUP011,Supplier 011,REG-508024,Generic Ingredient 025,General Sale,92,72,13,5297.76,2309.82,956.54,Not Zero Sales,0.0,Medium 25-99,1
SKU01349,Sample Product 01349,Active,2026-03,48.13,0.338,Nutrition,Sports Nutrition,MFG005,Manufacturer 005,SUP022,Supplier 022,REG-936022,Generic Ingredient 013,Restricted Sale,83,27,18,1299.51,439.23,866.34,Not Zero Sales,0.0,Medium 25-99,1
SKU01350,Sample Product 01350,Active,2026-05,67.87,0.267,General Merchandise,Seasonal Care,MFG003,Manufacturer 003,SUP013,Supplier 013,REG-651736,Generic Ingredient 031,General Sale,72,9,17,610.83,163.09,1153.79,Not Zero Sales,0.0,Medium 25-99,1
SKU01351,Sample Product 01351,Blocked,2026-03,550.17,0.409,OTC & Wellness,Digestive Care,MFG010,Manufacturer 010,SUP011,Supplier 011,REG-127492,Generic Ingredient 073,General Sale,66,20,0,11003.4,4500.39,0.0,Not Zero Sales,0.0,Premium 300+,0
SKU01352,Sample Product 01352,Active,2026-05,130.72,0.277,Nutrition,Hydration,MFG007,Manufacturer 007,SUP013,Supplier 013,REG-927529,Generic Ingredient 001,Pharmacy Only,12,8,2,1045.76,289.68,261.44,Not Zero Sales,0.0,High 100-299,1
SKU01353,Sample Product 01353,Active,2026-01,97.11,0.47,General Merchandise,Baby Essentials,MFG006,Manufacturer 006,SUP009,Supplier 009,REG-947484,Generic Ingredient 168,General Sale,74,18,16,1747.98,821.55,1553.76,Not Zero Sales,0.0,Medium 25-99,1
SKU01354,Sample Product 01354,Active,2026-02,216.49,0.269,OTC & Wellness,Pain Relief,MFG017,Manufacturer 017,SUP007,Supplier 007,REG-598456,Generic Ingredient 063,General Sale,88,12,27,2597.88,698.83,5845.23,Not Zero Sales,0.0,High 100-299,1
SKU01355,Sample Product 01355,Active,2026-01,103.51,0.31,Nutrition,Adult Nutrition,MFG003,Manufacturer 003,SUP014,Supplier 014,REG-772701,Generic Ingredient 106,Pharmacy Only,70,57,7,5900.07,1829.02,724.57,Not Zero Sales,0.0,High 100-299,1
SKU01356,Sample Product 01356,Active,2026-05,90.09,0.461,OTC & Wellness,Vitamins,MFG010,Manufacturer 010,SUP021,Supplier 021,REG-296375,Generic Ingredient 097,General Sale,51,0,11,0.0,0.0,990.99,Active Zero Sales,990.99,Medium 25-99,1
SKU01357,Sample Product 01357,Active,2026-02,92.96,0.415,Personal Care,Oral Care,MFG014,Manufacturer 014,SUP019,Supplier 019,REG-910586,Generic Ingredient 060,General Sale,4,14,0,1301.44,540.1,0.0,Not Zero Sales,0.0,Medium 25-99,1
SKU01358,Sample Product 01358,Blocked,2026-03,18.4,0.503,General Merchandise,Accessories,MFG018,Manufacturer 018,SUP013,Supplier 013,REG-675499,Generic Ingredient 148,Restricted Sale,40,17,0,312.8,157.34,0.0,Not Zero Sales,0.0,Low < 25,0
SKU01359,Sample Product 01359,Active,2026-05,131.37,0.427,OTC & Wellness,Digestive Care,MFG019,Manufacturer 019,SUP001,Supplier 001,REG-369978,Generic Ingredient 080,Pharmacy Only,87,11,30,1445.07,617.04,3941.1,Not Zero Sales,0.0,High 100-299,1
SKU01360,Sample Product 01360,Active,2026-06,593.18,0.451,Personal Care,Oral Care,MFG015,Manufacturer 015,SUP012,Supplier 012,REG-506406,Generic Ingredient 010,General Sale,62,21,0,12456.78,5618.01,0.0,Not Zero Sales,0.0,Premium 300+,1
SKU01361,Sample Product 01361,Active,2026-02,13.76,0.288,OTC & Wellness,Pain Relief,MFG011,Manufacturer 011,SUP009,Supplier 009,REG-570303,Generic Ingredient 118,General Sale,144,103,41,1417.28,408.18,564.16,Not Zero Sales,0.0,Low < 25,1
SKU01362,Sample Product 01362,Blocked,2026-02,194.78,0.461,Personal Care,Skin Care,MFG011,Manufacturer 011,SUP019,Supplier 019,REG-868117,Generic Ingredient 072,General Sale,7,0,0,0.0,0.0,0.0,Not Zero Sales,0.0,High 100-299,0
SKU01363,Sample Product 01363,Active,2026-03,160.48,0.439,Nutrition,Adult Nutrition,MFG002,Manufacturer 002,SUP024,Supplier 024,REG-735066,Generic Ingredient 037,General Sale,52,14,0,2246.72,986.31,0.0,Not Zero Sales,0.0,High 100-299,1
SKU01364,Sample Product 01364,Blocked,2026-06,20.88,0.428,Personal Care,Oral Care,MFG017,Manufacturer 017,SUP006,Supplier 006,REG-827064,Generic Ingredient 115,Pharmacy Only,17,0,18,0.0,0.0,375.84,Not Zero Sales,0.0,Low < 25,0
SKU01365,Sample Product 01365,Blocked,2026-01,259.83,0.295,Medical Devices,Monitoring Supplies,MFG012,Manufacturer 012,SUP003,Supplier 003,REG-281087,Generic Ingredient 127,General Sale,50,0,0,0.0,0.0,0.0,Not Zero Sales,0.0,High 100-299,0
SKU01366,Sample Product 01366,Active,2026-05,9.34,0.43,Personal Care,Skin Care,MFG018,Manufacturer 018,SUP019,Supplier 019,REG-205063,Generic Ingredient 134,Pharmacy Only,113,65,18,607.1,261.05,168.12,Not Zero Sales,0.0,Low < 25,1
SKU01367,Sample Product 01367,Active,2026-05,269.19,0.395,Nutrition,Adult Nutrition,MFG012,Manufacturer 012,SUP023,Supplier 023,REG-811137,Generic Ingredient 058,Pharmacy Only,51,18,18,4845.42,1913.94,4845.42,Not Zero Sales,0.0,High 100-299,1
SKU01368,Sample Product 01368,Active,2026-05,31.5,0.409,Personal Care,Hygiene,MFG017,Manufacturer 017,SUP009,Supplier 009,REG-760735,Generic Ingredient 107,General Sale,68,42,29,1323.0,541.11,913.5,Not Zero Sales,0.0,Medium 25-99,1
SKU01369,Sample Product 01369,Blocked,2026-03,176.04,0.319,Personal Care,Oral Care,MFG011,Manufacturer 011,SUP008,Supplier 008,REG-347746,Generic Ingredient 006,General Sale,45,25,0,4401.0,1403.92,0.0,Not Zero Sales,0.0,High 100-299,0
SKU01370,Sample Product 01370,Active,2026-03,57.15,0.508,Personal Care,Hair Care,MFG015,Manufacturer 015,SUP003,Supplier 003,REG-920581,Generic Ingredient 087,Pharmacy Only,110,56,13,3200.4,1625.8,742.95,Not Zero Sales,0.0,Medium 25-99,1
SKU01371,Sample Product 01371,Active,2026-06,15.8,0.178,Nutrition,Sports Nutrition,MFG012,Manufacturer 012,SUP006,Supplier 006,REG-567279,Generic Ingredient 129,General Sale,51,10,0,158.0,28.12,0.0,Not Zero Sales,0.0,Low < 25,1
SKU01372,Sample Product 01372,Active,2026-05,37.88,0.251,Medical Devices,Mobility Aids,MFG004,Manufacturer 004,SUP011,Supplier 011,REG-330127,Generic Ingredient 008,Pharmacy Only,87,32,9,1212.16,304.25,340.92,Not Zero Sales,0.0,Medium 25-99,1
SKU01373,Sample Product 01373,Active,2026-05,209.81,0.415,Nutrition,Hydration,MFG011,Manufacturer 011,SUP026,Supplier 026,REG-874702,Generic Ingredient 104,General Sale,17,20,0,4196.2,1741.42,0.0,Not Zero Sales,0.0,High 100-299,1
SKU01374,Sample Product 01374,Active,2026-04,552.0,0.242,Personal Care,Hygiene,MFG014,Manufacturer 014,SUP025,Supplier 025,REG-288753,Generic Ingredient 102,General Sale,68,58,0,32016.0,7747.87,0.0,Not Zero Sales,0.0,Premium 300+,1
SKU01375,Sample Product 01375,Active,2026-02,237.63,0.294,Medical Devices,First Aid,MFG019,Manufacturer 019,SUP003,Supplier 003,REG-971651,Generic Ingredient 028,General Sale,74,0,28,0.0,0.0,6653.64,Active Zero Sales,6653.64,High 100-299,1
SKU01376,Sample Product 01376,Active,2026-03,56.75,0.289,Medical Devices,First Aid,MFG010,Manufacturer 010,SUP023,Supplier 023,REG-932929,Generic Ingredient 108,General Sale,105,47,8,2667.25,770.84,454.0,Not Zero Sales,0.0,Medium 25-99,1
SKU01377,Sample Product 01377,Active,2026-02,19.32,0.239,Nutrition,Sports Nutrition,MFG012,Manufacturer 012,SUP030,Supplier 030,REG-521722,Generic Ingredient 107,General Sale,10,7,13,135.24,32.32,251.16,Not Zero Sales,0.0,Low < 25,1
SKU01378,Sample Product 01378,Blocked,2026-03,91.67,0.32,Personal Care,Skin Care,MFG010,Manufacturer 010,SUP003,Supplier 003,REG-931423,Generic Ingredient 095,Pharmacy Only,0,0,0,0.0,0.0,0.0,Not Zero Sales,0.0,Medium 25-99,0
SKU01379,Sample Product 01379,Active,2026-01,54.99,0.414,General Merchandise,Accessories,MFG015,Manufacturer 015,SUP024,Supplier 024,REG-572823,Generic Ingredient 062,Pharmacy Only,104,53,16,2914.47,1206.59,879.84,Not Zero Sales,0.0,Medium 25-99,1
SKU01380,Sample Product 01380,Blocked,2026-04,35.98,0.284,Medical Devices,Home Diagnostics,MFG003,Manufacturer 003,SUP003,Supplier 003,REG-345247,Generic Ingredient 167,General Sale,48,11,0,395.78,112.4,0.0,Not Zero Sales,0.0,Medium 25-99,0
SKU01381,Sample Product 01381,Active,2026-03,395.93,0.27,OTC & Wellness,Pain Relief,MFG008,Manufacturer 008,SUP008,Supplier 008,REG-137768,Generic Ingredient 119,General Sale,23,25,7,9898.25,2672.53,2771.51,Not Zero Sales,0.0,Premium 300+,1
SKU01382,Sample Product 01382,Active,2026-03,36.93,0.418,OTC & Wellness,Cold & Allergy,MFG003,Manufacturer 003,SUP004,Supplier 004,REG-467626,Generic Ingredient 178,General Sale,14,11,0,406.23,169.8,0.0,Not Zero Sales,0.0,Medium 25-99,1
SKU01383,Sample Product 01383,Active,2026-01,78.09,0.419,Personal Care,Oral Care,MFG007,Manufacturer 007,SUP027,Supplier 027,REG-402783,Generic Ingredient 158,General Sale,49,39,15,3045.51,1276.07,1171.35,Not Zero Sales,0.0,Medium 25-99,1
SKU01384,Sample Product 01384,Active,2026-06,217.02,0.352,Personal Care,Skin Care,MFG015,Manufacturer 015,SUP008,Supplier 008,REG-105492,Generic Ingredient 069,Restricted Sale,68,19,8,4123.38,1451.43,1736.16,Not Zero Sales,0.0,High 100-299,1
SKU01385,Sample Product 01385,Active,2026-02,41.1,0.36,General Merchandise,Accessories,MFG005,Manufacturer 005,SUP025,Supplier 025,REG-457007,Generic Ingredient 124,General Sale,24,18,0,739.8,266.33,0.0,Not Zero Sales,0.0,Medium 25-99,1
SKU01386,Sample Product 01386,Active,2026-01,20.29,0.341,OTC & Wellness,Cold & Allergy,MFG008,Manufacturer 008,SUP017,Supplier 017,REG-616448,Generic Ingredient 161,General Sale,27,0,32,0.0,0.0,649.28,Active Zero Sales,649.28,Low < 25,1
SKU01387,Sample Product 01387,Active,2026-06,40.22,0.378,Personal Care,Hair Care,MFG010,Manufacturer 010,SUP026,Supplier 026,REG-580086,Generic Ingredient 116,General Sale,61,8,19,321.76,121.63,764.18,Not Zero Sales,0.0,Medium 25-99,1
SKU01388,Sample Product 01388,Active,2026-05,10.21,0.376,OTC & Wellness,Cold & Allergy,MFG009,Manufacturer 009,SUP027,Supplier 027,REG-236700,Generic Ingredient 177,Pharmacy Only,75,62,12,633.02,238.02,122.52,Not Zero Sales,0.0,Low < 25,1
SKU01389,Sample Product 01389,Blocked,2026-01,299.37,0.323,OTC & Wellness,Cold & Allergy,MFG012,Manufacturer 012,SUP002,Supplier 002,REG-888859,Generic Ingredient 002,General Sale,0,0,0,0.0,0.0,0.0,Not Zero Sales,0.0,High 100-299,0
SKU01390,Sample Product 01390,Active,2026-03,17.84,0.526,Personal Care,Oral Care,MFG015,Manufacturer 015,SUP017,Supplier 017,REG-302108,Generic Ingredient 159,General Sale,69,0,53,0.0,0.0,945.52,Active Zero Sales,945.52,Low < 25,1
SKU01391,Sample Product 01391,Active,2026-01,48.34,0.252,General Merchandise,Travel Health,MFG001,Manufacturer 001,SUP019,Supplier 019,REG-589930,Generic Ingredient 063,General Sale,25,0,18,0.0,0.0,870.12,Active Zero Sales,870.12,Medium 25-99,1
SKU01392,Sample Product 01392,Blocked,2026-05,165.59,0.211,Nutrition,Sports Nutrition,MFG005,Manufacturer 005,SUP001,Supplier 001,REG-556504,Generic Ingredient 062,General Sale,0,0,0,0.0,0.0,0.0,Not Zero Sales,0.0,High 100-299,0
SKU01393,Sample Product 01393,Active,2026-05,202.39,0.425,Personal Care,Skin Care,MFG007,Manufacturer 007,SUP030,Supplier 030,REG-958950,Generic Ingredient 031,General Sale,112,51,21,10321.89,4386.8,4250.19,Not Zero Sales,0.0,High 100-299,1
SKU01394,Sample Product 01394,Active,2026-04,103.66,0.252,General Merchandise,Travel Health,MFG014,Manufacturer 014,SUP019,Supplier 019,REG-647594,Generic Ingredient 048,General Sale,46,11,15,1140.26,287.35,1554.9,Not Zero Sales,0.0,High 100-299,1
SKU01395,Sample Product 01395,Active,2026-03,20.9,0.453,Personal Care,Skin Care,MFG005,Manufacturer 005,SUP021,Supplier 021,REG-319460,Generic Ingredient 068,General Sale,37,6,4,125.4,56.81,83.6,Not Zero Sales,0.0,Low < 25,1
SKU01396,Sample Product 01396,Active,2026-06,36.1,0.212,OTC & Wellness,Digestive Care,MFG002,Manufacturer 002,SUP020,Supplier 020,REG-741107,Generic Ingredient 005,General Sale,94,35,22,1263.5,267.86,794.2,Not Zero Sales,0.0,Medium 25-99,1
SKU01397,Sample Product 01397,Active,2026-03,12.37,0.416,Personal Care,Hygiene,MFG008,Manufacturer 008,SUP002,Supplier 002,REG-575437,Generic Ingredient 111,Restricted Sale,84,34,36,420.58,174.96,445.32,Not Zero Sales,0.0,Low < 25,1
SKU01398,Sample Product 01398,Active,2026-02,52.73,0.253,General Merchandise,Travel Health,MFG004,Manufacturer 004,SUP019,Supplier 019,REG-377828,Generic Ingredient 128,General Sale,145,75,29,3954.75,1000.55,1529.17,Not Zero Sales,0.0,Medium 25-99,1
SKU01399,Sample Product 01399,Active,2026-01,7.84,0.37,OTC & Wellness,Vitamins,MFG018,Manufacturer 018,SUP011,Supplier 011,REG-468931,Generic Ingredient 121,General Sale,27,17,5,133.28,49.31,39.2,Not Zero Sales,0.0,Low < 25,1
SKU01400,Sample Product 01400,Active,2026-02,414.45,0.381,OTC & Wellness,Pain Relief,MFG015,Manufacturer 015,SUP002,Supplier 002,REG-168055,Generic Ingredient 142,General Sale,54,18,8,7460.1,2842.3,3315.6,Not Zero Sales,0.0,Premium 300+,1
SKU01401,Sample Product 01401,Active,2026-05,75.53,0.304,General Merchandise,Accessories,MFG014,Manufacturer 014,SUP016,Supplier 016,REG-110842,Generic Ingredient 148,General Sale,80,22,13,1661.66,505.14,981.89,Not Zero Sales,0.0,Medium 25-99,1
SKU01402,Sample Product 01402,Active,2026-01,207.43,0.342,General Merchandise,Baby Essentials,MFG019,Manufacturer 019,SUP008,Supplier 008,REG-857817,Generic Ingredient 110,General Sale,66,23,9,4770.89,1631.64,1866.87,Not Zero Sales,0.0,High 100-299,1
SKU01403,Sample Product 01403,Active,2026-03,89.98,0.237,Nutrition,Healthy Snacks,MFG020,Manufacturer 020,SUP029,Supplier 029,REG-657098,Generic Ingredient 048,General Sale,70,0,54,0.0,0.0,4858.92,Active Zero Sales,4858.92,Medium 25-99,1
SKU01404,Sample Product 01404,Active,2026-02,9.9,0.344,OTC & Wellness,Cold & Allergy,MFG009,Manufacturer 009,SUP026,Supplier 026,REG-492911,Generic Ingredient 040,General Sale,101,72,23,712.8,245.2,227.7,Not Zero Sales,0.0,Low < 25,1
SKU01405,Sample Product 01405,Active,2026-06,110.06,0.447,General Merchandise,Travel Health,MFG008,Manufacturer 008,SUP019,Supplier 019,REG-405518,Generic Ingredient 037,General Sale,7,8,0,880.48,393.57,0.0,Not Zero Sales,0.0,High 100-299,1
SKU01406,Sample Product 01406,Active,2026-06,6.32,0.361,Personal Care,Hygiene,MFG008,Manufacturer 008,SUP030,Supplier 030,REG-298669,Generic Ingredient 009,General Sale,125,80,2,505.6,182.52,12.64,Not Zero Sales,0.0,Low < 25,1
SKU01407,Sample Product 01407,Active,2026-06,50.61,0.215,Nutrition,Sports Nutrition,MFG009,Manufacturer 009,SUP024,Supplier 024,REG-765211,Generic Ingredient 019,General Sale,160,113,38,5718.93,1229.57,1923.18,Not Zero Sales,0.0,Medium 25-99,1
SKU01408,Sample Product 01408,Active,2026-03,75.29,0.256,Medical Devices,First Aid,MFG014,Manufacturer 014,SUP008,Supplier 008,REG-666105,Generic Ingredient 147,General Sale,45,38,16,2861.02,732.42,1204.64,Not Zero Sales,0.0,Medium 25-99,1
SKU01409,Sample Product 01409,Active,2026-06,68.09,0.342,Personal Care,Hygiene,MFG017,Manufacturer 017,SUP011,Supplier 011,REG-422988,Generic Ingredient 034,General Sale,44,23,20,1566.07,535.6,1361.8,Not Zero Sales,0.0,Medium 25-99,1
SKU01410,Sample Product 01410,Blocked,2026-04,116.77,0.362,Medical Devices,Monitoring Supplies,MFG002,Manufacturer 002,SUP025,Supplier 025,REG-556579,Generic Ingredient 166,General Sale,35,0,6,0.0,0.0,700.62,Not Zero Sales,0.0,High 100-299,0
SKU01411,Sample Product 01411,Blocked,2026-01,55.5,0.317,OTC & Wellness,Digestive Care,MFG001,Manufacturer 001,SUP024,Supplier 024,REG-367220,Generic Ingredient 124,General Sale,4,10,0,555.0,175.94,0.0,Not Zero Sales,0.0,Medium 25-99,0
SKU01412,Sample Product 01412,Blocked,2026-02,11.01,0.366,General Merchandise,Seasonal Care,MFG017,Manufacturer 017,SUP021,Supplier 021,REG-209780,Generic Ingredient 049,Pharmacy Only,49,6,0,66.06,24.18,0.0,Not Zero Sales,0.0,Low < 25,0
SKU01413,Sample Product 01413,Active,2026-02,43.03,0.332,General Merchandise,Baby Essentials,MFG013,Manufacturer 013,SUP010,Supplier 010,REG-909839,Generic Ingredient 013,Pharmacy Only,56,36,28,1549.08,514.29,1204.84,Not Zero Sales,0.0,Medium 25-99,1
SKU01414,Sample Product 01414,Active,2026-02,7.47,0.333,Nutrition,Adult Nutrition,MFG005,Manufacturer 005,SUP005,Supplier 005,REG-991019,Generic Ingredient 059,General Sale,22,9,17,67.23,22.39,126.99,Not Zero Sales,0.0,Low < 25,1
SKU01415,Sample Product 01415,Active,2026-06,14.0,0.192,Medical Devices,Mobility Aids,MFG010,Manufacturer 010,SUP011,Supplier 011,REG-460366,Generic Ingredient 109,General Sale,31,19,3,266.0,51.07,42.0,Not Zero Sales,0.0,Low < 25,1
SKU01416,Sample Product 01416,Active,2026-01,254.08,0.285,General Merchandise,Seasonal Care,MFG015,Manufacturer 015,SUP025,Supplier 025,REG-891623,Generic Ingredient 030,General Sale,115,53,23,13466.24,3837.88,5843.84,Not Zero Sales,0.0,High 100-299,1
SKU01417,Sample Product 01417,Active,2026-05,92.24,0.455,Personal Care,Hair Care,MFG014,Manufacturer 014,SUP021,Supplier 021,REG-941605,Generic Ingredient 060,General Sale,100,53,28,4888.72,2224.37,2582.72,Not Zero Sales,0.0,Medium 25-99,1
SKU01418,Sample Product 01418,Blocked,2026-04,68.23,0.336,Personal Care,Hair Care,MFG009,Manufacturer 009,SUP008,Supplier 008,REG-367154,Generic Ingredient 028,General Sale,2,0,0,0.0,0.0,0.0,Not Zero Sales,0.0,Medium 25-99,0
SKU01419,Sample Product 01419,Active,2026-02,357.48,0.39,Medical Devices,First Aid,MFG016,Manufacturer 016,SUP005,Supplier 005,REG-434320,Generic Ingredient 127,General Sale,61,40,4,14299.2,5576.69,1429.92,Not Zero Sales,0.0,Premium 300+,1
SKU01420,Sample Product 01420,Active,2026-06,23.38,0.425,Personal Care,Hair Care,MFG002,Manufacturer 002,SUP018,Supplier 018,REG-232434,Generic Ingredient 101,General Sale,76,25,22,584.5,248.41,514.36,Not Zero Sales,0.0,Low < 25,1
SKU01421,Sample Product 01421,Active,2026-04,79.38,0.382,Personal Care,Hair Care,MFG013,Manufacturer 013,SUP019,Supplier 019,REG-381618,Generic Ingredient 056,General Sale,38,15,15,1190.7,454.85,1190.7,Not Zero Sales,0.0,Medium 25-99,1
SKU01422,Sample Product 01422,Active,2026-06,15.57,0.383,Personal Care,Hygiene,MFG010,Manufacturer 010,SUP019,Supplier 019,REG-738044,Generic Ingredient 150,General Sale,45,14,10,217.98,83.49,155.7,Not Zero Sales,0.0,Low < 25,1
SKU01423,Sample Product 01423,Active,2026-05,176.62,0.251,General Merchandise,Travel Health,MFG015,Manufacturer 015,SUP019,Supplier 019,REG-165337,Generic Ingredient 086,General Sale,202,112,44,19781.44,4965.14,7771.28,Not Zero Sales,0.0,High 100-299,1
SKU01424,Sample Product 01424,Active,2026-04,14.64,0.493,OTC & Wellness,Pain Relief,MFG014,Manufacturer 014,SUP004,Supplier 004,REG-776254,Generic Ingredient 133,Pharmacy Only,90,48,34,702.72,346.44,497.76,Not Zero Sales,0.0,Low < 25,1
SKU01425,Sample Product 01425,Blocked,2026-03,52.2,0.294,Personal Care,Hair Care,MFG018,Manufacturer 018,SUP002,Supplier 002,REG-288183,Generic Ingredient 077,General Sale,42,0,0,0.0,0.0,0.0,Not Zero Sales,0.0,Medium 25-99,0
SKU01426,Sample Product 01426,Active,2026-06,57.09,0.292,Nutrition,Adult Nutrition,MFG016,Manufacturer 016,SUP026,Supplier 026,REG-347012,Generic Ingredient 073,General Sale,17,0,19,0.0,0.0,1084.71,Active Zero Sales,1084.71,Medium 25-99,1
SKU01427,Sample Product 01427,Active,2026-01,44.85,0.179,Nutrition,Hydration,MFG003,Manufacturer 003,SUP015,Supplier 015,REG-662649,Generic Ingredient 083,General Sale,16,16,1,717.6,128.45,44.85,Not Zero Sales,0.0,Medium 25-99,1
SKU01428,Sample Product 01428,Active,2026-01,113.21,0.426,Personal Care,Hair Care,MFG018,Manufacturer 018,SUP006,Supplier 006,REG-441291,Generic Ingredient 095,Pharmacy Only,133,69,22,7811.49,3327.69,2490.62,Not Zero Sales,0.0,High 100-299,1
SKU01429,Sample Product 01429,Blocked,2026-03,21.5,0.334,Medical Devices,Home Diagnostics,MFG004,Manufacturer 004,SUP003,Supplier 003,REG-453923,Generic Ingredient 030,Pharmacy Only,31,0,0,0.0,0.0,0.0,Not Zero Sales,0.0,Low < 25,0
SKU01430,Sample Product 01430,Active,2026-04,34.1,0.349,Nutrition,Healthy Snacks,MFG020,Manufacturer 020,SUP028,Supplier 028,REG-286165,Generic Ingredient 157,General Sale,16,24,0,818.4,285.62,0.0,Not Zero Sales,0.0,Medium 25-99,1
SKU01431,Sample Product 01431,Active,2026-01,218.17,0.34,Nutrition,Sports Nutrition,MFG014,Manufacturer 014,SUP018,Supplier 018,REG-574134,Generic Ingredient 087,General Sale,141,70,24,15271.9,5192.45,5236.08,Not Zero Sales,0.0,High 100-299,1
SKU01432,Sample Product 01432,Active,2026-04,33.09,0.524,Personal Care,Hair Care,MFG006,Manufacturer 006,SUP023,Supplier 023,REG-659315,Generic Ingredient 047,Restricted Sale,63,49,1,1621.41,849.62,33.09,Not Zero Sales,0.0,Medium 25-99,1
SKU01433,Sample Product 01433,Blocked,2026-01,94.53,0.296,Medical Devices,First Aid,MFG009,Manufacturer 009,SUP030,Supplier 030,REG-961065,Generic Ingredient 145,Pharmacy Only,7,0,0,0.0,0.0,0.0,Not Zero Sales,0.0,Medium 25-99,0
SKU01434,Sample Product 01434,Blocked,2026-01,51.5,0.203,Nutrition,Healthy Snacks,MFG002,Manufacturer 002,SUP010,Supplier 010,REG-410347,Generic Ingredient 106,General Sale,32,0,0,0.0,0.0,0.0,Not Zero Sales,0.0,Medium 25-99,0
SKU01435,Sample Product 01435,Active,2026-04,96.61,0.404,Personal Care,Hair Care,MFG008,Manufacturer 008,SUP022,Supplier 022,REG-922490,Generic Ingredient 136,General Sale,156,113,44,10916.93,4410.44,4250.84,Not Zero Sales,0.0,Medium 25-99,1
SKU01436,Sample Product 01436,Active,2026-02,15.63,0.325,General Merchandise,Seasonal Care,MFG016,Manufacturer 016,SUP012,Supplier 012,REG-962977,Generic Ingredient 035,Pharmacy Only,72,51,18,797.13,259.07,281.34,Not Zero Sales,0.0,Low < 25,1
SKU01437,Sample Product 01437,Active,2026-03,10.94,0.346,Nutrition,Adult Nutrition,MFG010,Manufacturer 010,SUP029,Supplier 029,REG-359190,Generic Ingredient 172,Pharmacy Only,132,73,28,798.62,276.32,306.32,Not Zero Sales,0.0,Low < 25,1
SKU01438,Sample Product 01438,Active,2026-03,4.24,0.382,OTC & Wellness,Vitamins,MFG017,Manufacturer 017,SUP014,Supplier 014,REG-992687,Generic Ingredient 097,Pharmacy Only,289,202,72,856.48,327.18,305.28,Not Zero Sales,0.0,Low < 25,1
SKU01439,Sample Product 01439,Active,2026-04,45.54,0.353,Nutrition,Sports Nutrition,MFG016,Manufacturer 016,SUP001,Supplier 001,REG-854267,Generic Ingredient 134,General Sale,95,27,24,1229.58,434.04,1092.96,Not Zero Sales,0.0,Medium 25-99,1
SKU01440,Sample Product 01440,Active,2026-03,129.45,0.257,Medical Devices,First Aid,MFG005,Manufacturer 005,SUP011,Supplier 011,REG-335905,Generic Ingredient 074,Pharmacy Only,65,6,30,776.7,199.61,3883.5,Not Zero Sales,0.0,High 100-299,1
SKU01441,Sample Product 01441,Blocked,2026-05,226.89,0.54,Personal Care,Hair Care,MFG018,Manufacturer 018,SUP022,Supplier 022,REG-113385,Generic Ingredient 077,General Sale,64,27,0,6126.03,3308.06,0.0,Not Zero Sales,0.0,High 100-299,0
SKU01442,Sample Product 01442,Active,2026-05,74.99,0.33,Nutrition,Hydration,MFG006,Manufacturer 006,SUP029,Supplier 029,REG-521600,Generic Ingredient 106,General Sale,18,9,0,674.91,222.72,0.0,Not Zero Sales,0.0,Medium 25-99,1
SKU01443,Sample Product 01443,Active,2026-04,593.13,0.315,OTC & Wellness,Cold & Allergy,MFG004,Manufacturer 004,SUP015,Supplier 015,REG-345049,Generic Ingredient 094,General Sale,53,14,21,8303.82,2615.7,12455.73,Not Zero Sales,0.0,Premium 300+,1
SKU01444,Sample Product 01444,Blocked,2026-06,62.8,0.309,Medical Devices,Home Diagnostics,MFG009,Manufacturer 009,SUP003,Supplier 003,REG-912325,Generic Ingredient 107,General Sale,9,0,0,0.0,0.0,0.0,Not Zero Sales,0.0,Medium 25-99,0
SKU01445,Sample Product 01445,Active,2026-06,54.68,0.424,Personal Care,Hygiene,MFG010,Manufacturer 010,SUP013,Supplier 013,REG-833349,Generic Ingredient 166,General Sale,117,68,25,3718.24,1576.53,1367.0,Not Zero Sales,0.0,Medium 25-99,1
SKU01446,Sample Product 01446,Active,2026-01,208.46,0.328,General Merchandise,Baby Essentials,MFG013,Manufacturer 013,SUP014,Supplier 014,REG-426433,Generic Ingredient 120,Pharmacy Only,26,24,10,5003.04,1641.0,2084.6,Not Zero Sales,0.0,High 100-299,1
SKU01447,Sample Product 01447,Active,2026-01,20.39,0.444,General Merchandise,Accessories,MFG002,Manufacturer 002,SUP011,Supplier 011,REG-916831,Generic Ingredient 102,Pharmacy Only,35,10,6,203.9,90.53,122.34,Not Zero Sales,0.0,Low < 25,1
SKU01448,Sample Product 01448,Active,2026-04,55.45,0.334,Medical Devices,Monitoring Supplies,MFG005,Manufacturer 005,SUP030,Supplier 030,REG-377499,Generic Ingredient 091,Pharmacy Only,44,5,19,277.25,92.6,1053.55,Not Zero Sales,0.0,Medium 25-99,1
SKU01449,Sample Product 01449,Active,2026-05,66.5,0.37,Personal Care,Hygiene,MFG013,Manufacturer 013,SUP002,Supplier 002,REG-646547,Generic Ingredient 078,General Sale,80,41,0,2726.5,1008.81,0.0,Not Zero Sales,0.0,Medium 25-99,1
SKU01450,Sample Product 01450,Active,2026-06,89.25,0.369,OTC & Wellness,Vitamins,MFG003,Manufacturer 003,SUP011,Supplier 011,REG-440236,Generic Ingredient 155,General Sale,77,0,58,0.0,0.0,5176.5,Active Zero Sales,5176.5,Medium 25-99,1
SKU01451,Sample Product 01451,Blocked,2026-03,40.31,0.327,General Merchandise,Travel Health,MFG015,Manufacturer 015,SUP019,Supplier 019,REG-770455,Generic Ingredient 078,Pharmacy Only,47,0,0,0.0,0.0,0.0,Not Zero Sales,0.0,Medium 25-99,0
SKU01452,Sample Product 01452,Active,2026-06,44.1,0.325,Nutrition,Sports Nutrition,MFG017,Manufacturer 017,SUP001,Supplier 001,REG-622760,Generic Ingredient 105,General Sale,74,26,21,1146.6,372.65,926.1,Not Zero Sales,0.0,Medium 25-99,1
SKU01453,Sample Product 01453,Active,2026-02,92.74,0.42,Medical Devices,Monitoring Supplies,MFG005,Manufacturer 005,SUP024,Supplier 024,REG-287028,Generic Ingredient 081,Pharmacy Only,158,83,42,7697.42,3232.92,3895.08,Not Zero Sales,0.0,Medium 25-99,1
SKU01454,Sample Product 01454,Active,2026-01,80.17,0.278,Medical Devices,Home Diagnostics,MFG014,Manufacturer 014,SUP003,Supplier 003,REG-493664,Generic Ingredient 104,General Sale,32,7,15,561.19,156.01,1202.55,Not Zero Sales,0.0,Medium 25-99,1
SKU01455,Sample Product 01455,Blocked,2026-06,11.14,0.329,Medical Devices,Monitoring Supplies,MFG010,Manufacturer 010,SUP002,Supplier 002,REG-835088,Generic Ingredient 016,General Sale,46,0,0,0.0,0.0,0.0,Not Zero Sales,0.0,Low < 25,0
SKU01456,Sample Product 01456,Active,2026-01,168.12,0.388,Personal Care,Hygiene,MFG004,Manufacturer 004,SUP001,Supplier 001,REG-178086,Generic Ingredient 026,Pharmacy Only,68,25,0,4203.0,1630.76,0.0,Not Zero Sales,0.0,High 100-299,1
SKU01457,Sample Product 01457,Blocked,2026-01,65.64,0.416,General Merchandise,Baby Essentials,MFG020,Manufacturer 020,SUP025,Supplier 025,REG-416411,Generic Ingredient 020,General Sale,40,23,5,1509.72,628.04,328.2,Not Zero Sales,0.0,Medium 25-99,0
SKU01458,Sample Product 01458,Active,2026-06,54.57,0.26,Medical Devices,First Aid,MFG007,Manufacturer 007,SUP027,Supplier 027,REG-817601,Generic Ingredient 068,General Sale,164,79,39,4311.03,1120.87,2128.23,Not Zero Sales,0.0,Medium 25-99,1
SKU01459,Sample Product 01459,Active,2026-02,14.74,0.348,Personal Care,Oral Care,MFG016,Manufacturer 016,SUP017,Supplier 017,REG-712123,Generic Ingredient 169,Pharmacy Only,41,9,0,132.66,46.17,0.0,Not Zero Sales,0.0,Low < 25,1
SKU01460,Sample Product 01460,Active,2026-01,227.95,0.544,General Merchandise,Accessories,MFG004,Manufacturer 004,SUP018,Supplier 018,REG-309254,Generic Ingredient 119,General Sale,102,65,23,14816.75,8060.31,5242.85,Not Zero Sales,0.0,High 100-299,1
SKU01461,Sample Product 01461,Active,2026-05,62.73,0.319,OTC & Wellness,Pain Relief,MFG014,Manufacturer 014,SUP015,Supplier 015,REG-705488,Generic Ingredient 109,General Sale,39,17,0,1066.41,340.18,0.0,Not Zero Sales,0.0,Medium 25-99,1
SKU01462,Sample Product 01462,Active,2026-03,12.82,0.39,OTC & Wellness,Pain Relief,MFG007,Manufacturer 007,SUP027,Supplier 027,REG-334137,Generic Ingredient 011,Pharmacy Only,45,25,9,320.5,125.0,115.38,Not Zero Sales,0.0,Low < 25,1
SKU01463,Sample Product 01463,Active,2026-06,177.62,0.247,Medical Devices,First Aid,MFG018,Manufacturer 018,SUP004,Supplier 004,REG-362440,Generic Ingredient 134,Pharmacy Only,98,41,16,7282.42,1798.76,2841.92,Not Zero Sales,0.0,High 100-299,1
SKU01464,Sample Product 01464,Active,2026-05,19.89,0.376,General Merchandise,Travel Health,MFG013,Manufacturer 013,SUP019,Supplier 019,REG-592709,Generic Ingredient 013,General Sale,52,5,7,99.45,37.39,139.23,Not Zero Sales,0.0,Low < 25,1
SKU01465,Sample Product 01465,Blocked,2026-03,12.37,0.198,Medical Devices,Home Diagnostics,MFG011,Manufacturer 011,SUP003,Supplier 003,REG-593433,Generic Ingredient 018,General Sale,4,0,0,0.0,0.0,0.0,Not Zero Sales,0.0,Low < 25,0
SKU01466,Sample Product 01466,Active,2026-02,15.88,0.253,Medical Devices,Home Diagnostics,MFG013,Manufacturer 013,SUP003,Supplier 003,REG-762190,Generic Ingredient 152,General Sale,60,29,0,460.52,116.51,0.0,Not Zero Sales,0.0,Low < 25,1
SKU01467,Sample Product 01467,Active,2026-01,12.69,0.311,Nutrition,Adult Nutrition,MFG010,Manufacturer 010,SUP001,Supplier 001,REG-817288,Generic Ingredient 180,General Sale,28,12,16,152.28,47.36,203.04,Not Zero Sales,0.0,Low < 25,1
SKU01468,Sample Product 01468,Active,2026-02,218.52,0.263,OTC & Wellness,Vitamins,MFG019,Manufacturer 019,SUP001,Supplier 001,REG-577832,Generic Ingredient 078,General Sale,47,36,17,7866.72,2068.95,3714.84,Not Zero Sales,0.0,High 100-299,1
SKU01469,Sample Product 01469,Active,2026-02,64.71,0.267,Medical Devices,Home Diagnostics,MFG012,Manufacturer 012,SUP003,Supplier 003,REG-985837,Generic Ingredient 154,General Sale,36,0,14,0.0,0.0,905.94,Active Zero Sales,905.94,Medium 25-99,1
SKU01470,Sample Product 01470,Active,2026-02,249.68,0.381,General Merchandise,Seasonal Care,MFG020,Manufacturer 020,SUP023,Supplier 023,REG-172865,Generic Ingredient 146,General Sale,124,54,30,13482.72,5136.92,7490.4,Not Zero Sales,0.0,High 100-299,1
SKU01471,Sample Product 01471,Active,2026-03,84.49,0.36,OTC & Wellness,Digestive Care,MFG017,Manufacturer 017,SUP001,Supplier 001,REG-863097,Generic Ingredient 048,General Sale,14,0,5,0.0,0.0,422.45,Active Zero Sales,422.45,Medium 25-99,1
SKU01472,Sample Product 01472,Active,2026-06,22.84,0.216,Medical Devices,First Aid,MFG020,Manufacturer 020,SUP027,Supplier 027,REG-369550,Generic Ingredient 144,General Sale,85,19,19,433.96,93.74,433.96,Not Zero Sales,0.0,Low < 25,1
SKU01473,Sample Product 01473,Active,2026-03,41.85,0.293,Personal Care,Oral Care,MFG011,Manufacturer 011,SUP018,Supplier 018,REG-928738,Generic Ingredient 006,General Sale,21,12,16,502.2,147.14,669.6,Not Zero Sales,0.0,Medium 25-99,1
SKU01474,Sample Product 01474,Active,2026-03,33.04,0.368,Personal Care,Hair Care,MFG009,Manufacturer 009,SUP002,Supplier 002,REG-831439,Generic Ingredient 028,General Sale,20,15,0,495.6,182.38,0.0,Not Zero Sales,0.0,Medium 25-99,1
SKU01475,Sample Product 01475,Active,2026-01,17.51,0.404,Nutrition,Sports Nutrition,MFG007,Manufacturer 007,SUP017,Supplier 017,REG-416304,Generic Ingredient 059,General Sale,74,42,28,735.42,297.11,490.28,Not Zero Sales,0.0,Low < 25,1
SKU01476,Sample Product 01476,Active,2026-05,41.67,0.294,General Merchandise,Accessories,MFG013,Manufacturer 013,SUP011,Supplier 011,REG-796907,Generic Ingredient 069,General Sale,43,27,7,1125.09,330.78,291.69,Not Zero Sales,0.0,Medium 25-99,1
SKU01477,Sample Product 01477,Active,2026-03,97.95,0.32,Nutrition,Adult Nutrition,MFG018,Manufacturer 018,SUP015,Supplier 015,REG-430630,Generic Ingredient 098,General Sale,84,47,15,4603.65,1473.17,1469.25,Not Zero Sales,0.0,Medium 25-99,1
SKU01478,Sample Product 01478,Active,2026-04,533.94,0.442,Personal Care,Skin Care,MFG011,Manufacturer 011,SUP009,Supplier 009,REG-337257,Generic Ingredient 155,Pharmacy Only,39,10,14,5339.4,2360.01,7475.16,Not Zero Sales,0.0,Premium 300+,1
SKU01479,Sample Product 01479,Active,2026-01,109.75,0.28,Medical Devices,Home Diagnostics,MFG020,Manufacturer 020,SUP003,Supplier 003,REG-867950,Generic Ingredient 025,General Sale,83,31,19,3402.25,952.63,2085.25,Not Zero Sales,0.0,High 100-299,1
SKU01480,Sample Product 01480,Active,2026-05,11.12,0.286,Nutrition,Hydration,MFG010,Manufacturer 010,SUP008,Supplier 008,REG-859338,Generic Ingredient 147,General Sale,37,43,3,478.16,136.75,33.36,Not Zero Sales,0.0,Low < 25,1
SKU01481,Sample Product 01481,Active,2026-04,84.11,0.234,Medical Devices,Mobility Aids,MFG015,Manufacturer 015,SUP011,Supplier 011,REG-501897,Generic Ingredient 073,General Sale,62,25,12,2102.75,492.04,1009.32,Not Zero Sales,0.0,Medium 25-99,1
SKU01482,Sample Product 01482,Blocked,2026-01,484.19,0.462,General Merchandise,Accessories,MFG009,Manufacturer 009,SUP026,Supplier 026,REG-736056,Generic Ingredient 175,General Sale,41,0,0,0.0,0.0,0.0,Not Zero Sales,0.0,Premium 300+,0
SKU01483,Sample Product 01483,Active,2026-03,30.03,0.187,OTC & Wellness,Vitamins,MFG007,Manufacturer 007,SUP008,Supplier 008,REG-930431,Generic Ingredient 160,General Sale,98,28,23,840.84,157.24,690.69,Not Zero Sales,0.0,Medium 25-99,1
SKU01484,Sample Product 01484,Active,2026-04,546.57,0.396,OTC & Wellness,Vitamins,MFG011,Manufacturer 011,SUP028,Supplier 028,REG-591490,Generic Ingredient 166,General Sale,23,0,15,0.0,0.0,8198.55,Active Zero Sales,8198.55,Premium 300+,1
SKU01485,Sample Product 01485,Active,2026-02,48.9,0.348,General Merchandise,Accessories,MFG013,Manufacturer 013,SUP011,Supplier 011,REG-828015,Generic Ingredient 116,General Sale,57,34,16,1662.6,578.58,782.4,Not Zero Sales,0.0,Medium 25-99,1
SKU01486,Sample Product 01486,Active,2026-06,205.25,0.391,Nutrition,Hydration,MFG008,Manufacturer 008,SUP030,Supplier 030,REG-448295,Generic Ingredient 143,General Sale,92,0,48,0.0,0.0,9852.0,Active Zero Sales,9852.0,High 100-299,1
SKU01487,Sample Product 01487,Active,2026-06,75.5,0.225,Nutrition,Healthy Snacks,MFG009,Manufacturer 009,SUP004,Supplier 004,REG-876254,Generic Ingredient 155,General Sale,67,11,15,830.5,186.86,1132.5,Not Zero Sales,0.0,Medium 25-99,1
SKU01488,Sample Product 01488,Active,2026-04,92.33,0.222,Nutrition,Adult Nutrition,MFG020,Manufacturer 020,SUP010,Supplier 010,REG-571774,Generic Ingredient 118,Pharmacy Only,24,13,15,1200.29,266.46,1384.95,Not Zero Sales,0.0,Medium 25-99,1
SKU01489,Sample Product 01489,Active,2026-04,8.5,0.189,OTC & Wellness,Pain Relief,MFG009,Manufacturer 009,SUP021,Supplier 021,REG-932357,Generic Ingredient 024,General Sale,54,36,3,306.0,57.83,25.5,Not Zero Sales,0.0,Low < 25,1
SKU01490,Sample Product 01490,Active,2026-06,61.41,0.251,Nutrition,Adult Nutrition,MFG014,Manufacturer 014,SUP008,Supplier 008,REG-903965,Generic Ingredient 034,General Sale,61,17,10,1043.97,262.04,614.1,Not Zero Sales,0.0,Medium 25-99,1
SKU01491,Sample Product 01491,Active,2026-02,15.19,0.307,General Merchandise,Travel Health,MFG002,Manufacturer 002,SUP019,Supplier 019,REG-370441,Generic Ingredient 064,General Sale,105,46,30,698.74,214.51,455.7,Not Zero Sales,0.0,Low < 25,1
SKU01492,Sample Product 01492,Active,2026-04,273.43,0.354,General Merchandise,Accessories,MFG001,Manufacturer 001,SUP013,Supplier 013,REG-273228,Generic Ingredient 159,General Sale,45,32,0,8749.76,3097.42,0.0,Not Zero Sales,0.0,High 100-299,1
SKU01493,Sample Product 01493,Active,2026-05,94.86,0.251,Nutrition,Hydration,MFG016,Manufacturer 016,SUP010,Supplier 010,REG-120373,Generic Ingredient 073,General Sale,60,38,0,3604.68,904.77,0.0,Not Zero Sales,0.0,Medium 25-99,1
SKU01494,Sample Product 01494,Active,2026-01,53.67,0.46,Personal Care,Oral Care,MFG017,Manufacturer 017,SUP016,Supplier 016,REG-385261,Generic Ingredient 146,Pharmacy Only,61,20,0,1073.4,493.76,0.0,Not Zero Sales,0.0,Medium 25-99,1
SKU01495,Sample Product 01495,Active,2026-02,7.81,0.307,OTC & Wellness,Cold & Allergy,MFG019,Manufacturer 019,SUP027,Supplier 027,REG-838713,Generic Ingredient 047,General Sale,56,0,64,0.0,0.0,499.84,Active Zero Sales,499.84,Low < 25,1
SKU01496,Sample Product 01496,Active,2026-01,91.64,0.406,General Merchandise,Travel Health,MFG009,Manufacturer 009,SUP019,Supplier 019,REG-548889,Generic Ingredient 079,General Sale,69,47,3,4307.08,1748.67,274.92,Not Zero Sales,0.0,Medium 25-99,1
SKU01497,Sample Product 01497,Active,2026-04,131.35,0.09,Nutrition,Hydration,MFG019,Manufacturer 019,SUP011,Supplier 011,REG-410572,Generic Ingredient 002,Pharmacy Only,72,16,17,2101.6,189.14,2232.95,Not Zero Sales,0.0,High 100-299,1
SKU01498,Sample Product 01498,Active,2026-06,35.01,0.308,Personal Care,Oral Care,MFG014,Manufacturer 014,SUP028,Supplier 028,REG-405569,Generic Ingredient 055,General Sale,43,44,3,1540.44,474.46,105.03,Not Zero Sales,0.0,Medium 25-99,1
SKU01499,Sample Product 01499,Blocked,2026-05,53.43,0.46,General Merchandise,Travel Health,MFG003,Manufacturer 003,SUP019,Supplier 019,REG-429581,Generic Ingredient 010,General Sale,33,0,0,0.0,0.0,0.0,Not Zero Sales,0.0,Medium 25-99,0
SKU01500,Sample Product 01500,Active,2026-02,51.87,0.265,Medical Devices,Mobility Aids,MFG019,Manufacturer 019,SUP011,Supplier 011,REG-399977,Generic Ingredient 074,General Sale,30,12,8,622.44,164.95,414.96,Not Zero Sales,0.0,Medium 25-99,1
